date,group,title,link
2024.10.14,NewJeans,"방심위, 뉴진스 아이폰 간접광고 논란 SBS 인기가요 ‘의견진술’",http://www.edaily.co.kr/news/newspath.asp?newsid=03903206639052920
2024.10.14,NewJeans,"[단독] 고용부, ‘뉴진스 직장내 괴롭힘 논란’ 하이브에 “수평적 소통...",http://www.segye.com/newsView/20241014523089?OutUrl=naver
2024.10.14,NewJeans,"뉴진스 하니·어도어 대표,국정감사 동반 출석…공개석상서 만난다 [엑...",https://www.xportsnews.com/article/1916660
2024.10.14,NewJeans,“걱정 안 해도 돼! 뉴진스 지키겠어” 하니 국감 출석 D-1…證 “하이브...,https://news.heraldcorp.com/view.php?ud=20241014050083
2024.10.14,NewJeans,"뉴진스, 민희진 대표 해임→하반기 활동도 불투명…4분기 앨범 계획 없...",https://www.topstarnews.net/news/articleView.html?idxno=15555941
2024.10.14,NewJeans,"방심위, 뉴진스 아이폰 간접광고 논란 음악방송에 ‘의견진술’",https://www.joongang.co.kr/article/25284182
2024.10.14,IVE,전직 갤럭시 광고 모델들의 잇따른 경쟁사 핸드폰 인증샷...상도의 논란...,http://www.newsworker.co.kr/news/articleView.html?idxno=351338
2024.10.14,ITZY,"[게시판] 카카오페이, 걸그룹 'ITZY'와 콜라보 송금봉투 출시",https://www.yna.co.kr/view/AKR20241014105100017?input=1195m
2024.10.14,ITZY,"ITZY, 새 앨범 'GOLD' 음원과 가사 일부 공개",https://www.etnews.com/20241014000245
2024.10.15,NewJeans,"뉴진스 하니, 국회 국감장에...'따돌림 논란' 증언",https://www.ytn.co.kr/_ln/0106_202410151415560865
2024.10.15,NewJeans,"국감 출석해 울먹인 뉴진스 하니 ""존중한다면 괴롭힘 없어야""",https://news.tvchosun.com/site/data/html_dir/2024/10/15/2024101590262.html
2024.10.15,NMIXX,"있지 유나, 장원영→카리나 언급에 ""장카설vs장카설유? 뭐든 고마웠다""...",https://www.tvreport.co.kr/breaking/article/846682/
2024.10.15,ITZY,"ITZY, 드디어 완전체 컴백 D-DAY..설렘 지수 최고조",https://www.starnewskorea.com/stview.php?no=2024101508020144796
2024.10.15,ITZY,"CU, JYP와 손잡았다...아이돌 ITZY 편의점으로",https://economist.co.kr/article/view/ecn202410150013
2024.10.15,ITZY,"""스트레이키즈 창빈과 작업, 오글거려"" 있지(ITZY)와 특급 컬래버",http://enews.imbc.com/News/RetrieveNewsInfo/433650
2024.10.16,NewJeans,민희진과 갈등에 입 연 하이브 CEO “믿고 기다려주면 실타래 풀릴 것”,https://isplus.com/article/view/isp202410160274
2024.10.16,IVE,있지 유나 “장원영 카리나 설윤 그리고 나?” 장카설유 논란 끝내러 등...,https://www.newsen.com/news_view.php?uid=202410161720405710
2024.10.16,IVE,삼성 갤럭시가 우스웠나...협찬 끝나자 아이폰 자랑한 아이돌,https://www.econovill.com/news/articleView.html?idxno=669976
2024.10.16,NMIXX,"있지 유나 ""장카설유? 사람들이 듣도 보도 못했다고"" [소셜in]",http://enews.imbc.com/News/RetrieveNewsInfo/433861
2024.10.16,ITZY,"‘완전체 컴백’ ITZY, 신보 발매 기념 카운트다운 라이브",https://sports.khan.co.kr/article/202410162212003?pt=nv
2024.10.17,NewJeans,"어도어, 임시주총 열고 ‘뉴진스 맘’ 민희진 사내이사 재선임",https://www.mk.co.kr/article/11142825
2024.10.17,NewJeans,"민희진, 어도어 사내이사로 재선임…임기는 3년",https://www.etoday.co.kr/news/view/2410626
2024.10.17,NewJeans,"민희진 전 대표, 어도어 사내이사 재선임…임기 3년",https://www.news1.kr/life-culture/general-cultural/5571662
2024.10.17,LE SSERAFIM,[영상] 하이힐에 한손엔 권총…병력난 우크라 모병 광고 선정성 논란,https://www.yna.co.kr/view/AKR20241017088600704?input=1195m
2024.10.17,ITZY,"ITZY, 오늘(17일) '엠카운트다운' 출연…'GOLD' 음악 방송 활동 개시",https://star.ytn.co.kr/_sn/0117_202410171430268566
2024.10.17,tripleS,트리플에스 VV ‘Hit The Floor’ MV티저 공개,https://sports.khan.co.kr/article/202410171510003?pt=nv
2024.10.17,FIFTY FIFTY,"피프티 피프티, 데뷔 후 첫 美 투어 돌입…8개 도시 돈다",https://www.news1.kr/entertain/music/5571234
2024.10.17,STAYC,"스테이씨 시은 ""고혈압 있는 父 박남정, 멋집 꼭 와야""…음료에 감탄 (동...",https://www.xportsnews.com/article/1917887
2024.10.18,NewJeans,"KBS, ""민희진 측 뉴진스 라방 말렸다"" 기사삭제 이유 밝혔다",https://www.newsis.com/view/NISX20241018_0002926169
2024.10.18,LE SSERAFIM,"혜리, '한소희 부인·전종서 언팔' 악플러 논란 후 공식석상 ""열심히 살...",https://www.starnewskorea.com/stview.php?no=2024101722530359467
2024.10.18,LE SSERAFIM,“의원 자녀 학폭 논란때문에?”...성남시의회 홈페이지 마비돼 ‘발칵...,https://www.mk.co.kr/article/11143494
2024.10.18,NMIXX,"팬 폭행 방관 논란 여파? 제시, 한 달만에 소속사와 결별[공식]",https://www.newsen.com/news_view.php?uid=202410181331246310
2024.10.18,NewJeans,"KBS '민희진, 뉴진스 라방 말려' 기사 삭제 이유 공개…""특정인 홍보창...",https://www.news1.kr/life-culture/general-cultural/5573175
2024.10.18,tripleS,"트리플에스 VV, '퍼포만테' 하이라이트 메들리 공개…기대감 수직상승",http://www.tvdaily.co.kr/read.php3?aid=17292039511729870010
2024.10.18,STAYC,"스테이씨, 새 싱글 '…l (닷닷닷)'으로 30일 컴백",https://www.newsis.com/view/NISX20241018_0002925182
2024.10.19,LE SSERAFIM,"박지윤 ""최동석 이 말에 남자 동창 연락 끊어""…의처증 논란에 재조명",http://news.mt.co.kr/mtview.php?no=2024101913180782256
2024.10.19,NewJeans,"“우는 사진 100장 뜨더라”…뉴진스 민지가 봤다는 이 영상, 뭐길래",https://www.mk.co.kr/article/11144339
2024.10.19,LE SSERAFIM,르세라핌 사쿠라 '언제나 사랑스러워'[★포토],https://www.starnewskorea.com/stview.php?no=2024101919213468845
2024.10.19,IVE,"아이브, 월드투어 성료…'1,2,3 IVE' 시즌5 재가동",https://www.newsis.com/view/NISX20241019_0002926432
2024.10.19,tripleS,"트리플에스 VV, 新 단체 콘셉트 포토..설렘 증폭",https://www.starnewskorea.com/stview.php?no=2024101922534137100
2024.10.19,Kep1er,[MD포토] 케플러 '드림콘서트에서 만나요',https://mydaily.co.kr/page/view/2024101917264860490
2024.10.19,Kep1er,"[단독] 2명 떠난 케플러, 7인조 새출발…첫 완전체 예능은 '주간아이돌...",http://www.osen.co.kr/article/G1112440235
2024.10.19,FIFTY FIFTY,"피프티피프티, 11월 첫 美 투어…외신도 주목",https://sports.donga.com/article/all/20241019/130249870/1
2024.10.19,STAYC,"스테이씨 윤, 자체 콘텐츠 '호기심자윤' 시즌2로 돌아온다",https://www.news1.kr/entertain/music/5573360
2024.10.20,NewJeans,뉴진스 하니 패러디했다가 ‘SNL 예능’ 인종차별 뭇매,https://www.hani.co.kr/arti/society/society_general/1163389.html
2024.10.20,NewJeans,"뉴진스 하니, 국감 출석 용기낸건데…‘SNL’ 희화화 패러디 논란",https://www.mk.co.kr/article/11144682
2024.10.20,NewJeans,"SNL, '한강 작가·뉴진스 하니' 패러디 역풍… ""지나친 희화화""",https://www.moneys.co.kr/article/2024102015500352737
2024.10.20,LE SSERAFIM,"논란 제조기 ‘SNL’, 이번엔 뉴진스 하니·한강 패러디 희화화 논란",https://www.mk.co.kr/article/11144700
2024.10.20,aespa,"에스파, ‘위플래시’ MV 엿볼까",https://sports.khan.co.kr/article/202410201052003?pt=nv
2024.10.20,aespa,"에스파 윈터, ‘멋쁨’의 정석…가슴라인 절개 의상 독특 [DA★]",https://sports.donga.com/article/all/20241020/130251651/1
2024.10.20,aespa,에스파 지젤 ‘청순 눈빛이 반짝반짝’[포토엔HD],https://www.newsen.com/news_view.php?uid=202410201136473510
2024.10.20,LE SSERAFIM,르세라핌 홍은채 ‘양갈래 인형’[포토엔HD],https://www.newsen.com/news_view.php?uid=202410210147373510
2024.10.20,IVE,"아이브, 월드투어 마치고 금의환향→찜질방서 휴식",https://www.newsen.com/news_view.php?uid=202410201208331910
2024.10.20,IVE,"“닭 물놀이 시키냐” 정동원, 생닭과 사투 벌여 (‘시골간Z’)",https://isplus.com/article/view/isp202410200052
2024.10.20,NMIXX,"엔믹스, 많이 피곤할텐데... 밝게 미소 짓는 명불허전 천사 (입국)[뉴스...",https://www.newsen.com/news_view.php?uid=202410210103581310
2024.10.20,Kep1er,"케플러 최유진, 상냥하게 [포토엔HD]",https://www.newsen.com/news_view.php?uid=202410201444425510
2024.10.20,FIFTY FIFTY,새 피프티피프티 향한 해외 반응은…美투어 관심 '핫',https://news.jtbc.co.kr/article/article.aspx?news_id=NB12219630
2024.10.20,FIFTY FIFTY,"피프티피프티 예원, 청초하게 [포토엔HD]",https://www.newsen.com/news_view.php?uid=202410201202065510
2024.10.20,FIFTY FIFTY,"[사진]피프티피프티 아테나,'청초하게'",http://www.osen.co.kr/article/G1112440486
2024.10.20,FIFTY FIFTY,"[사진]피프티피프티 문샤넬,'청량하게'",http://www.osen.co.kr/article/G1112440488
2022.7.13,STAYC,"“바이든도, 트럼프도 싫어요” 美차기대선 4050 등판하나",http://www.munhwa.com/news/view.html?no=2022071301031309314001
2022.1.18,ITZY,스타 리액션·이미지도 ‘위조불가 한정판’ 됐다,http://www.munhwa.com/news/view.html?no=2022011801031339179001
2023.11.30,STAYC,[이원 기자의 Ent 프리즘] 민희진 사태·김호중 음주 뺑소니…가요계 잇...,http://www.kookje.co.kr/news2011/asp/newsbody.asp?code=1600&key=20240523.22014006301
2023.11.30,tripleS,"올해의 신인' 트리플에스, 블록체인으로 낳은 아이돌[K체인저스](20)",https://view.asiae.co.kr/article/2023113015282414476
2022.9.21,aespa,에버랜드서 NCT·에스파 만나요… SM과 체험공간 조성,http://www.fnnews.com/news/202209211759520049
2023.5.15,IVE,[어떤가요] 브루노 마스가 뉴진스 Hype boy를?…AI 커버곡 열풍,https://www.imaeil.com/page/view/2023051509072886146
2024.5.7,LE SSERAFIM,하이브-민희진 사태로 ‘멀티레이블’ 한계 드러났다,https://www.busan.com/view/busan/view.php?code=2024050710244741279
2023.3.21,NewJeans,"[어떤가요] ""류진숙이 부릅니다, 어마이 어마이~"", 뽕짝 뉴진스 이유있...",https://news.imaeil.com/page/view/2023032111473326430
2024.10.20,NewJeans,"뉴진스 하니, '국감' 용기냈는데…'SNL 패러디' 희화화 뭇매",https://www.hankyung.com/article/2024102061187
2024.10.10,NewJeans,‘뉴진스 무시’ 논란 국회서 재점화… 하니 “국정감사 나가겠다”,https://biz.chosun.com/topics/topics_social/2024/10/10/YP5LSUBHIJGCZP77S4TCXITTRI/?utm_source=naver&utm_medium=original&utm_campaign=biz
2024.10.7,NewJeans,"뉴진스에 아일릿 매니저 ""무시해"" 했나 안 했나…진실공방 계속",https://www.yna.co.kr/view/AKR20241007138200005?input=1195m
2024.10.7,NewJeans,따돌림' 논란 두고 뉴진스-빌리프랩 진실공방,https://www.ytn.co.kr/_ln/0106_202410072317047861
2024.10.7,NewJeans,"국회서도 뜨거운 감자…'안무 논란' 뉴진스 vs 아일릿 ""연내 가이드라인...",https://www.xportsnews.com/article/1913473
2024.10.7,NewJeans,"[단독] 뉴진스 어머니들, 하이브 CCTV 은폐 의혹 제기..""하니에게 '무시...",https://isplus.com/article/view/isp202410070015
2024.10.7,NewJeans,"""뉴진스 무시해"" 발언 진실공방…민희진VS빌리프랩 2차전 '활활' [종합]",https://www.xportsnews.com/article/1913529
2024.10.7,NewJeans,"하이브·SM·JYP·YG, 음반판매량 생태계 '왜곡' 지적에 ""책임감 느껴""",https://www.newsis.com/view/NISX20241007_0002911045
2024.10.7,NewJeans,하이브·SM·JYP·YG 국감 증인 출석…‘음반 밀어내기’ 지적에 책임감...,https://www.sportsworldi.com/newsView/20241007524286
2024.10.7,NewJeans,"[POP이슈]뉴진스-아일릿 안무 표절 논란, 문체부 국감서도 거론..""저작권...",http://biz.heraldcorp.com/view.php?ud=202410071513061343533_1
2024.10.9,NewJeans,"곽튜브·뉴진스 민지 제쳤다…""강형욱, 논란보다 더 욕먹어""",https://www.hankyung.com/article/2024100941377
2024.10.9,IVE,"K팝 아이돌 1순위, 방탄소년단(BTS) ""군백기도 없다""",http://www.queen.co.kr/news/articleView.html?idxno=419815
2024.10.12,tripleS,"[김도헌의 음감] QWER, 가짜의 어제와 진짜의 내일",http://www.dispatch.co.kr/2308168
2024.10.12,tripleS,"트리플에스 VV, 'Performante' 유닛 콘셉트 포토 속 유니크 무드",http://enter.etoday.co.kr/news/view/266286
2024.10.9,tripleS,"트리플에스 VV, 10곡 꽉 찬 'Performante' 트랙리스트 눈길",http://www.rpm9.com/news/article.html?id=20241009090002
2019.2.21,ITZY,"슈퍼인턴' ITZY(있지), 깜짝 등장..""우리도 컨설팅 해주길""",http://news1.kr/articles/?3554238
2019.2.21,ITZY,"쏘울 부스터, JYP 걸그룹 ITZY 뮤직비디오에 등장",http://www.joseilbo.com/news/news_read.php?uid=370994&class=80&grp=
2019.2.21,ITZY,"기아차, JYP 걸그룹 ITZY와 함께 `브랜드 마케팅`",http://news.mk.co.kr/newsRead.php?year=2019&no=105943
2019.2.21,ITZY,"ITZY, 데뷔 2주 만에 '엠카' 1위 '걸그룹 최초 기록' [종합]",http://www.mydaily.co.kr/new_yk/html/read.php?newsid=201902211926484436&ext=na
2019.3.18,ITZY,"ITZY '달라달라', 2월 K팝 팬들이 가장 많이 커버한 곡 1위",http://www.osen.co.kr/article/G1111101885
2019.3.21,ITZY,"[N화보] ITZY, 과즙미 팡팡 뷰티 화보 공개 '상큼'",http://news1.kr/articles/?3576490
2019.3.21,ITZY,"있지(ITZY) 채령, 웃는 모습이 사랑스러워 ""'달라달라'로 아홉번째 1위 ...",http://www.topstarnews.net/news/articleView.html?idxno=603530
2019.4.14,ITZY,뭔가 많이 있는 있지(ITZY)의 매력 포인트,http://www.allurekorea.com/?p=102122
2019.4.19,ITZY,"[N화보] ITZY, 청순+시크 담은 비주얼 '반전 매력'",http://news1.kr/articles/?3601212
2019.5.20,ITZY,"“있지(ITZY)→AB6IX 총출동”...‘KCON 2019 JAPAN’, 8만 8천 관객 환호",http://star.mk.co.kr/new/view.php?mc=ST&year=2019&no=329049
2019.5.20,ITZY,"있지(ITZY) 채령-유나-리아-예지-류진, 카리스마 넘치는 완전체 사진 ''...",http://www.topstarnews.net/news/articleView.html?idxno=627219
2019.6.18,ITZY,"김희철, 민경훈 걸그룹 댄스에 경악 “너 ITZY 춤도 췄어?”(문제아들)",http://star.mbn.co.kr/view.php?year=2019&no=430236&refer=portal
2019.6.21,ITZY,"ITZY(있지) 유나, 어느 사진이 맘에 드세요?",http://www.dt.co.kr/contents.html?article_no=2019062102109919807014&ref=naver
2019.7.19,ITZY,있지(ITZY) 유나 티저 `퍼펙트 비주얼`,http://star.mk.co.kr/new/view.php?mc=ST&year=2019&no=540120
2019.7.19,ITZY,"ITZY, 막내 유나 개인 티저 공개 ‘퍼펙트 비주얼’",http://news.wowtv.co.kr/NewsCenter/News/Read?articleId=A201907190077&t=NN
2019.7.20,ITZY,"컴백' ITZY 예지, 강렬한 카리스마 발산 '이 눈빛 시크해~'",https://www.ytn.co.kr/_sn/0117_201907201426009203
2019.7.21,ITZY,"ITZY 리아, 컴백 티저 공개…시크+러블리 동시에",http://news1.kr/articles/?3675532
2019.8.21,ITZY,[TD포토] ITZY(있지) 유나 '신나유~',http://tvdaily.co.kr/read.php3?aid=15663384841483010017
2019.8.21,ITZY,"ITZY, '두시탈출 컬투쇼' 출연...상큼 매력 예고",http://starin.edaily.co.kr/news/newspath.asp?newsid=01157846622589616
2019.8.21,ITZY,"ITZY·네이처·AB6IX·하성운, 셀럽티비 라이브쇼 전무후무 소통의 장",http://stoo.com/article.php?aid=57302256564
2019.8.21,ITZY,"[종합]'쇼챔피언' ITZY, 1위 ""믿지 고마워요"" ‥셀럽파이브·위키미키 컴...",http://biz.heraldcorp.com/view.php?ud=201908211917052517755_1
2019.8.21,ITZY,"컬투쇼' ITZY, 데뷔 그룹명 뜻은? ""여러분이 원하는 모든 걸 갖고 있지...",http://www.theceluv.com/article.php?aid=1566365384274590006
2019.9.18,ITZY,쇼챔피언' 가을맞이 특별 하이라이트 방송… NCT127부터 ITZY까지!,http://enews.imbc.com/News/RetrieveNewsInfo/266550
2019.9.19,ITZY,레드벨벳·트와이스에 청하·ITZY까지..'2019 AAA' 걸그룹 총출동 [공식],http://www.osen.co.kr/article/G1111225454
2019.9.21,ITZY,"있지(ITZY) 리아, 금수저 아이돌 다운 일상 화제…'어둠 속에도 빛나는...",http://www.topstarnews.net/news/articleView.html?idxno=672854
2019.10.19,ITZY,[TD포토] ITZY 있지 채령 '초싸이언~',http://tvdaily.co.kr/read.php3?aid=15714844561499640017
2019.10.21,ITZY,"ITZY ""케이팝 알리는 데 중요한 역할하는 그룹 되고파"" [화보]",http://www.xportsnews.com/?ac=article_view&entry_id=1185511
2019.10.21,ITZY,"ITZY 유나, 미모의 마법사 깜찍 변신[똑똑SNS]",http://sports.mk.co.kr/view.php?year=2019&no=855831
2019.11.19,ITZY,"파리 올 로케이션으로 진행된! ""Paris et ITZY""",http://www.insightkorea.co.kr//news/articleView.html?idxno=66168
2019.11.21,ITZY,"괴물 신인' ITZY, 'MMA 2019' 출격…화려한 라인업 합류",https://www.hankyung.com/entertainment/article/201911212300I
2019.11.21,ITZY,"괴물 신인' ITZY, ‘MMA 2019’ 출격…화려한 라인업 합류",http://news.wowtv.co.kr/NewsCenter/News/Read?articleId=A201911210042&t=NN
2019.12.20,ITZY,"ITZY 류진, 상냥한 인사~ [포토엔HD]",http://www.newsen.com/news_view.php?uid=201912200744285510
2019.12.20,ITZY,"ITZY 채령, 청량한 인사~ [포토엔HD]",http://www.newsen.com/news_view.php?uid=201912200825365510
2019.12.20,ITZY,"ITZY 유나, 귀엽게 인사~ [포토엔HD]",http://www.newsen.com/news_view.php?uid=201912200756595510
2019.12.21,ITZY,"ITZY 유나, 러블리한 바비인형~ [포토엔HD화보]",http://www.newsen.com/news_view.php?uid=201912211112095510
2019.12.21,ITZY,"미우새' 김희철X이수근, ITZY 멤버들과 뮤비 준비…박태환 ""수영이 생활...",http://www.cbci.co.kr/news/articleView.html?idxno=402226
2019.12.25,aespa,‘주사파 리더’ 출신 구해우 “한미동맹 금 간 게 아니라 빠개져”,http://shindonga.donga.com/3/all/13/1935161/1
2020.1.20,ITZY,ITZY(있지) L.A 공연 성료…美 투어 본격 개막,http://sports.donga.com/3/all/20200120/99315747/1
2020.1.20,ITZY,"ITZY, 로스앤젤레스 공연 성료…데뷔 첫 미주 투어 성공적 출발",http://news.wowtv.co.kr/NewsCenter/News/Read?articleId=A202001200139&t=NN
2020.1.21,ITZY,ITZY 첫 리얼리티..'파리에있지' 오늘(21일) 첫 공개,http://star.mt.co.kr/stview.php?no=2020012110262986341
2020.2.19,ITZY,"‘대세 걸그룹 출격’ ITZY, 3월 9일 새 앨범 'IT'z ME'로 컴백 확정",http://news.wowtv.co.kr/NewsCenter/News/Read?articleId=A202002190032&t=NN
2020.2.21,ITZY,"ITZY, 신곡 제목 'WANNABE' 3연속 히트 정조준",http://star.mt.co.kr/stview.php?no=2020022108003454933
2020.2.21,ITZY,"‘3월 9일 컴백’ ITZY, 신곡 제목 'WANNABE'…3연속 히트 예감",http://news.wowtv.co.kr/NewsCenter/News/Read?articleId=A202002210039&t=NN
2020.3.20,ITZY,"ITZY, 신보 '있지 미'로 美 빌보드 '월드 앨범 차트' 5위",https://www.news1.kr/articles/?3880366
2020.3.20,ITZY,"ITZY 'WANNABE', ‘엠카’ 1위 등극…트로피 사냥 시동",https://sports.donga.com/article/all/20200320/100249357/1
2020.3.21,ITZY,"음악중심' 방탄소년단 vs ITZY vs 지코,1위 대결",https://tenasia.hankyung.com/tv/article/2020032199084
2020.3.21,ITZY,"[창간가요특집④] ITZY·TXT·에이티즈, 핫루키 톱3",http://sports.chosun.com/news/ntype.htm?id=202003210100164070010252&servicedate=20200320
2020.4.17,ITZY,"ITZY(있지) 리아 ""마지막은 소중한 내 사랑♥""",http://www.siminilbo.co.kr/news/newsview.php?ncode=1065605511917907
2020.4.17,ITZY,"""5인5색 매력 대방출""…'대세' ITZY, '아이돌리그2'서 매력발산",http://www.spotvnews.co.kr/?mod=news&act=articleView&idxno=353187
2020.4.21,ITZY,"“뉴이스트, ITZY에 러브콜…” 이영자·김숙, '아이돌+먹방' 힐링 방송...",http://www.wikitree.co.kr/articles/525537
2020.4.22,ITZY,"ITZY 류진 vs AOA 찬미, 허벅지 씨름 승자는?",http://star.mt.co.kr/stview.php?no=2020042214151663874
2020.4.23,ITZY,"얼굴 막쓰는 ITZY(있지) 유나, 유나티콘 6종 세트 공개",http://news.kmib.co.kr/article/view.asp?arcid=0014509675&code=61181111&cp=nv
2020.5.6,ITZY,걸그룹 맛집 JYP의 막내 걸그룹 'ITZY' [혼족의제왕:덕력을 보여주마],http://www.dailypop.kr/news/articleView.html?idxno=44754
2020.5.21,ITZY,"있지(ITZY) 채령, 브이앱 중 아이즈원 채연 언급 ""언니는 어릴때 많이 찡...",http://www.topstarnews.net/news/articleView.html?idxno=787661
2020.6.16,ITZY,"있지(ITZY) ""데뷔+음방 최단기간 1위 뿌듯""(화보)",http://star.mk.co.kr/new/view.php?mc=ST&year=2020&no=616335
2020.6.20,ITZY,"ITZY, ‘달라달라’ MV 2억뷰 돌파 [공식]",https://sports.donga.com/article/all/20200620/101607247/1
2020.6.21,ITZY,"ITZY(있지) 데뷔곡 ‘달라달라’ 뮤비, 유튜브 조회 수 2억 돌파",http://sports.khan.co.kr/news/sk_index.html?art_id=202006211041003&sec_id=540101&pt=nv
2020.6.21,ITZY,[O! SPORTS]'키움에는 내가 ITZY' 치어리더 이엄지 'WANNABE' 무대 직캠,http://www.osen.co.kr/article/G1111379222
2020.7.13,ITZY,"제2의 BT21 탄생할까? ITZY, 라인프렌즈 캐릭터 개발 진행",http://digitalchosun.dizzo.com/site/data/html_dir/2020/07/13/2020071380123.html
2020.7.21,ITZY,"현대오일뱅크 글로벌 마케팅, '드콘'에 '있지(ITZY)'?!",http://www.m-i.kr/news/articleView.html?idxno=731225
2020.7.21,ITZY,"EXO-SC→ITZY까지 총출동 '드림콘서트', 세계최초 EX-3D Sound 시도",http://hobbyen.co.kr/news/newsview.php?ncode=1065569752734837
2020.8.21,ITZY,"[DA:차트] ITZY ‘Not Shy’, 5일째 정상…시원한 매력 연습 영상",https://sports.donga.com/article/all/20200821/102583848/1
2020.8.21,ITZY,"ITZY, 'Not Shy' 공개 5일째 차트 수성…시원시원한 매력 뽐낸 연습 영상...",http://www.wowtv.co.kr/NewsCenter/News/Read?articleId=A202008210084&t=NN
2020.8.21,ITZY,뮤직뱅크' 있지(ITZY)가 그린 사랑이야기··'Not Shy'한 당당한 컴백,http://biz.heraldcorp.com/view.php?ud=202008211647034868089_1
2020.9.14,ITZY,"ITZY, 'Not Shy' 활동 마침표…다섯 멤버가 증명한 팀의 이름값",http://www.wowtv.co.kr/NewsCenter/News/Read?articleId=A202009140291&t=NN
2020.9.17,ITZY,"엠카' ITZY, 출연 없이 유아 제치고 1위",https://hankookilbo.com/News/Read/A2020091720090002022?did=NA
2020.9.17,ITZY,"엠카' ITZY(있지), 'NOT SHY'로 브레이크無 쾌속질주→음방 트로피 '독주...",http://www.osen.co.kr/article/G1111436455
2020.9.18,ITZY,"ITZY, 'Not Shy' 활동 종료 후에도 음악 방송 1위",https://sports.donga.com/article/all/20200918/102994044/1
2020.9.18,ITZY,"ITZY, ‘Not Shy’ 활동 종료 후에도 음악방송 1위 등극…미국 빌보드 2개...",http://www.wowtv.co.kr/NewsCenter/News/Read?articleId=A202009180039&t=NN
2020.10.11,ITZY,"ITZY 예지, 걸크러쉬 벗고 청순",https://hankookilbo.com/News/Read/A2020101122000001786?did=NA
2020.10.12,ITZY,"[S포토] ITZY, '완벽' (INK 콘서트)",http://www.stardailynews.co.kr/news/articleView.html?idxno=282769
2020.10.15,ITZY,2020 AAA' 마마무·NCT·ITZY·트레저·강다니엘·송가인 합류[공식],http://star.mt.co.kr/stview.php?no=2020101509213018000
2020.10.15,ITZY,"ITZY 유나, 팬 위한 셀카 ""믿지가 생각나서""",https://hankookilbo.com/News/Read/A2020101500540002062?did=NA
2020.10.28,aespa,"‘에스파’ 카리나=유지민, 악성 루머 반대 주장 “모두에게 친절해”",https://www.etoday.co.kr/news/view/1956086
2020.10.30,STAYC,"美 전국 1위 과학고 입학전형 논란‥""인종 다양화해야""",http://news.ebs.co.kr/ebsnews/allView/20390162/N
2020.11.3,STAYC,"‘여성 편력’ 긱스, 이번엔 여친 폭행으로 구설수",http://sports.khan.co.kr/news/sk_index.html?art_id=202011031727003&sec_id=520401&pt=nv
2020.11.13,ITZY,ITZY “무대 오르기 전 긴장감도 에너지로 발산”[스타화보],https://www.newsen.com/news_view.php?uid=202011131014510310
2020.11.16,STAYC,"표절 논란' 스테이씨 MV 제작업체 ""부끄럽고 참담""",http://www.newsis.com/view/?id=NISX20201116_0001235973&cID=10601&pID=10600
2020.11.16,STAYC,"스테이씨 뮤비 제작사 ""표절 논란 참담, 철저한 사전조사 못해 죄송 (전...",http://www.xportsnews.com/?ac=article_view&entry_id=1352779
2020.11.16,ITZY,온:한류축제' 16일 개막…슈퍼엠·오마이걸·ITZY 등 공연,http://www.enewstoday.co.kr/news/articleView.html?idxno=1428474
2020.11.17,STAYC,"스테이씨 뮤비 표절 논란..업체 사과 ""피해갈 수 없다""[전문]",http://star.mt.co.kr/stview.php?no=2020111707195151766
2020.11.17,STAYC,"스테이씨 ‘SO BAD’ 뮤비 제작사, 표절 논란 사과 “부끄럽고 참담”(전...",http://mksports.co.kr/view/2020/1179480/
2020.11.17,STAYC,"스테이씨 '소 배드' 뮤비, 세트 일부 표절 논란에 제작사 ""부끄럽고 참담...",https://www.news1.kr/articles/?4120890
2020.11.18,aespa,"에스파 지젤, 양아치 과거 폭로글 주인공 논란.. 블랙맘바 뮤비 표절 파...",http://kpenews.com/View.aspx?No=1338965
2020.11.19,ITZY,[포토] 남도현 'ITZY 고마워요’,http://isplus.live.joins.com/news/article/article.asp?total_id=23924765
2020.11.20,ITZY,"""태어나줘서 고마워""…ITZY 유나, 생일 프로젝트 오픈",http://news.tf.co.kr/stars/read/starwars/1825870.htm
2020.11.20,aespa,에스파 첫 무대 어땠나…'뮤직뱅크' 접수 완료,https://www.hankyung.com/entertainment/article/202011203269H
2020.11.20,aespa,"뮤뱅' 방탄소년단, 새 앨범 컴백 '다이너마이트' 또 1위..에스파 뜨거운...",http://www.osen.co.kr/article/G1111477338
2020.11.20,aespa,[크랩] 신인 걸그룹 에스파…왜 ‘아바타’가 논란일까?,http://news.kbs.co.kr/news/view.do?ncd=5053250&ref=A
2020.11.21,STAYC,"`쇼! 음악중심` 스테이씨, 청순+상큼+카리스마로 무대 장악 ‘SO BAD’",http://star.mk.co.kr/new/view.php?mc=ST&year=2020&no=1199621
2020.11.21,STAYC,"`음악중심` 스테이씨, 노련한 무대 매너로 시선 집중",http://mksports.co.kr/view/2020/1199736/
2020.11.23,STAYC,아이돌 뮤비 잇단 표절 논란...저작권 침해일까?,"http://www.edaily.co.kr/news/newspath.asp?newsid=01266086625968672&snapkey=50625,리그오브레전드,저작권,#저작권법,#표절,아이돌그룹,걸그룹,SM엔터테인먼트,에스파,KDA,BlackMamba,POP/STARS,미드나잇스카이,스테이씨,저작권침해,JYP엔터테인먼트,마일리사이러스,SOBAD,LOL,티저영상,블랙맘바"
2020.11.28,STAYC,"[D-eye] 에스파, 시크릿넘버, 스테이씨, 그리고 블링블링을 아세요?",http://www.dispatch.co.kr/2116031
2020.12.5,STAYC,철구 발언에 뿔난 박미선→이찬원·업텐션 코로나 확진 [주간 연예 이슈...,http://enews.imbc.com/News/RetrieveNewsInfo/299917
2020.12.12,STAYC,"[글로벌체크]트럼프 행정부, 권력이양기 사형않는 130년 관행 깨고 '집행...",https://www.sedaily.com/NewsView/1ZBNKPQ6EM
2020.12.12,STAYC,"음악중심' 대세 자리매김 스테이씨, 실력파 입지 탄탄",http://isplus.live.joins.com/news/article/article.asp?total_id=23944223
2020.12.14,STAYC,"""STAYC(스테이씨)는 이제부터 시작""… 데뷔곡 'SO BAD' 공식 활동 마무리",http://enews.imbc.com/News/RetrieveNewsInfo/300581
2020.12.16,STAYC,최진실 아들' '박남정 딸' 꼬리표…연예인 2세들 명과 암,https://ilyo.co.kr/?ac=article_view&entry_id=387532
2020.12.18,ITZY,[T포토] ITZY '섹시 블랙',https://www.tvreport.co.kr/2056455
2020.12.18,ITZY,[MD포토] ITZY '블랙 미니로 빛낸 레드카펫',http://www.mydaily.co.kr/new_yk/html/read.php?newsid=202012182129994615&ext=na
2020.12.18,aespa,[TD포토] 에스파는 나야~,http://tvdaily.co.kr/read.php3?aid=16082897131571688017
2020.12.18,aespa,"[DA포토]에스파, 감출 수 없는 카리스마",https://sports.donga.com/article/all/20201218/104514686/1
2020.12.19,aespa,"에스파 지젤, 신경 좀 썼어요",https://www.sedaily.com/NewsView/1ZBQTYGBCP
2020.12.20,ITZY,"ITZY 류진, 독보적인 걸크러쉬 매력",https://hankookilbo.com/News/Read/A2020122018190005631?did=NA
2020.12.20,STAYC,"블랙핑크 제니, 12월 걸그룹 개인 브랜드평판 1위…2위 화사·3위 아린",http://biz.heraldcorp.com/view.php?ud=202012200900056216493_1
2020.12.21,STAYC,걸그룹 개인 브랜드평판 12월 빅데이터 분석 1위는 블랙핑크 제니,http://www.thebigdata.co.kr/view.php?ud=2020122108523076707d270612f_23
2020.12.27,STAYC,"""美부정선거 투표지, 대한항공 전세기가 운송했다는 폭로, 대한항공은 ...",http://www.fntoday.co.kr/news/articleView.html?idxno=244927
2020.12.30,STAYC,"[2020 가요결산] 기적의 방탄소년단→트로트 르네상스, 코로나19 속 달라...",http://sports.chosun.com/news/ntype.htm?id=202012310100217440013417&servicedate=20201230
2021.1.7,STAYC,"미 뉴욕증권거래소 ""중국 3대 통신사 뉴욕증시서 상장폐지"" 또 입장 번복",http://www.onews.tv/news/articleView.html?idxno=44120
2021.1.8,STAYC,"뮤직뱅크' 스테이씨, 새해맞이 스페셜 무대 선물",http://tvdaily.co.kr/read.php3?aid=16100968651574821010
2021.1.16,STAYC,"스테이씨, 감성 충만 '소 배드' 언플러그드 버전 공개",http://starin.edaily.co.kr/news/newspath.asp?newsid=01207046628918376
2021.1.16,STAYC,"스테이씨, 'SO BAD' 언플러그드 버전 공개..틴프레시 매력+감성 충만",http://biz.heraldcorp.com/view.php?ud=202101160945334609461_1
2021.1.17,aespa,"에스파, 글로벌 슈퍼 루키답네!…활동 끝나도 '인기가요' 1위",https://tenasia.hankyung.com/music/article/2021011707704
2021.1.18,STAYC,"STAYC(스테이씨), 'SO BAD' 언플러그드 버전 공개",http://www.topdaily.kr/news/articleView.html?idxno=89540
2021.1.20,STAYC,"스테이씨, 2020년 하반기 데뷔 女 아티스트 앨범 판매량 1위",https://www.news1.kr/articles/?4186296
2021.1.20,STAYC,"스테이씨, 2020 하반기 데뷔 女 아티스트 앨범 판매량 '1위'",https://hankookilbo.com/News/Read/A2021012008290003190?did=NA
2021.1.21,STAYC,최다 연승-왕조 재건' 도전장 던진 KCC 전창진호,http://www.ohmynews.com/NWS_Web/View/at_pg.aspx?CNTN_CD=A0002713202&CMPT_CD=P0010&utm_source=naver&utm_medium=newsearch&utm_campaign=naver_news
2021.1.21,ITZY,"ITZY, 22일 영어 앨범 발표 [공식]",http://sports.khan.co.kr/news/sk_index.html?art_id=202101210921003&sec_id=540301&pt=nv
2021.1.21,ITZY,"‘4세대 대표 걸그룹’ ITZY, 글로벌 인기 상승세 타고 22일 데뷔 첫 영...",http://www.wowtv.co.kr/NewsCenter/News/Read?articleId=A202101210153&t=NN
2021.1.21,aespa,"치어리더(Cheerleader) 김진아, 에스파(aespa)의 '블랙맘바'(Black Mamba) 공...",http://www.xportsnews.com/?ac=article_view&entry_id=1380778
2021.2.10,STAYC,"[설날 기획] 송가인→'미스트롯2'…코로나19로 멈춘 가요계, 방구석 1열...",http://sports.chosun.com/news/ntype.htm?id=202102110100084790005484&servicedate=20210210
2021.2.15,STAYC,"가수대행진' STAYC(스테이씨), 희망과 위로의 무대…신인답지 않은 실력...",http://www.kdfnews.com/news/articleView.html?idxno=68528
2021.2.18,ITZY,ITZY ‘ICY’ MV 2억뷰 돌파 [공식],http://sports.khan.co.kr/news/sk_index.html?art_id=202102181508003&sec_id=540301&pt=nv
2021.2.18,ITZY,ITZY(있지)스러운 비주얼 파티 [화보],https://sports.donga.com/article/all/20210218/105474453/1
2021.2.18,aespa,"에스파, 美 빌보드 두 번째 차트인",http://starin.edaily.co.kr/news/newspath.asp?newsid=01374326628951832
2021.2.18,aespa,"에스파 ‘Forever’, 美 빌보드 차트인 '글로벌 관심 HOT'",http://enter.etoday.co.kr/view/news_view.php?varAtcId=197927
2021.2.18,aespa,"SM 걸그룹 에스파, '데이즈드 코리아' 표지 장식",http://www.xportsnews.com/?ac=article_view&entry_id=1391074
2021.2.19,ITZY,"‘KCON:TACT3’ ITZY부터 오마이걸까지, 1차 라인업 공개(공식입장)",https://www.newsen.com/news_view.php?uid=202102190938090310
2021.2.19,ITZY,"[★화보] 있지(ITZY), 보석처럼 빛나는 여신 미모",http://moneys.mt.co.kr/news/mwView.php?no=2021021811008005615
2021.2.19,STAYC,신예 스테이씨(STAYC) 100일 잔치 “데뷔해줘서 고마워”,http://sports.khan.co.kr/news/sk_index.html?art_id=202102191941003&sec_id=540101&pt=nv
2021.2.21,aespa,"방탄소년단 지민, 2월 아이돌 개인 브랜드 평판 1위",http://www.osen.co.kr/article/G1111525949
2021.2.25,ITZY,"JYP, 있지 리아 학폭 의혹에 “고소해 현재 조사 진행 중”",https://www.dailian.co.kr/news/view/967403/?sc=Naver
2021.2.25,ITZY,"JYP 측 ""ITZY 리아 학폭 사실무근, 이미 고소 진행 중""(전문)",http://www.joynews24.com/view/1345851
2021.3.1,STAYC,"슈퍼주니어부터 미래소년까지, 3월 보이그룹 대전 개막",https://www.asiatoday.co.kr/view.php?key=20210301010000103
2021.3.14,STAYC,"브레이브 걸스, 걸그룹 브랜드평판 2위…블랙핑크 바싹 추격",http://starin.edaily.co.kr/news/newspath.asp?newsid=01102086628983320
2021.3.18,aespa,한국-아랍에미리트 축제' 개최…NCT드림·에스파 출동,https://www.etoday.co.kr/news/view/2005661
2021.3.18,STAYC,"[김영진의 콕콕★] 신인 걸그룹들, '걸크러시' 많은 이유",https://www.asiatoday.co.kr/view.php?key=20210318010011764
2021.3.19,ITZY,"ITZY, 20일 팬송+팬파티로 믿지에 종합선물세트 선사",http://star.mt.co.kr/stview.php?no=2021031913013865433
2021.3.19,ITZY,"ITZY, 무한 팬사랑 담아 20일 팬송 '믿지 (MIDZY)' 발매+팬 파티 개최",http://www.wowtv.co.kr/NewsCenter/News/Read?articleId=A202103190294&t=NN
2021.3.19,STAYC,"스테이씨, 4월 컴백 앞서 코엑스 전광판에 등장… 대세 입증",http://starin.edaily.co.kr/news/newspath.asp?newsid=01239846628984960
2021.3.21,ITZY,"ITZY, 웃음 만개 ‘팬 파티 라이브’ 성료",http://sports.khan.co.kr/news/sk_index.html?art_id=202103210949003&sec_id=540101&pt=nv
2021.3.21,aespa,[초점]메타버스가 뭐길래?…K팝도 입성하네,http://www.newsis.com/view/?id=NISX20210321_0001377572&cID=10601&pID=10600
2021.3.24,STAYC,발소리·열쇠고리 흔들림에도 화들짝…美 사형수들 불안한 나날,http://yna.kr/AKR20210324134700009?did=1195m
2021.4.3,STAYC,유럽연합 '성소수자 자유지역' 선포- '동성애 반대' 폴란드 왕따 전락,http://www.mediatoday.co.kr/news/articleView.html?idxno=212736
2021.4.6,STAYC,[미리보는 이데일리 신문]쿠팡 총수는 쿠팡…네이버와 형평성 논란,http://www.edaily.co.kr/news/newspath.asp?newsid=03968806629013496
2021.4.13,STAYC,[D:이슈] “우리가 ‘왕년에’라고?”…케이팝 4세대 이끄는 히트메이커...,https://www.dailian.co.kr/news/view/981412/?sc=Naver
2021.4.15,aespa,"에스파를 성추행? 몰카논란 억울한 사진작가, 고소 선언 ""제보 받습니다...",http://www.ggilbo.com/news/articleView.html?idxno=841368
2021.4.18,aespa,"에스파 '몰카범'으로 몰린 사진작가, 확인도 안하고 욕한 여초 커뮤니티...",https://www.insight.co.kr/news/334231
2021.4.19,aespa,아님 말고? 순식간에 에스파 ‘몰카범’으로 몰린 사진작가,http://news.kmib.co.kr/article/view.asp?arcid=0015759948&code=61121111&cp=nv
2021.4.21,ITZY,"ITZY 류진, 개인 티저 공개…팔색조 매력",http://star.mk.co.kr/new/view.php?mc=ST&year=2021&no=386132
2021.4.21,ITZY,"‘걸크러쉬 아이콘의 무한 변신’ ITZY 류진, 팔색조 매력 품은 새 앨범...",http://www.wowtv.co.kr/NewsCenter/News/Read?articleId=A202104210279&t=NN
2021.4.21,STAYC,"스테이씨 ""'전참시' 나가고파""",http://www.mydaily.co.kr/new_yk/html/read.php?newsid=202104210826777885&ext=na&utm_campaign=naver_news&utm_source=naver&utm_medium=related_news
2021.4.21,STAYC,"꿈꾸라' 스테이씨, 상큼발랄 매력으로 청취자 홀릭",http://enter.etoday.co.kr/view/news_view.php?varAtcId=202176
2021.4.21,STAYC,스테이씨 윤 '질투유발 각선미'[★포토],http://star.mt.co.kr/stview.php?no=2021042116425840417
2021.4.22,STAYC,"강다니엘, 앵콜 무대 라이브 논란…""연습 필요"" vs ""목상태 안 좋아서""",http://www.topstarnews.net/news/articleView.html?idxno=872858
2021.4.23,STAYC,"손준호·권혁수 확진→제니·이태곤 방역수칙 위반 고발, 연예계 코로나...",http://stoo.com/article.php?aid=71870532139
2021.4.28,STAYC,[2021 KOREA POWER CELEBRITY(40)] 슬의생·싱어게인·미나리가 낳은 라이...,http://jmagazine.joins.com/forbes/view/333974
2021.5.14,STAYC,[Opinion] '기본'에 충실한 모습이 빛난다 [음악],https://www.artinsight.co.kr/news/view.php?no=53839
2021.5.19,STAYC,"임영웅, 실내흡연 논란? 대세 지장 NO…브랜드평판 2위",http://www.slist.kr/news/articleView.html?idxno=252315
2021.5.20,ITZY,"ITZY, 수록곡 'Sorry Not Sorry' 활동 시작…팬심 충족시킬 무대 예고",http://star.mt.co.kr/stview.php?no=2021052014335912145
2021.5.20,ITZY,"ITZY, 수록곡 ’Sorry Not Sorry‘ 음악방송 활동…팬심 충족시킬 무대 예...",http://www.wowtv.co.kr/NewsCenter/News/Read?articleId=A202105200334&t=NN
2021.5.20,ITZY,"CJ ENM, 'KCON:TACT 4 U' 2차 라인업 공개…하성운-ITZY 등 8팀 추가",http://www.rpm9.com/news/article.html?id=20210520090020
2021.5.20,STAYC,"오메가엑스, '로딩 원 모어 찬스'서 스테이씨 'ASAP' 완벽 커버",http://enews.imbc.com/News/RetrieveNewsInfo/314764
2021.5.21,aespa,"에스파, 신곡 공개 3일만에 MV 5000만뷰 돌파 '기록 경신'",https://www.news1.kr/articles/?4313172
2021.5.21,aespa,에스파 'Next Level' MV 3일만 5천만뷰..대세 입증,http://star.mt.co.kr/stview.php?no=2021052110312185306
2021.5.21,aespa,"공원소녀·에스파·에버글로우, 유니크 세계관으로 컴백 차별화",http://star.mt.co.kr/stview.php?no=2021052111350215502
2021.5.21,STAYC,"스테이씨(STAYC), 언택트 팬미팅 성료",http://sports.khan.co.kr/news/sk_index.html?art_id=202105210858003&sec_id=540101&pt=nv
2021.5.21,STAYC,"스테이씨, 취향 공개부터 팀워크 입증 게임까지…언택트 팬미팅 성료",https://www.hankyung.com/entertainment/article/202105214693I
2021.5.28,STAYC,"[영상] [해당 논란 영상 포함] 걸그룹 스테이씨 생방송 중에 ""남혐 발언...",http://www.topstarnews.net/news/articleView.html?idxno=9405806
2021.5.29,STAYC,"스테이씨, 때아닌 ‘남혐 논란’‥“위문공연 아니니” 발언에 갑론 을...",https://www.newsen.com/news_view.php?uid=202105291349382510
2021.5.29,STAYC,[초점]'위문 공연'도 논란...여성혐오? 아니다! 갑론을박,http://www.newsis.com/view/?id=NISX20210528_0001457352&cID=10601&pID=10600
2021.6.1,STAYC,"스테이씨, 의미심장 글…해석 두고 ‘분분’ [종합]",http://sports.khan.co.kr/news/sk_index.html?art_id=202106011646003&sec_id=540101&pt=nv
2021.6.12,ITZY,"ITZY, 스포티파이 스트리밍 2억회 돌파 [공식]",http://sports.khan.co.kr/news/sk_index.html?art_id=202106120824003&sec_id=540301&pt=nv
2021.6.13,ITZY,"ITZY 멤버 리아 ‘학폭 폭로’ 동창생, 명예훼손 무혐의",http://news.heraldcorp.com/view.php?ud=20210613000043
2021.6.13,ITZY,"JYP 측, ITZY(있지) 리아 '학폭' 폭로자 무혐의에 ""결과 받아들이기 어려...",http://enews.imbc.com/News/RetrieveNewsInfo/316883
2021.6.15,ITZY,[종합] ITZY 리아 학폭 진실은? JYP “경찰 재수사 요청”,https://sports.donga.com/article/all/20210615/107449638/1
2021.6.15,ITZY,"NCT드림·ITZY·에스파, '드림콘서트' 라인업 공개",http://isplus.live.joins.com/news/article/article.asp?total_id=24082303
2021.6.15,STAYC,"스테이씨 ‘ASAP’, 비활동기에도 핫하다",http://sports.khan.co.kr/news/sk_index.html?art_id=202106151032013&sec_id=540301&pt=nv
2021.6.16,ITZY,"[종합] ""재수사 요청""…JYP, 리아 학폭 명예회복 총력전…ITZY 활동은?",http://sports.chosun.com/news/ntype.htm?id=202106170100136670008683&servicedate=20210616
2021.6.17,ITZY,"""ITZY 리아 학폭, 허위로 볼 수 없다"" 했는데, ""사실 인정 아냐"" 활동 강...",https://www.hankyung.com/entertainment/article/202106177265H
2021.6.19,aespa,"에스파, 新 음원퀸 등극",http://sports.khan.co.kr/news/sk_index.html?art_id=202106191026003&sec_id=540301&pt=nv
2021.6.20,ITZY,"에스파 카리나, 6월 걸그룹 개인 브랜드평판 1위..데뷔 7개월만에 '톱' ...",http://star.mt.co.kr/stview.php?no=2021062010225628808
2021.6.20,aespa,"에스파 카리나, 6월 걸그룹 평판 1위…제니 2위",http://star.mk.co.kr/new/view.php?mc=ST&year=2021&no=595091
2021.6.20,aespa,"에스파 카리나, 블랙핑크 제니 꺾고 걸그룹 브랜드 평판 1위",https://hankookilbo.com/News/Read/A2021062014540005884?did=NA
2021.6.20,STAYC,"걸그룹 개인 브랜드평판 1위 에스파 카리나, 2위 블랙핑크 제니, 3위 오...",http://www.gpkorea.com/news/articleView.html?idxno=75221
2021.6.21,STAYC,지수·박혜수 학폭 논란→코로나19..위태로운 방송계[2021 상반기 결산 ...,http://star.mt.co.kr/stview.php?no=2021061922471581217
2021.6.21,aespa,"""진정한 넥스트 레벨""…美도 주목한 에스파 파워",https://www.hankyung.com/entertainment/article/202106210998H
2021.6.21,aespa,"美 ABC ""'K팝 루키' 에스파 MV 1억뷰 돌파, 진정한 넥스트 레벨""",https://www.news1.kr/articles/?4346322
2021.6.29,STAYC,"브브걸 유나→아이유, 맥락 없는 ‘남혐 논란’ 언제까지 [이슈와치]",https://www.newsen.com/news_view.php?uid=202106290759232310
2021.7.9,STAYC,[초점] “빌보드 곡처럼 만들어 줘”…‘글로벌 케이팝’ 외치는 韓가요...,https://www.dailian.co.kr/news/view/1010021/?sc=Naver
2021.7.9,ITZY,"ITZY 채령, 일상 대공개",http://sports.khan.co.kr/news/sk_index.html?art_id=202107090912003&sec_id=540201&pt=nv
2021.7.11,STAYC,"스테이씨 시은X재이, 사이로 ‘그저 안녕’ 커버… ‘아련+청량’",https://sports.donga.com/article/all/20210711/107892998/1
2021.7.17,STAYC,"스테이씨 재이, 두아 리파 'Don't Start Now' 커버 공개 ""美친 음색+연출...",https://sports.hankooki.com/lpage/entv/202107/sp20210717094815136730.htm?s_ref=nv
2021.7.18,STAYC,"""줄을 잘 서야죠""…대통령이 되는 법 [OTT네비]",https://www.hankyung.com/life/article/202107167010H
2021.7.18,aespa,"에스파, 걸그룹 브랜드평판 2개월 연속 1위",https://star.ytn.co.kr/_sn/0117_202107181342229928
2021.7.18,aespa,제니 위에 에스파 카리나?,http://sports.khan.co.kr/news/sk_index.html?art_id=202107180942003&sec_id=540101&pt=nv
2021.7.19,ITZY,남다른 유전자의 힘? 잘나가는 형제 자매 스타,https://hankookilbo.com/News/Read/A2021071913080005520?did=NA
2021.7.20,STAYC,"‘정오의 희망곡’ 사이로 장인태, 스테이씨 ‘ASAP’→무한궤도 ‘그대...",http://enter.etoday.co.kr/view/news_view.php?varAtcId=208478
2021.7.21,ITZY,"우정 남다른 있지(ITZY) ""리아 생일 축하해…태어나줘서 고마워""",https://www.tvreport.co.kr/2075147
2021.7.21,aespa,"방탄소년단·에스파, 인플루언서 선정 '남녀 아이돌 원탑'",http://www.joynews24.com/view/1387237
2021.7.21,aespa,인플루언서들의 아이돌은? BTS·에스파 1위,https://www.hankyung.com/entertainment/article/202107216918H
2021.7.27,STAYC,"영화 '우리는 언제나 성에 살았다' ""셜리 잭슨 소설 원작, 타이사 파미가...",http://www.lecturernews.com/news/articleView.html?idxno=72467
2021.8.12,STAYC,또 도마에 오른 늑장 플레이,http://jtbcgolf.joins.com/news/news_view.asp?ns1=39370
2021.8.13,ITZY,"ITZY, 9월 24일 첫 정규 앨범 발매",http://news.tf.co.kr/read/entertain/1881605.htm
2021.8.13,ITZY,"ITZY, 9월 24일 첫 정규 앨범 ‘CRAZY IN LOVE’ 발매…컴백 포스터 깜짝...",http://www.wowtv.co.kr/NewsCenter/News/Read?articleId=A202108130083&t=NN
2021.8.17,STAYC,"스테이씨, 9월 6일 컴백 [공식]",http://starin.edaily.co.kr/news/newspath.asp?newsid=01095526629148304
2021.8.17,STAYC,"스테이씨, 9월 6일 컴백...몽환+신비 ‘스테레오타입’",http://star.mk.co.kr/new/view.php?mc=ST&year=2021&no=793468
2021.8.18,ITZY,"ITZY, 자체 예능 'CSI 시즌2' 첫선..꺄르르르르♥",http://star.mt.co.kr/stview.php?no=2021081809522784902
2021.8.18,STAYC,스테이씨 윤X재이 비주얼 정점 컴백 콘셉트 포토 공개,https://www.sedaily.com/NewsView/22Q8IUYBC4
2021.8.19,aespa,"에스파, 클리오 팔레트로 아이메이크업 해요",http://www.newsis.com/view/?id=NISX20210819_0001552975&cID=13001&pID=13000
2021.8.19,aespa,"‘세븐♥’ 이다해, 38세에도 에스파 안무 완벽 소화.. 역시 ‘춤꾼’ ...",http://www.osen.co.kr/article/G1111637830
2021.8.19,STAYC,"스테이씨, 수민·시은 콘셉트 포토 1차 공개…순수하고 강렬한 비주얼",http://star.mt.co.kr/stview.php?no=2021081908392332775
2021.8.19,STAYC,"스테이씨 수민·시은, '스테레오타입' 콘셉트 포토 공개…물오른 비주얼",https://www.news1.kr/articles/?4407603
2021.8.20,STAYC,"스테이씨, 아이사-세은 콘셉트 포토 1차 공개",https://sports.donga.com/article/all/20210820/108636663/1
2021.8.20,STAYC,"스테이씨 아이사X세은, 콘셉트 포토 공개…청순美+우아함 폭발",http://star.mbn.co.kr/view.php?year=2021&no=805518&refer=portal
2021.8.21,aespa,아티스트 세대교체…SM·JYP '엔터주 2위' 경쟁 치열,http://yna.kr/AKR20210820128600002?did=1195m
2021.8.21,STAYC,"9월6일 컴백' 스테이씨, 첫 미니앨범 콘셉트 사진 공개",http://www.newsis.com/view/?id=NISX20210821_0001555427&cID=10601&pID=10600
2021.8.21,STAYC,"스테이씨, '우아+몽환' 반전 이미지 변신",https://hankookilbo.com/News/Read/A2021082109570005046?did=NA
2021.9.15,ITZY,"ITZY 류진·채령·유나, 키치 하이틴 변신",https://hankookilbo.com/News/Read/A2021091508060000028?did=NA
2021.9.16,ITZY,"ITZY, Z세대 취향저격한 솔직당당한 매력[★포토]",http://www.sportsseoul.com/news/read/1063738?ref=naver
2021.9.16,STAYC,"스테이씨, '색안경'으로 '쇼챔피언' 무대 달궈",http://enews.imbc.com/News/RetrieveNewsInfo/325521
2021.9.17,ITZY,"‘컴백 D-7’ ITZY, 통통 튀는 스타일링",http://sports.khan.co.kr/news/sk_index.html?art_id=202109170912003&sec_id=540301&pt=nv
2021.9.20,ITZY,"컴백' ITZY, 첫 정규 'CRAZY IN LOVE' 스포일러 영상 최초 공개",http://star.mt.co.kr/stview.php?no=2021092009160442397
2021.9.21,ITZY,"ITZY, 美 유명 TV쇼 ‘켈리 클락슨 쇼’ 출연",http://star.mk.co.kr/new/view.php?mc=ST&year=2021&no=904589
2021.9.21,ITZY,ITZY 'SWIPE' 뮤직비디오 티저,https://kstar.kbs.co.kr/list_view.html?idx=161760
2021.9.21,aespa,"에스파, 10월 5일 첫 미니 ‘새비지’ 발표",http://www.segye.com/content/html/2021/09/14/20210914511547.html?OutUrl=naver
2021.9.21,STAYC,"스테이씨 ""스윗과 함께하는 첫 추석…배꼽 빠지게 행복하길""",http://news.tf.co.kr/read/entertain/1888961.htm
2021.9.21,STAYC,틴프레시 꾹꾹 눌러 담은 스테이씨 색안경 뮤비 메이크업 비하인드스토...,https://www.allurekorea.com/2021/09/23/%ea%b3%bc%ec%a6%99%eb%af%b8-200-%ec%8a%a4%ed%85%8c%ec%9d%b4%ec%94%a8-%ec%83%89%ec%95%88%ea%b2%bd-%eb%ae%a4%eb%b9%84-%eb%a9%94%ec%9d%b4%ed%81%ac%ec%97%85-%eb%b9%84%ed%95%98%ec%9d%b8%eb%93%9c-%ec%8a%a4/?utm_source=naver&utm_medium=partnership
2021.9.27,ITZY,"케이콘택트5' 욕설 번역 논란…Mnet ""불편드려 죄송, VOD는 수정""",http://isplus.live.joins.com/news/article/article.asp?total_id=24147159
2021.9.30,aespa,"에스파, 세 번째 표절 논란 ""앨범 티저, 일본 일러스트와 흡사""",http://news.mt.co.kr/mtview.php?no=2021093019071854486
2021.10.5,ITZY,"진부해진 아재 예능, '아는 형님' 300회의 명암",http://www.ohmynews.com/NWS_Web/View/at_pg.aspx?CNTN_CD=A0002777640&CMPT_CD=P0010&utm_source=naver&utm_medium=newsearch&utm_campaign=naver_news
2021.10.17,STAYC,"코르다·고진영·박인비, 평균 타수 1위 해도 베어트로피 못 받을 듯",http://www.golfdigest.co.kr/news/articleView.html?idxno=38992
2021.10.18,ITZY,에스파 ‘새비지’ 1위…앵콜 라이브 실력 ‘깜짝’ (종합) [DA:이슈],https://sports.donga.com/article/all/20211018/109755059/1
2021.10.20,ITZY,ITZY 1000만뷰→22일 특별판 발매,https://sports.donga.com/article/all/20211020/109805017/1
2021.10.20,ITZY,"ITZY, 정규 1집 스페셜 에디션 발매 & 수록곡 'SWIPE' 뮤직비디오 1000만 ...",http://www.wowtv.co.kr/NewsCenter/News/Read?articleId=A202110200251&t=NN
2021.10.20,aespa,"미니앨범 '새비지'도 성공…에스파, 빌보드 10개 차트 입성",http://yna.kr/AKR20211020066500005?did=1195m
2021.10.20,aespa,"에스파, ‘새비지’ 신드롬…美 빌보드 10개 차트 입성",http://star.mk.co.kr/new/view.php?mc=ST&year=2021&no=991908
2021.10.20,aespa,"[순위표] 에스파 'Savage', 美 빌보드 10개 차트 입성",http://www.joynews24.com/view/1413489
2021.10.20,STAYC,"유퀴즈' 땡깡 ""있지→스테이씨 만나, 한 달 수익 최대 2백만원"" [TV캡처...",http://stoo.com/article.php?aid=75269251493
2021.10.21,aespa,"대세 걸그룹 에스파, '2021 AAA' 참석 확정",http://www.newsis.com/view/?id=NISX20211021_0001622065&cID=10601&pID=10600
2021.10.21,aespa,에스파 ‘새비지’ 51만장 돌파,https://sports.donga.com/article/all/20211021/109822853/1
2021.10.21,aespa,"에스파 ‘새비지’, 하프 밀리언셀러 등극",http://sports.khan.co.kr/news/sk_index.html?art_id=202110210926003&sec_id=540301&pt=nv
2021.10.21,STAYC,"스테이씨, 케이팝 레이더 '이달의 루키' 선정 [공식]",http://star.mt.co.kr/stview.php?no=2021102122551748696
2021.10.21,STAYC,"스테이씨, 케이팝 레이더 ‘이달의 루키’ 선정 “놀라운 성장세”",http://tvdaily.co.kr/read.php3?aid=16347770371609249010
2021.10.21,STAYC,스테이씨가 지구와 함께 사는 법,http://www.harpersbazaar.co.kr/article/59518
2021.10.25,ITZY,"게임인지 화풀인지…'런닝맨', 또 가학성 논란 [종합]",https://www.xportsnews.com/?ac=article_view&entry_id=1490703
2021.10.26,aespa,"지젤 사과, 대체 뭐길래... 흑인 비하 '사과로 마무리'",http://www.ggilbo.com/news/articleView.html?idxno=875446
2021.10.26,Kep1er,오빠빨' 데뷔 조작논란에 퇴출 국민청원까지... 휴닝바히에는 무엇을 ...,http://www.ggilbo.com/news/articleView.html?idxno=875445
2021.10.28,Kep1er,"걸스플래닛' PD ""휴닝바히에 퇴출 운동? 안타깝다, 충분히 매력 있는데...",https://tenasia.hankyung.com/tv/article/2021102805024
2021.11.1,STAYC,"[트위터 리트윗종합순위] 방탄소년단 뷔 4회째 1위, 2위 방탄소년단 지...",http://www.topstarnews.net/news/articleView.html?idxno=14644206
2021.11.1,ITZY,"김선호, 논란 불구 '2021AAA' 남자 배우 부문 1위",http://enews.imbc.com/News/RetrieveNewsInfo/329521
2021.11.2,STAYC,"[트위터 리트윗종합순위] 방탄소년단 뷔 5회째 1위, 2위 방탄소년단 지...",http://www.topstarnews.net/news/articleView.html?idxno=14644684
2021.11.8,STAYC,"[트위터 리트윗종합순위] 방탄소년단 뷔 10회째 1위, 2위 방탄소년단 지...",http://www.topstarnews.net/news/articleView.html?idxno=14646735
2021.11.11,aespa,"차세대 SMP의 이상향, 에스파의 Savage",http://ch.yes24.com/Article/View/46344
2021.11.14,ITZY,"스타쉽→하이브, 신인 걸그룹 전쟁의 서막",https://hankookilbo.com/News/Read/A2021111014240001625?did=NA
2021.11.16,STAYC,"김선호, '2021 AAA' 인기상 2관왕...사생활 논란 타격 없어",http://www.idsn.co.kr/news/articleView.html?idxno=58530
2021.11.16,ITZY,"ITZY(있지), 日 ‘엠스테’ 첫 출연",https://sports.donga.com/article/all/20211116/110276507/1
2021.11.16,ITZY,[TD영상] 있지(ITZY) '눈 뗄 수 없는 화려한 LOCO 무대',http://tvdaily.asiae.co.kr/read.php3?aid=16370234311612745003
2021.11.17,ITZY,"김선호, '2021 Asia Artist Awards' 인기상 2관왕…득표율 40% 넘어",http://www.newsinside.kr/news/articleView.html?idxno=1121613
2021.11.17,Kep1er,케플러 '팬심 녹이는 하트'[★포토],http://star.mt.co.kr/stview.php?no=2021111722121361031
2021.11.17,STAYC,"스테이씨 ""스윗, 고마워""",http://www.mydaily.co.kr/new_yk/html/read.php?newsid=202111172102116670&ext=na&utm_campaign=naver_news&utm_source=naver&utm_medium=related_news
2021.11.18,STAYC,"김선호, '2021 AAA' 인기상 2관왕 확정...시상식 참석 여부 궁금증↑",http://www.idsn.co.kr/news/articleView.html?idxno=58610
2021.11.18,ITZY,"ITZY 유나·아이즈원 출신 안유진, 수능 미응시 K팝 아이돌 증가",https://news.jtbc.joins.com/article/article.aspx?news_id=NB12034069
2021.11.20,ITZY,"놀면 뭐하니' 하하, 미국인 잭에게 ITZY '달라달라'로 한국어 수업",https://www.news1.kr/articles/?4499204
2021.11.20,Kep1er,"김채현→션샤오팅, ‘걸스플래닛’ PD가 말하는 케플러 9人 [인터뷰]②",http://starin.edaily.co.kr/news/newspath.asp?newsid=01125046629247688
2021.11.20,STAYC,[포토] 스테이씨 “뉴배 즐기러 크래프톤 부스 왔어요~”,https://www.ddaily.co.kr/news/article.html?no=225913
2021.11.21,aespa,"[포토]에스파, '뉴욕으로~'",http://isplus.live.joins.com/news/article/article.asp?total_id=24169587
2021.11.21,STAYC,"스테이씨 시은, ‘꿈꾸라’ 스페셜 DJ 맹활약",http://sports.khan.co.kr/news/sk_index.html?art_id=202111210931003&sec_id=540101&pt=nv
2021.11.22,ITZY,"김선호, '1박 2일' 방송 중 나타난 이유? 11번가 중간광고 등장",http://woman.chosun.com/news/articleView.html?idxno=91688
2021.11.24,STAYC,"동성 미성년자 성추행' 케빈 스페이시, 제작사에 '370억' 배상",http://news.mt.co.kr/mtview.php?no=2021112408251541821
2021.11.30,STAYC,"인기상 2관왕 김선호, 결국...'2021 AAA 시상식' 최종 불참 확정",http://www.idsn.co.kr/news/articleView.html?idxno=59377
2021.11.30,ITZY,"김선호, 인기상 2관왕인데 '2021 AAA' 불참…아직 시기상조?",http://news.mt.co.kr/mtview.php?no=2021113007241321372
2021.12.2,STAYC,송지효 '숏컷 논란 후 첫 공식석상' [MK포토],http://mksports.co.kr/view/2021/1111856/
2021.12.3,IVE,"""향후 인사법 수정할 것"" 스타쉽, 아이브-에버글로우 유사성 지적 수용",http://www.topstarnews.net/news/articleView.html?idxno=14654526
2021.12.5,Kep1er,"케플러 데뷔 일정 연기…""스태프 1명 코로나19 양성"" (전문)",https://star.ytn.co.kr/_sn/0117_202112051341395080
2021.12.6,IVE,"미성년자인데…장원영, 안유진 이어 선정성 논란 ""가슴골 다 보여""",http://news.mt.co.kr/mtview.php?no=2021120613113619798
2021.12.6,IVE,[뮤직Y] 아이브 안유진 '뷔스티에 패션'이 어때서,https://ent.sbs.co.kr/news/article.do?article_id=E10010241336&plink=ORI&cooper=NAVER
2021.12.6,IVE,미성년자에게 란제리룩…아이브 유진 의상 선정성 논란,https://www.hankyung.com/entertainment/article/202112067608H
2021.12.8,Kep1er,"걸그룹 케플러, 데뷔 내년 1월로 연기…""MAMA 출연도 취소""",http://yna.kr/AKR20211208153300005?did=1195m
2021.12.8,Kep1er,"걸스플래닛 그룹' 케플러 데뷔일, 내년 1월 3일로 연기",http://starin.edaily.co.kr/news/newspath.asp?newsid=01341526629276552
2021.12.10,Kep1er,"케플러, 데뷔 전부터 ‘매력 폭발’",http://sports.khan.co.kr/news/sk_index.html?art_id=202112101050003&sec_id=540301&pt=nv
2021.12.13,IVE,"아이브 장원영, 성의없는 무대 안무 논란 '처음 아니다?'",http://www.gukjenews.com/news/articleView.html?idxno=2367732
2021.12.13,ITZY,"""혼자 머리 안 흔들고 대충대충"" 장원영, 'ELEVEN' 안무 논란",http://news.mt.co.kr/mtview.php?no=2021121311320214482
2021.12.13,Kep1er,"무한한 콘셉트 소화력' 케플러(Kep1er), 세 번째 콘셉트 포토 공개",https://www.sedaily.com/NewsView/22V9Z3IJ05
2021.12.13,Kep1er,"케플러, '퍼스트 임팩트' 세 번째 콘셉트 포토 공개…'몽환미' 발산",http://www.tvdaily.co.kr/read.php3?aid=16393592841616698010
2021.12.14,aespa,"에스파 지젤, 또 설화…극단적 선택 희화화 발언 논란",http://news.mt.co.kr/mtview.php?no=2021121416044772959
2021.12.14,Kep1er,"케플러 샤오팅·마시로, 코로나19 무증상 확진",http://www.newsis.com/view/?id=NISX20211214_0001687878&cID=10601&pID=10600
2021.12.14,Kep1er,"케플러 샤오팅·마시로, 코로나 확진 [공식]",https://sports.donga.com/article/all/20211214/110783540/1
2021.12.15,STAYC,단점은 너무 부자라는 것?…바이든 재선 대신할 美잠룡 7인,https://www.joongang.co.kr/article/25032355
2021.12.18,IVE,‘음악중심’ 확진자 발생에도 생방송 강행 논란에 “우려 스태프 제작...,http://star.mk.co.kr/new/view.php?mc=ST&year=2021&no=1144423
2021.12.18,IVE,[단독] MBC ‘쇼! 음악중심’ 코로나 거짓 해명…생방송 전 확진자와 다...,http://www.busan.com/view/busan/view.php?code=2021121815254102425
2021.12.19,IVE,"아이브 5관왕, 데뷔 2주 만에 ‘쇼! 음악중심’ 1위",http://star.mbn.co.kr/view.php?year=2021&no=1144916&refer=portal
2021.12.19,STAYC,[포토] 스테이씨 '설레는 아시아모델어워즈',https://www.newdaily.co.kr/site/data/html/2021/12/19/2021121900094.html
2021.12.20,ITZY,"ITZY 유나, 반박불가 얼굴 천재..19살의 성숙美",http://biz.heraldcorp.com/view.php?ud=202112201621342577189_1
2021.12.20,aespa,"에스파, S.E.S 커버한다",http://sports.khan.co.kr/news/sk_index.html?art_id=202112201059003&sec_id=540301&pt=nv
2021.12.20,aespa,임영웅→에스파…'가요대제전' 초호화 라인업 공개,http://woman.chosun.com/news/articleView.html?idxno=92798
2021.12.20,IVE,"장원영 그룹 '아이브', 엔씨 유니버스에 떴다",http://news.mk.co.kr/newsRead.php?no=1146840&year=2021
2021.12.20,STAYC,"스테이씨, ‘2021 아시아 모델 어워즈’ 신인상 수상",http://enter.etoday.co.kr/view/news_view.php?varAtcId=216873
2021.12.20,STAYC,"스테이씨, ‘2021 아시아 모델 어워즈’ 신인상 수상…“좋은 영향력으...",http://www.wowtv.co.kr/NewsCenter/News/Read?articleId=A202112200156&t=NN
2021.12.21,ITZY,"ITZY(있지) ‘워너비’ MV, 4억뷰 돌파 [공식]",https://sports.donga.com/article/all/20211221/110892544/1
2021.12.21,ITZY,"ITZY, 'WANNABE' 뮤직비디오 유튜브 4억 뷰 돌파…첫 4억 뷰로 자체 최고...",http://www.wowtv.co.kr/NewsCenter/News/Read?articleId=A202112210096&t=NN
2021.12.21,aespa,"에스파, '2021 윈터 SMTOWN' 타이틀곡 선정",http://isplus.live.joins.com/news/article/article.asp?total_id=24181051
2021.12.21,aespa,에스파 'Next Level' 스포티파이 'K팝 대박' 최다 스트리밍 1위[공식],http://star.mt.co.kr/stview.php?no=2021122110441243780
2021.12.21,aespa,"2021 Winter SMTOWN', 단체곡 '빛'+에스파 'Dreams Come True' 더블 타이틀...",http://biz.heraldcorp.com/view.php?ud=202112210900554623638_1
2021.12.21,IVE,"신인 아이브, '깨발랄' 연습생 시절 공개",http://www.newsis.com/view/?id=NISX20211221_0001696307&cID=10601&pID=10600
2021.12.21,IVE,"1,2,3 IVE' 아이브, 열정 가득 연습생 시절 공개",https://star.ytn.co.kr/_sn/0117_202112211452072825
2021.12.21,IVE,"아이브 ""'아이브 시대' 열어가겠다""[화보]",http://biz.heraldcorp.com/view.php?ud=202112210811504359841_1
2021.12.21,IVE,‘슈퍼 루키’ 아이브 “동시대 대표하는 팀 되고 싶어”[스타화보],https://www.newsen.com/news_view.php?uid=202112210807392410
2021.12.21,IVE,"아이브 장원영, 대체불가 미모…당길수록 무결점 [TENTOK]",https://tenasia.hankyung.com/topic/article/2021122145894
2021.12.21,STAYC,[포토]스테이씨 재이 '사랑스러운 손하트',https://www.spotvnews.co.kr/?mod=news&act=articleView&idxno=460399
2021.12.21,STAYC,"차지연→스테이씨, '2021 SBS 연기대상' 스페셜 무대 [공식]",http://www.tvdaily.co.kr/read.php3?aid=16400506001617921002
2021.12.24,STAYC,#역사왜곡 #오리지널 #구·호 #세대교체…2021 연예계 해시태그 넷,https://ilyo.co.kr/?ac=article_view&entry_id=419563
2021.12.26,ITZY,"[K-Biz 리뷰] LX세미콘, TSMC 40나노 노드 선점·셀트리온 '렉키로나' 유...",https://www.theguru.co.kr/news/article.html?no=29564
2021.12.27,IVE,"""수상 중 휴대폰만 쳐다봐""…이휘재, 'KBS 연예대상' 비매너 논란(종합)...",http://www.osen.co.kr/article/G1111724627
2021.12.28,STAYC,학폭·코로나·마약 못 피했지만…방탄 美 접수→조이♥크러쉬 활짝 [20...,https://www.xportsnews.com/article/1515653
2021.12.29,ITZY,"스걸파' 클루씨, 시청자 뿔나게 한 비매너 [이슈&톡]",http://www.tvdaily.co.kr/read.php3?aid=16407536861619242002
2021.12.30,IVE,"12월 다섯째주 이주의 싱글 - 비오, 문별, 라비",http://ch.yes24.com/Article/View/46701
2021.12.31,ITZY,클루씨 논란 속 '스걸파' 파이널 예고..ITZY vs 전소연 vs 마마무,http://www.osen.co.kr/article/G1111730367
2022.1.1,IVE,[SC초점] 방탄소년단 '영광'→에스파·아이브·ITZY 4세대 3대장…학폭·...,http://sports.chosun.com/news/ntype.htm?id=202201020100004530000054&servicedate=20220101
2022.1.5,ITZY,"턴즈, 최종 우승 크루→'비매너 논란' 클루씨 ""반성했다"" 눈물로 사과 (...",http://sports.chosun.com/news/ntype.htm?id=202201050100028300001569&servicedate=20220105
2022.1.9,IVE,"블랙핑크 1위, 1월 걸그룹 브랜드평판 ‘정상’…2위 아이브‧3위 에스...",http://star.mbn.co.kr/view.php?year=2022&no=23691&refer=portal
2022.1.9,IVE,"블랙핑크, 걸그룹 브랜드평판 1위",http://www.newsis.com/view/?id=NISX20220109_0001717836&cID=10601&pID=10600
2022.1.9,STAYC,"괴물 신인' 아이브, 단숨에 걸그룹 브랜드평판 2위. 블랙핑크 따라 잡...",http://sports.chosun.com/news/ntype.htm?id=202201100100054150003336&servicedate=20220109
2022.1.10,aespa,"윈터 욕설 논란' A씨 ""동명이인 내가 쓴 것…개인정보 유포자 고소""",https://www.viva100.com/main/view.php?key=20220110010002278
2022.1.10,IVE,"블랙핑크, 아이브·에스파·트와이스 제치고 '걸그룹 브랜드평판 1위'",http://www.shinailbo.co.kr/news/articleView.html?idxno=1504064
2022.1.11,ITZY,"스우파→스걸파→스맨파..권영찬CP·김나연PD ""댄서 팬덤 확장""[★FULL인...",http://star.mt.co.kr/stview.php?no=2022011113383653164
2022.1.14,STAYC,"1월 걸그룹 브랜드평판' 3위 에스파, 2위 아이브, 대망의 1위는 바로…",https://www.wikitree.co.kr/articles/724228
2022.1.16,IVE,"""다리에서 피나는데""…아이브 장원영, 태도 논란 끝…'부상 투혼' 무대...",http://www.topstarnews.net/news/articleView.html?idxno=14664377
2022.1.16,IVE,아이브 ‘음방 8관왕’ 휩쓸다,http://sports.khan.co.kr/news/sk_index.html?art_id=202201160909003&sec_id=540301&pt=nv
2022.1.16,STAYC,[ST포토] 스테이씨 윤 '가슴에 하트',http://stoo.com/article.php?aid=77154594516
2022.1.17,ITZY,ITZY ‘눈부심’ 2022ing,http://sports.khan.co.kr/news/sk_index.html?art_id=202201170813003&sec_id=540301&pt=nv
2022.1.17,ITZY,"ITZY, 2021년 각종 지표 자체 최고 성적 달성…2022년에도 종횡 무진 활...",http://www.wowtv.co.kr/NewsCenter/News/Read?articleId=A202201170029&t=NN
2022.1.17,IVE,"아이브, 식지 않는 인기…음악방송 9관왕 달성",http://news.tf.co.kr/read/entertain/1912851.htm
2022.1.17,STAYC,"[사진]스테이씨 재이,'신이 난다'",http://www.osen.co.kr/article/G1111744146
2022.1.18,IVE,"“프리지아 따라 하는 거 아니냐” 소리 들었던 장원영, 한방에 싹 정리...",https://www.wikitree.co.kr/articles/725196
2022.1.19,aespa,"보아→에스파 유닛 갓더비트, 27일 ‘엠카’ 출연 [공식]",https://sports.donga.com/article/all/20220119/111315383/1
2022.1.20,aespa,"에스파, ‘Black Mamba’ MV 조회수 2억 넘었다",http://sports.khan.co.kr/news/sk_index.html?art_id=202201201529003&sec_id=540301&pt=nv
2022.1.20,aespa,"에스파 카리나, 스타랭킹 女아이돌 1위..11주 연속 대기록",http://star.mt.co.kr/stview.php?no=2022012016100155679
2022.1.21,IVE,아이브 'ELEVEN' 유튜브뮤직 톱100 차트 1위 재탈환[공식],http://star.mt.co.kr/stview.php?no=2022012115083632439
2022.1.21,IVE,"아이브, 활동 끝나도 기록 대행진…유튜브 뮤직 차트 1위 재탈환",https://www.xportsnews.com/article/1528210
2022.1.21,IVE,[퍼스널리티] 아이브 성공으로 본 걸그룹의 향방,https://www.ize.co.kr/news/articleView.html?idxno=51091
2022.1.21,Kep1er,"케플러, K-걸그룹 신기록 아이콘이 되다",https://hankookilbo.com/News/Read/A2022012108450003768?did=NA
2022.1.21,Kep1er,"와 다 다' 케플러, '엠카운트다운' 2주 연속 정상",http://starin.edaily.co.kr/news/newspath.asp?newsid=01125046632200016
2022.1.21,Kep1er,"[통통컬처] 쉴틈 없는 공격에도 '칼박' 챙긴 케플러…""역시 짱플러""",http://yna.kr/AKR20220120183500704?did=1195m
2022.1.26,STAYC,"[트위터 리트윗종합순위] 임영웅 13회째 1위, 2위 방탄소년단 지민에 69...",http://www.topstarnews.net/news/articleView.html?idxno=14666813
2022.1.28,IVE,"""방탄소년단·NCT127→임영웅""…2022년 설연휴, 아이돌 뭐하나",http://sports.chosun.com/news/ntype.htm?id=202201290100177270010951&servicedate=20220128
2022.2.8,aespa,"에스파 닝닝, 中 쇼트트랙 '노터치' 금메달에 ""기쁘고 영광"" 발언 논란",https://www.xportsnews.com/article/1534568
2022.2.8,aespa,“中 쇼트 금메달 기뻐” 에스파 닝닝 논란 후 SM 주가 출렁,https://www.chosun.com/economy/stock-finance/2022/02/08/QWWDTEFRE5HCZMOKLIS6UXOGQA/?utm_source=naver&utm_medium=referral&utm_campaign=naver-news
2022.2.8,aespa,"에스파 닝닝 ""中금메달 기쁘다""...디어유, 글 삭제 요구",http://www.smartfn.co.kr/view.php?ud=2022020811211666614af74ce8f8_46
2022.2.10,aespa,감히 닝닝을 욕해? 中 누리꾼들 “좁은 땅의 한국인은 포용력 배워라”,https://nownews.seoul.co.kr/news/newsView.php?id=20220210601016&wlog_tag3=naver
2022.2.10,Kep1er,"케플러 최유진‧김다연, 코로나19 완치 [공식입장]",https://www.xportsnews.com/article/1535450
2022.2.14,IVE,포토샵 걸려 실물 까발려졌던 '대륙의 아이유' 차이유 근황 (영상),https://www.insight.co.kr/news/382134
2022.2.14,ITZY,"ITZY, 리아 이어 예지 코로나19 확진…""미열 증상""",http://news.tf.co.kr/read/entertain/1918445.htm
2022.2.15,Kep1er,"에스투엔디, 슈퍼루키 케플러 모델 발탁",http://www.wowtv.co.kr/NewsCenter/News/Read?articleId=A202202140287&t=NN
2022.2.16,ITZY,"ITZY 채령, 리아·예지 이어 코로나19 확진..""재택 치료 중"" [공식]",http://www.osen.co.kr/article/G1111765066
2022.2.17,ITZY,"포켓몬, 걸그룹 ITZY가 출연한 '포켓몬 카드 게임' CM 공개",http://gamefocus.co.kr/detail.php?number=126725
2022.2.18,STAYC,"[TOP초점] '하나의 중국'→'큰절 논란', 반중정서 속 국내 중국인 아이돌...",http://www.topstarnews.net/news/articleView.html?idxno=14671698
2022.2.19,ITZY,"ITZY 리아, 코로나19 격리 해제 ""류진·유나도 이상 無""[공식]",http://star.mt.co.kr/stview.php?no=2022021908134261737
2022.2.20,ITZY,"[베이징 NOW] 첸-하뉴, 갈라쇼에서 또다른 명승부…베이징 은반에 울려...",https://www.spotvnews.co.kr/news/articleView.html?idxno=506480
2022.2.20,ITZY,"‘LOCO’로 성덕된 알리사 리우… ITZY는 “고마워, 정말 멋졌어”",http://www.sportalkorea.com/news/view.php?gisa_uniq=2022022018431694§ion_code=7111&cp=se&sp=B
2022.2.20,aespa,"인기가요' 갓더비트vs김민석vs에스파, 1위 주인공 누구?",http://star.mt.co.kr/stview.php?no=2022022015523627190
2022.2.20,Kep1er,"""'갓태연' 귀환""…소시 태연, 2월 걸그룹 개인 브랜드 평판 1위",http://sports.chosun.com/news/ntype.htm?id=202202200100133330008846&servicedate=20220220
2022.2.21,ITZY,베이징 갈라쇼서 울려퍼진 K팝 ITZY 노래…한한령 깼다,https://www.joongang.co.kr/article/25049810
2022.2.21,ITZY,"베이징 빙판 갈라쇼에서 울려 퍼진 ITZY의 '로코', 한한령 깼다",http://www.fnnews.com/news/202202202232547200
2022.2.21,aespa,"최여진, 다리 근육과 반대되는 샤방한 매력..""에스파 줌바버전으로""",http://biz.heraldcorp.com/view.php?ud=202202210841209358142_1
2022.2.21,IVE,"""다이브 모여라""..아이브, 공식 팬클럽 1기 모집",http://star.mt.co.kr/stview.php?no=2022022115444413627
2022.2.21,IVE,"아이브 원영, 인간 체리 아닌가요?",http://www.newsis.com/view/?id=NISX20220221_0001766844&cID=10601&pID=10600
2022.2.21,IVE,"한터차트, 트레저·아이브 나란히 1위",http://sports.khan.co.kr/news/sk_index.html?art_id=202202211138003&sec_id=540301&pt=nv
2022.2.21,Kep1er,"브브걸·비비지·우주소녀·이달소·케플러·효린, '퀸덤2' 출연",http://www.newsis.com/view/?id=NISX20220221_0001766544&cID=10601&pID=10600
2022.2.21,Kep1er,브브걸·케플러·효린…'퀸덤2' 라인업 공개,http://starin.edaily.co.kr/news/newspath.asp?newsid=01413686632232816
2022.2.21,Kep1er,스테이씨·빌리·엔믹스…4세대 대표 걸그룹 될까,http://www.newstomato.com/ReadNews.aspx?no=1107077&inflow=N
2022.2.21,STAYC,[영상] 스테이씨(STAYC) 신곡 '런투유'(RUN2U)로 화려한 컴백,https://www.news1.kr/articles/?4592034
2022.2.21,STAYC,"[포토] 수민, 스테이씨의 매력 담당",http://star.mk.co.kr/new/view.php?mc=ST&year=2022&no=164755
2022.2.23,IVE,"""XX 살벌해"" 첫방부터 '최상위1%' 기밀부대라니..자! 이제 수컷들의 싸움...",http://www.osen.co.kr/article/G1111769452
2022.2.24,NMIXX,"[트위터 리트윗 TOP100] 엔믹스 2회째 1위, 에이티즈·방탄소년단 지민·...",http://www.topstarnews.net/news/articleView.html?idxno=14673037
2022.2.28,NMIXX,"[트위터 리트윗 TOP100] 엔믹스 5회째 1위, 에이티즈·임영웅·방탄소년...",http://www.topstarnews.net/news/articleView.html?idxno=14673879
2022.3.1,NMIXX,"[트위터 리트윗 TOP100] 엔믹스 6회째 1위, 에이티즈·임영웅·방탄소년...",http://www.topstarnews.net/news/articleView.html?idxno=14674183
2022.3.4,ITZY,"ITZY, 다채로운 콘텐츠로 글로벌 팬심 접수",http://www.wowtv.co.kr/NewsCenter/News/Read?articleId=A202203040059&t=NN
2022.3.13,Kep1er,"복면가왕' 21인의 스페셜 판정단, 아이키·케플러 최유진&마시로 등",http://www.mhns.co.kr/news/articleView.html?idxno=523002
2022.3.14,ITZY,"ITZY, 日 골드디스크 대상 '베스트 3 뉴 아티스트' 아시아 부문 수상",https://star.ytn.co.kr/_sn/0117_202203141535587448
2022.3.14,ITZY,"ITZY, 日 골드디스크 대상 '베스트 3 뉴 아티스트' 아시아 부문 수상…일...",http://www.wowtv.co.kr/NewsCenter/News/Read?articleId=A202203140189&t=NN
2022.3.17,IVE,"[TEN피플] 장원영, 가수로 거듭날 셀럽?...4년차 '국민 센터'의 묵혀둔 ...",https://tenasia.hankyung.com/topic/article/2022031722164
2022.3.18,IVE,"아이브, 새 싱글 '러브 다이브' 스케줄 포스터 공개",http://www.newsis.com/view/?id=NISX20220318_0001798808&cID=10601&pID=10600
2022.3.19,IVE,"아이브, 새 프러포즈 2",http://sports.khan.co.kr/news/sk_index.html?art_id=202203191950013&sec_id=540301&pt=nv
2022.3.19,STAYC,"음악중심' 태연vs스테이씨vsMSG워너비, 1위 트로피 맞대결",https://www.xportsnews.com/article/1550237
2022.3.20,ITZY,"소녀시대 태연, 걸그룹 평판 1위…2위 우주소녀 보나·3위 블랙핑크 제...",http://star.mk.co.kr/new/view.php?mc=ST&year=2022&no=254107
2022.3.20,aespa,"태연, 3월 걸그룹 개인 브랜드평판 1위…2위 우주소녀 보나·3위 블랙핑...",https://www.sedaily.com/NewsView/263HOWAK59
2022.3.20,IVE,‘컴백’ 아이브 ‘러브 다이브’ 트랙리스트 공개…서지음·이스란 지...,https://www.newsen.com/news_view.php?uid=202203201437590410
2022.3.20,STAYC,"‘인기가요’ 스테이씨, 커리어하이 찍고 ‘RUN2U’ 마무리",http://sports.khan.co.kr/news/sk_index.html?art_id=202203201721003&sec_id=540301&pt=nv
2022.3.21,IVE,"한국어 언어처리 아이브릭스, 전직원 연봉 500만원 일괄 인상",http://www.edaily.co.kr/news/newspath.asp?newsid=02023766632265616
2022.3.21,NMIXX,트레저-엔믹스 뮤빗 선정 3월의 HIT 아티스트!,http://isplus.live.joins.com/news/article/article.asp?total_id=24213330
2022.3.21,Kep1er,"케플러 히카루, 리폼으로 뽐낸 패션 센스..""괜찮죠?"" [스타IN★]",http://star.mt.co.kr/stview.php?no=2022032114350360117
2022.3.21,STAYC,"스테이씨 ""런투유, 긴장보다 자신감 앞섰다""",http://www.newsis.com/view/?id=NISX20220321_0001801604&cID=10601&pID=10600
2022.3.21,STAYC,"스테이씨 ""오래 가는 것이 목표…차근차근 알려나갈 것""",https://star.ytn.co.kr/_sn/0117_202203211528181501
2022.3.22,ITZY,[특별 인터뷰] 마쓰다 아오코 “아이돌의 팬이 된다는 것”,http://ch.yes24.com/Article/View/48273
2022.3.27,NMIXX,"[증권 리포트] 지난주 리포트 모아보기...""사상 최대 실적 지속"" 하나금...",https://www.youthdaily.co.kr/news/article.html?no=96143
2022.4.1,IVE,[Y초점] '긴 댓글엔 100원?' 아이브 장원영 겨냥 도 넘은 트집,https://star.ytn.co.kr/_sn/0117_202204010900013120
2022.4.4,STAYC,LPGA 호수의 여인들은 어디로 갔을까 [성호준의 골프인사이드],https://www.joongang.co.kr/article/25060771
2022.4.5,NMIXX,"탈덕수용소', 엔믹스 설윤 열애설 '날조'…""남자 아이돌 아니었다""",http://www.topstarnews.net/news/articleView.html?idxno=14682501
2022.4.5,STAYC,"스테이씨, 2연속 한터차트 브론즈 인증…""함께하자""",http://www.newsis.com/view/?id=NISX20220405_0001821458&cID=10601&pID=10600
2022.4.6,STAYC,친한 친구' 박진영·스테이씨→수민&아이사 출격,http://www.newsis.com/view/?id=NISX20220406_0001822787&cID=10601&pID=10600
2022.4.10,IVE,"인기가요' NCT드림, '버퍼링' 음방 5관왕…수호·아이브·홍진영 컴백 ...",https://www.xportsnews.com/article/1560361
2022.4.13,NMIXX,"4세대 아이콘 향해, 엔믹스·아이브·르세라핌",http://www.sportsq.co.kr/news/articleView.html?idxno=439176
2022.4.15,IVE,에스파→아이브→르세라핌 걸그룹 3대장 美친 라인업[윤상근의 맥락],http://star.mt.co.kr/stview.php?no=2022041412570712070
2022.4.17,IVE,"아이브 장원영 딸기 먹방 따라한 男 유튜버, 조롱 논란에 사과 ""비하 의...",http://www.osen.co.kr/article/G1111816236
2022.4.18,ITZY,"있지(ITZY), '있지코지 하우스' 5월 4일 첫방송...포스터 공개",http://www.newsinside.kr/news/articleView.html?idxno=1131976
2022.4.18,ITZY,ITZY 일본 신곡 'Voltage' 뮤비 1000만뷰..유튜브 트렌딩 1위[공식],http://star.mt.co.kr/stview.php?no=2022041808014445833
2022.4.18,ITZY,［韓流］ＩＴＺＹ出演のバラエティー番組 来月放送開始,https://jp.yna.co.kr/view/AJP20220418005100882?did=1728m
2022.4.19,IVE,"아이브 장원영, 팬사인회 도중 '오열'…""요즘 스트레스 많이 받았는데""",https://tenasia.hankyung.com/topic/article/2022041963894
2022.4.19,aespa,"에스파, 미국 코첼라 메인 무대 초청…""K팝 걸그룹 최초""",https://www.yna.co.kr/view/AKR20220419106100005?did=1195m
2022.4.20,aespa,"에스파 '새비지', 독일 'iF 디자인 어워드' 본상 수상",https://www.yna.co.kr/view/AKR20220420128000005?input=1195m
2022.4.20,IVE,"아이브, ‘러브 다이브’ 음방 4관왕",https://sports.donga.com/article/all/20220420/112982092/1
2022.4.20,IVE,"아이브, 국내외 차트 고공행진..빛나는 존재감",http://biz.heraldcorp.com/view.php?ud=202204201407556415580_1
2022.4.20,IVE,3위 빅뱅・2위 아이브…데뷔 1924일 만에 음악방송 ‘첫 1위’한 걸그룹,https://www.wikitree.co.kr/articles/749595
2022.4.20,NMIXX,"엔믹스, 자체 콘텐츠 '픽 엔믹스' 속 7人 화수분 매력",http://enews.imbc.com/News/RetrieveNewsInfo/344770
2022.4.21,ITZY,"ITZY, H&M 잠실 롯데월드몰 스토어 방문",http://www.stardailynews.co.kr/news/articleView.html?idxno=320380
2022.4.21,aespa,"에스파 윈터 ""매년 영상으로 보던 코첼라…꿈이 현실이 됐다""",http://www.newsis.com/view/?id=NISX20220421_0001842219&cID=10601&pID=10600
2022.4.21,aespa,"에스파, 美 빌보드와 인터뷰 “코첼라서 특별한 미공개 신곡 무대도 준...",http://star.mbn.co.kr/view.php?year=2022&no=355976&refer=portal
2022.4.21,IVE,"아이브, 日 애플뮤직 '러브다이브' 1위 차지",http://www.newsis.com/view/?id=NISX20220421_0001843256&cID=10601&pID=10600
2022.4.21,IVE,"아이브, '러브 다이브'로 일본도 삼켰다",http://star.mk.co.kr/new/view.php?mc=ST&year=2022&no=355272
2022.4.21,Kep1er,"퀸덤2' 케플러, 브레이브걸스 향해 권태기 의미 물었다 '폭소'[별별TV]",http://star.mt.co.kr/stview.php?no=2022042118063020334
2022.4.21,Kep1er,"퀸덤2', 오늘(21일) 비비지·케플러·효린 총출동 ""예고""",http://sports.hankooki.com/news/articleView.html?idxno=6795068
2022.4.21,Kep1er,"퀸덤2' 이달소, 케플러에 ""우리가 좀더 잘했다""",http://star.mk.co.kr/new/view.php?mc=ST&year=2022&no=358348
2022.4.28,IVE,"‘의미심장’ 뮤비·가사…차트·음방 석권한 빅뱅, 혹시 이게 마지막?",https://www.hani.co.kr/arti/culture/music/1040773.html
2022.4.29,STAYC,"美 중학교, 비밀리에 학생 성전환 독려 '논란'",https://www.goodnews1.com/news/articleView.html?idxno=407816
2022.5.2,ITZY,"제시 입술 필러→유나 갈비뼈, 女스타 외모 품평 논란 [이슈와치]",https://www.newsen.com/news_view.php?uid=202205021013520810
2022.5.3,aespa,"외부 소행이라더니...경복고, 에스파 논란에 2차 사과",https://hankookilbo.com/News/Read/A2022050308530000523?did=NA
2022.5.3,tripleS,[미리보는 이데일리 신문]尹정부 국익·실용 앞세워 文정책 대수술,http://www.edaily.co.kr/news/newspath.asp?newsid=04352566632325312
2022.5.6,NMIXX,7일만에 10만 넘어 밀리언셀러까지…앨범 초동 판매량 ‘기록 행진’,https://www.hani.co.kr/arti/culture/music/1041791.html
2022.5.7,IVE,"4월, 뒤집은 ‘브이’ 취하는 Z세대부터 대형 벨리곰 등장까지",https://economist.co.kr/2022/05/07/industry/distribution/20220507120008075.html
2022.5.12,IVE,"[김윤하의 전설이 될 거야] 말하는 케이팝, 실천하는 아포칼립스 : 드림...",http://ch.yes24.com/Article/View/50701
2022.5.15,IVE,갖은 논란에도 음반 매출 780% '대박'난 엔터…다음 전략은? [연계소문],https://www.hankyung.com/economy/article/2022051341037
2022.5.17,NMIXX,"엔믹스, 트와이스 '왓이즈러브'로 반전매력",https://isplus.joins.com/2022/05/17/enter/entertainment/20220517162816458.html
2022.5.18,aespa,"""만지는거 빼고 다했다""…에스파 성희롱글 경복고 학생 결말",https://www.joongang.co.kr/article/25072258
2022.5.18,aespa,"""만지는 거 빼고 다 했다""…에스파 성희롱 게시글 올린 학생 징계",http://star.mk.co.kr/new/view.php?mc=ST&year=2022&no=440423
2022.5.18,aespa,이수만 모교서 ‘에스파 성희롱’ 10일 만에…가해학생 징계,https://www.hani.co.kr/arti/society/schooling/1043419.html
2022.5.18,NMIXX,"엔믹스 데뷔 첫 OST '안녕 개비!' 뮤비, 320만뷰↑",http://www.newsis.com/view/?id=NISX20220518_0001876354&cID=10604&pID=10600
2022.5.18,NMIXX,[영상] 엔믹스(NMIXX) 설레는 출국... 케이콘 시카고에서 만나요,https://www.news1.kr/articles/?4683897
2022.5.19,IVE,"""임영웅이 0점이라고?"" 뿔난 엄마부대, 뮤직뱅크 난리났다",https://www.joongang.co.kr/article/25072509
2022.5.19,ITZY,"ITZY X 리정, 'WANNABE' 어깨춤 영상 화제몰이",http://star.mt.co.kr/stview.php?no=2022051914325112332
2022.5.19,aespa,에스파 성희롱' 고교생 징계…내주 전교생 성인지 교육,http://www.newsis.com/view/?id=NISX20220519_0001877006&cID=10201&pID=10200
2022.5.19,aespa,에스파 성희롱' 고교생 징계…전교생 성교육 실시도,https://news.jtbc.joins.com/article/article.aspx?news_id=NB12059484
2022.5.19,NMIXX,엔믹스 해원 '자연스러운 공항패션'[★포토],http://star.mt.co.kr/stview.php?no=2022051907011145274
2022.5.20,ITZY,"월드비전-ITZY(있지), 꿈꾸는아이들을 위한 ‘드림데이’ 진행",http://www.pckworld.com/article.php?aid=9361562095
2022.5.20,LE SSERAFIM,"‘르세라핌’ 김가람, 활동 중단…학폭의혹에 “다친 마음” 회복 집중",https://www.hani.co.kr/arti/culture/music/1043687.html
2022.5.20,IVE,제28회 드림콘서트' MC 엔시티 도영·아이브 유진 확정,http://www.newsis.com/view/?id=NISX20220520_0001879089&cID=10601&pID=10600
2022.5.20,tripleS,"트리플에스, 두번째 멤버는?…정혜린 티저 공개",http://www.newsis.com/view/?id=NISX20220520_0001879401&cID=10601&pID=10600
2022.5.20,tripleS,트리플에스 정혜린 이미지 티저 공개,http://sports.khan.co.kr/news/sk_index.html?art_id=202205200903003&sec_id=540301&pt=nv
2022.5.20,Kep1er,"태연도 극찬한 ‘더 보이즈’…’퀸덤2’, 블랙 케플러 변신",http://star.mk.co.kr/new/view.php?mc=ST&year=2022&no=445038
2022.5.20,Kep1er,치어리더 류세미 '케플러 'shine' 공연 직캠!' [엑's 치어영상],https://www.xportsnews.com/article/1579190
2022.5.20,STAYC,"[사진]스테이씨 재이, '청순 단아'",http://www.osen.co.kr/article/G1111847853
2022.5.20,STAYC,"[사진]스테이씨 아이사, '힙한 분위기'",http://www.osen.co.kr/article/G1111847849
2022.5.20,STAYC,"[사진]스테이씨 아이사, '하트 두개를 뿅'",http://www.osen.co.kr/article/G1111847877
2022.5.21,IVE,임영웅 또 1위 할까..싸이vs아이브와 '음악중심' 1위 재대결,http://www.osen.co.kr/article/G1111848849
2022.5.21,Kep1er,케플러 강예서 ‘아리따운 소녀’[포토엔HD],https://www.newsen.com/news_view.php?uid=202205211504503510
2022.5.21,Kep1er,케플러 휴닝바히에 ‘상큼한 매력’[포토엔HD],https://www.newsen.com/news_view.php?uid=202205211450573510
2022.5.21,Kep1er,케플러 최유진 ‘화장기 없는 얼굴도 반짝반짝’[포토엔HD],https://www.newsen.com/news_view.php?uid=202205211458503510
2022.5.22,IVE,음악프로 순위 부활 10년…K팝 첨병·공정성 논란 '명암',https://www.yna.co.kr/view/AKR20220519038100005?input=1195m
2022.5.26,STAYC,4세대 여돌로 보는 상반기 케이팝,https://www.gqkorea.co.kr/2022/05/26/4%ec%84%b8%eb%8c%80-%ec%97%ac%eb%8f%8c%eb%a1%9c-%eb%b3%b4%eb%8a%94-%ec%83%81%eb%b0%98%ea%b8%b0-%ec%bc%80%ec%9d%b4%ed%8c%9d/?utm_source=naver&utm_medium=partnership
2022.5.28,aespa,20분 5000만원'…대학축제에 꼭 연예인 불러야 하나요,http://www.newsis.com/view/?id=NISX20220527_0001887773&cID=10201&pID=10200
2022.5.28,IVE,"혼합현실, 기술-사회적 장벽 넘어 이제 현실 되나? [한세희 테크&라이프...",https://economist.co.kr/2022/05/28/it/general/20220528170010007.html
2022.5.31,aespa,"에스파, 성희롱·실력 부족 연이은 구설…'신비·실력주의' 이수만 시스...",https://tenasia.hankyung.com/topic/article/2022053137364
2022.6.2,tripleS,"방과후 설렘' 이지우, 트리플에스 합류…""다양한 분야 도전하고파""",http://enews.imbc.com/News/RetrieveNewsInfo/349709
2022.6.6,IVE,"""오랜 시간 참았어요""...3년만에 돌아온 '진짜' 대학 축제!",http://www.civicnews.com/news/articleView.html?idxno=33972
2022.6.6,NMIXX,"[트위터 리트윗 순위] 방탄소년단 지민 97회째 1위, 방탄소년단 뷔·임영...",http://www.topstarnews.net/news/articleView.html?idxno=14696994
2022.6.6,ITZY,"있지(ITZY), 컴백 앨범 '체크메이트' 컨셉 포토 공개…누리꾼 반응 '분분...",http://www.topstarnews.net/news/articleView.html?idxno=14696953
2022.6.8,NMIXX,"JYP, ""지구 위한다""면서 포토카드 출시?…'그린워싱' 논란에 비판 쇄도",http://www.topstarnews.net/news/articleView.html?idxno=14697508
2022.6.11,IVE,"래퍼 이영지, 구독자 32만명 있는 유튜브 채널 '차린 건 없지만' 뺏겼다...",https://www.insight.co.kr/news/399104
2022.6.12,IVE,"32만 유튜브 뺏겼다? …이영지가 폭로한 '차린건 없지만' 분쟁, 내막은 ...",https://www.wikitree.co.kr/articles/762842
2022.6.14,IVE,아이브 vs 아이들…뒷심 작렬하는 ‘걸풍당당’,https://www.hani.co.kr/arti/culture/music/1046873.html
2022.6.14,NewJeans,뉴진스와 제니처럼! 축구 유니폼을 활용한 블록 코어 패션,https://www.wkorea.com/2022/06/14/%eb%b8%94%eb%a1%9d-%ec%bd%94%ec%96%b4%ea%b0%80-%eb%ad%90%ea%b8%b8%eb%9e%98/?utm_source=naver&utm_medium=partnership
2022.6.15,ITZY,"""국내차트보다 美 빌보드"" K팝 그룹의 미국行, 이유있다[SS뮤직]",http://www.sportsseoul.com/news/read/1132815?ref=naver
2022.6.15,LE SSERAFIM,"르세라핌, 활동 종료에도 열기 활활…6주 연속 미국 빌보드 진입",https://www.newsen.com/news_view.php?uid=202206150753482110
2022.6.16,tripleS,"[단독]버스터즈 출신 김채연, 트리플에스로 걸그룹 재데뷔",https://www.spotvnews.co.kr/news/articleView.html?idxno=530631
2022.6.18,STAYC,상큼한 스테이씨,https://www.yna.co.kr/view/PYH20220618024800013?input=1196m
2022.6.19,LE SSERAFIM,"[너와나의 소녀시대]이지연과 심은하, 그때 그 시절 ‘청순 예찬’",http://lady.khan.co.kr/khlady.html?mode=view&artid=202206191627021&code=11
2022.6.19,NMIXX,[TD포토] 엔믹스 해원 '무대 위 빛나는 미모',http://www.tvdaily.co.kr/read.php3?aid=16556092591642030017
2022.6.19,NMIXX,[TD포토] 엔믹스 'O.O',http://www.tvdaily.co.kr/read.php3?aid=16556076541642020017
2022.6.19,tripleS,"[포토] 트리플에스 지우-서연-혜린, '힐링주는 모닝하트'",http://www.fnnews.com/news/202206191027099755
2022.6.19,STAYC,[TD포토] 스테이씨 윤 '인형같은 비주얼',http://www.tvdaily.co.kr/read.php3?aid=16556109401642039017
2022.6.19,STAYC,"[포토]스테이씨, 'ASAP~'",https://isplus.joins.com/2022/06/19/enter/entertainment/20220619102637324.html
2022.6.20,ITZY,"ITZY, 왕관 쓰고 우아한 자태",http://www.sportsseoul.com/news/read/1134437?ref=naver
2022.6.20,ITZY,"ITZY, 새 앨범 'CHECKMATE' 콘셉트 필름 추가 공개…왕관 쓰고 부드러운...",http://www.wowtv.co.kr/NewsCenter/News/Read?articleId=A202206200032&t=NN
2022.6.20,aespa,"에스파, EP. 2 ‘Next Level’ 공개",http://sports.khan.co.kr/news/sk_index.html?art_id=202206201353003&sec_id=540301&pt=nv
2022.6.20,LE SSERAFIM,"르세라핌, 화제성 하나는 최고",http://enews.imbc.com/News/RetrieveNewsInfo/351519
2022.6.20,LE SSERAFIM,"활동중단' 르세라핌 김가람, 요즘 뭐 하나 봤더니…",http://www.inews24.com/view/1491996
2022.6.20,Kep1er,"[포토] 케플러 휴닝바히에, '매력 넘치는 미소'",https://www.hankyung.com/entertainment/article/202206202767H
2022.6.20,Kep1er,[TD포토] 케플러 김다연 '우월한 비주얼',http://www.tvdaily.co.kr/read.php3?aid=16557042331642445017
2022.6.21,aespa,"에스파, 24일 첫 영어싱글 발매…'라이프스 투 쇼트'",http://www.newsis.com/view/?id=NISX20220621_0001914816&cID=10601&pID=10600
2022.6.21,aespa,"에스파, 24일 첫 영어 싱글 공개…글로벌 공략",http://star.mk.co.kr/new/view.php?mc=ST&year=2022&no=541484
2022.6.21,aespa,"에스파, SMCU 세계관 영상 EP. 2 'Next Level'…확장된 세계관 스토리",https://star.ytn.co.kr/_sn/0117_202206211005183447
2022.6.21,aespa,"에스파, SMCU 세계관 영상 공개 눈길",http://www.sportsworldi.com/newsView/20220621508186
2022.6.21,aespa,"글로벌프로덕션' 써티세븐스디그리, ""걸그룹 에스파 유니버스 구현""",https://www.news1.kr/articles/?4717887
2022.6.21,IVE,"아이브, '러브 다이브'로 멜론 일간 차트 연일 1위",http://star.mk.co.kr/new/view.php?mc=ST&year=2022&no=543595
2022.6.21,IVE,아이브 '러브 다이브' 승승장구…멜론 일간 차트 1위,http://www.newsis.com/view/?id=NISX20220621_0001915448&cID=10604&pID=10600
2022.6.21,IVE,"아이브 장원영X이서, 여름 요정의 상큼 미소",http://enter.etoday.co.kr/view/news_view.php?varAtcId=226914
2022.6.21,IVE,"아이브 장원영X이서, ‘블루 앤 블랙’ 콘셉트 포토 공개…독보적 비주...",http://www.wowtv.co.kr/NewsCenter/News/Read?articleId=A202206210179&t=NN
2022.6.21,Kep1er,"""청량·상큼하게""…케플러, 짜릿한 'Up!'으로 초대(종합)",http://news.tf.co.kr/read/entertain/1946307.htm
2022.6.25,IVE,"임영웅, 아이유·싸이 제치고 6월 가수 브랜드평판 1위…이찬원은 5위",http://woman.chosun.com/news/articleView.html?idxno=99689
2022.7.6,STAYC,"하이키, 9년 연습생 휘서 영입…'운동돌' 탄력받았다(종합) [SE★현장]",https://www.sedaily.com/NewsView/268F0FHQ8J
2022.7.8,IVE,"프리지아, 장원영 닮았네..복귀 후 더 아름다워진 미모[스타IN★]",http://star.mt.co.kr/stview.php?no=2022070820130794369
2022.7.12,tripleS,"GS리테일, 팬 참여형 아이돌 '트리플에스' 관련 사업 추진",https://www.yna.co.kr/view/AKR20220712033500003?input=1195m
2022.7.12,tripleS,"이대 여신' 김유연, 트리플에스 새 멤버 합류",http://star.mt.co.kr/stview.php?no=2022071207512946391
2022.7.14,IVE,"프리지아, 장원영 아니라고? 누가봐도 쌍둥이 자매",http://www.osen.co.kr/article/G1111895881
2022.7.14,Kep1er,2022년 상반기 빛낸 아이돌 1위는?…템페스트·케플러,http://www.newsis.com/view/?id=NISX20220714_0001943680&cID=10601&pID=10600
2022.7.16,tripleS,"이대 여신'의 숨멎 비주얼..김유연, 트리플에스 티저 오픈 [공식]",http://star.mt.co.kr/stview.php?no=2022071623263093356
2022.7.18,aespa,"에스파 '걸스', 빌보드 앨범 차트 3위로 진입",https://www.yna.co.kr/view/PYH20220718011900005?input=1196m
2022.7.18,IVE,"아이브, 1위 릴레이",http://sports.khan.co.kr/news/sk_index.html?art_id=202207181110003&sec_id=540301&pt=nv
2022.7.19,aespa,"에스파, ‘Girls’ 카메라워크 가이드 영상 공개",https://sports.donga.com/article/all/20220719/114523036/1
2022.7.19,aespa,"에스파, 오늘(19일) 'Girls' 카메라워크 가이드 영상 공개",https://star.ytn.co.kr/_sn/0117_202207191039494084
2022.7.19,IVE,"아이브, '1,2,3 IVE'로 대체불가 청량에너지 선사→'빛나는 팀워크'",http://star.mt.co.kr/stview.php?no=2022071910545329314
2022.7.19,NMIXX,인도네시아 사상 최대 K팝 콘서트…아스트로·펜타곤·엔믹스,http://www.newsis.com/view/?id=NISX20220719_0001948396&cID=10601&pID=10600
2022.7.19,tripleS,트리플에스 첫 음원 '디멘션' 예고… 김유연 합류하며 특별 케미 예고,https://star.ytn.co.kr/_sn/0117_202207191443539604
2022.7.20,STAYC,"플레이리스트 예고' 스테이씨, 이렇게 잘하면 '우주 최고'밖에 못 해! ...",http://www.osen.co.kr/article/G1111900344
2022.7.20,ITZY,"ITZY(있지), ‘스니커즈’ MV 5천만뷰 돌파",https://sports.donga.com/article/all/20220720/114554827/1
2022.7.20,aespa,"에스파, '빌보드200 톱3' 이어 '아티스트100'도 3위",http://www.newsis.com/view/?id=NISX20220720_0001949220&cID=10601&pID=10600
2022.7.20,LE SSERAFIM,"하이브, '학폭 시비' 김가람과 계약 해지…르세라핌 5인 체제",http://www.newsis.com/view/?id=NISX20220720_0001949409&cID=10701&pID=10700
2022.7.20,LE SSERAFIM,"걸그룹 르세라핌, 결국 학폭 의혹 논란 멤버 빼고 간다",https://www.chosun.com/culture-life/culture_general/2022/07/20/A2UDQO2VLRAQVP6H4KGKC7DUFI/?utm_source=naver&utm_medium=referral&utm_campaign=naver-news
2022.7.20,LE SSERAFIM,학교폭력 의혹 김가람 계약해지...르세라핌 5인조로 활동,https://www.ytn.co.kr/_ln/0106_202207201240349976
2022.7.20,LE SSERAFIM,‘학폭’ 의혹 김가람 전속계약 해지…르세라핌 ‘5인 체제’로,http://www.munhwa.com/news/view.html?no=2022072001039912082002
2022.7.20,LE SSERAFIM,"학폭 의혹' 김가람, 하이브와 전속계약 해지 ""르세라핌 앞으로 5인조"" ...",https://www.news1.kr/articles/?4747718
2022.7.20,tripleS,"트리플에스 김채연, '아머드 사우루스' OST 가창",http://www.newsis.com/view/?id=NISX20220720_0001949290&cID=10601&pID=10600
2022.7.20,Kep1er,"케플러 김채현, 앙증맞은 ‘꽃미모’ [포토엔HD 화보]",https://www.newsen.com/news_view.php?uid=202207200917125510
2022.7.20,STAYC,"스테이씨, '뷰티풀몬스터' 벅스차트 1위…21일 무대 공개",http://www.newsis.com/view/?id=NISX20220720_0001949565&cID=10601&pID=10600
2022.7.21,ITZY,"엠카' ITZY, 청량 UP 컴백..손 키스 엔딩 'SNEAKERS' [별별TV]",http://star.mt.co.kr/stview.php?no=2022072119011031179
2022.7.21,aespa,"에스파, 출연 없이 '엠카' 1위…현아·효린 컴백 [종합]",http://www.tvdaily.co.kr/read.php3?aid=16583988531646845010
2022.7.21,IVE,아이브 장원영 초근접…가까이서 보니 더 설레,https://sports.donga.com/article/all/20220721/114570102/1
2022.7.21,IVE,"아이브 장원영, 컬러렌즈 모델 발탁 '빛나는 눈빛'",http://enter.etoday.co.kr/view/news_view.php?varAtcId=228226
2022.7.21,Kep1er,"케플러, 9월 日 정식 데뷔",http://star.mk.co.kr/new/view.php?mc=ST&year=2022&no=642171
2022.7.21,Kep1er,"케플러, 9월 日 데뷔 확정…1st 싱글 'FLY-UP' 발매",http://www.mhns.co.kr/news/articleView.html?idxno=530991
2022.7.21,STAYC,"‘엠카’ 스테이씨, ‘BEAUTIFUL MONSTER’ 음방 첫 공개",http://sports.khan.co.kr/news/sk_index.html?art_id=202207212018003&sec_id=540301&pt=nv
2022.7.21,STAYC,"스테이씨, 신곡 'BEAUTIFUL MONSTER' MV 1000만 뷰 돌파 [공식]",http://star.mt.co.kr/stview.php?no=2022072108050664913
2022.7.21,STAYC,엠카운트다운' 세븐틴·스테이씨→효린 컴백 무대 최초 공개,https://star.ytn.co.kr/_sn/0117_202207211453395885
2022.7.26,IVE,"“식사 no, 중퇴 금지” ‘아육대’ 인권침해 논란",http://sports.khan.co.kr/news/sk_index.html?art_id=202207261829003&sec_id=540101&pt=nv
2022.7.26,NMIXX,"2022 아육대', '식사 금지' 논란에 방청공지 변경 ""중도 퇴장 후 식사 ...",http://www.topstarnews.net/news/articleView.html?idxno=14711215
2022.7.28,NewJeans,미성년자에게 '매춘...?' 민희진 걸그룹 뉴진스의 충격적 옷 문구 파문,https://www.wikitree.co.kr/articles/775898
2022.7.28,NewJeans,"[POP초점]'하이브 걸그룹' 뉴진스, 르세라핌 이어 또 선정성 논란..미성...",http://biz.heraldcorp.com/view.php?ud=202207281001499653172_1
2022.7.28,STAYC,"스테이씨, 실연자금으로 부모님 용돈→윤하 팬미팅 방문 비화까지(정희...",https://www.newsen.com/news_view.php?uid=202207281147016110
2022.7.28,ITZY,"컬투쇼' ITZY 채령 ""'프링글스 폭식' 논란, 많은 사람들 분노 샀다""",http://www.joynews24.com/view/1505208
2022.7.28,ITZY,"있지 채령 “폭식 기준으로 분노 사, 과자 뚜껑 닫으라고 있는 것”(컬...",https://www.newsen.com/news_view.php?uid=202207281147336110
2022.7.29,tripleS,"트리플에스, '오브젝트'로 아이돌 정산 시스템 개선..깜짝 티저 오픈",http://www.osen.co.kr/article/G1111907354
2022.8.1,NewJeans,"오늘 데뷔' 뉴진스, 민희진 걸그룹의 새로움과 익숙함",https://www.nocutnews.co.kr/news/5796146
2022.8.2,IVE,[SC초점] 소시·블핑→아이브·뉴진스…8월 걸그룹 혈전,http://sports.chosun.com/news/ntype.htm?id=202208030100011110000426&servicedate=20220802
2022.8.2,IVE,좋아하면 참아?' 아이돌 인질 삼아 팬 홀대 '아육대'…'날로 방송' 만든...,https://tenasia.hankyung.com/topic/article/2022080214704
2022.8.2,NMIXX,팬에 부담케 한 '현수막 논란' JYP…폭로글에 결국 이런 결말 맞았다,https://www.wikitree.co.kr/articles/777239
2022.8.2,STAYC,"2022 아육대, 또 부상 논란…어글리슈즈 신고 계주하다 사고",http://www.topstarnews.net/news/articleView.html?idxno=14714618
2022.8.3,NewJeans,"‘금수저 걸그룹’ 뉴진스, K팝 관행 깬 데뷔·‘자본=흥행과 질’ 증명",http://news.heraldcorp.com/view.php?ud=20220803000212
2022.8.8,NewJeans,뉴진스 타이틀곡 가사 의미가…민희진 걸그룹 또 선정성 논란 일어났다,https://www.wikitree.co.kr/articles/778511
2022.8.8,tripleS,"덕질' 할수록 NFT 준다…""블록체인으로 '국민프로듀서' 실현""",https://www.hankyung.com/it/article/202208087645g
2022.8.11,IVE,"슈퍼스타' 이효리의 신곡 발표, 로이킴 복귀설…가요계 HOT 소식",https://www.ize.co.kr/news/articleView.html?idxno=53080
2022.8.12,ITZY,"""전석 15만 4000원 동일""…몬스타엑스, 콘서트 가격 고가 논란",http://www.topstarnews.net/news/articleView.html?idxno=14719957
2022.8.12,LE SSERAFIM,"르세라핌, 유튜브 구독자 100만 돌파…5개월만",https://www.news1.kr/articles/4771616
2022.8.12,tripleS,"트리플에스 ‘S6’ 막내 김수민, 베일 벗다",http://sports.khan.co.kr/news/sk_index.html?art_id=202208121150003&sec_id=540301&pt=nv
2022.8.13,STAYC,"성훈, 방송 태도 논란…연예계 코로나 재확산 '비상' [TF업앤다운(하)]",http://news.tf.co.kr/read/entertain/1958376.htm
2022.8.14,IVE,[Opinion] 4세대 걸그룹이 가져온 K-POP의 변화 [음악],https://www.artinsight.co.kr/news/view.php?no=61153
2022.8.15,NewJeans,"BTS의 여동생 '뉴진스' 돌풍, K팝 신기록 다시 쓰나",http://www.pennmike.com/news/articleView.html?idxno=56378
2022.8.15,LE SSERAFIM,"뉴진스, 3개월 만에 르세라핌 초동 기록 깼다…31만장",http://www.newsis.com/view/?id=NISX20220815_0001978420&cID=10601&pID=10600
2022.8.16,NewJeans,"뉴진스 작곡가' 250, 남다른 행보…'뱅버스' MV 해외 영화제 줄 초청",https://www.hankyung.com/entertainment/article/202208166204H
2022.8.16,STAYC,스테이씨 파이팅',http://www.newsis.com/view/?id=NISI20220816_0019141464
2022.8.17,IVE,"비드라마 화제성, 3위 성훈·2위 소녀시대…그럼 1위는?",http://www.mydaily.co.kr/new_yk/html/read.php?newsid=202208171506355625&ext=na&utm_campaign=naver_news&utm_source=naver&utm_medium=related_news
2022.8.17,STAYC,"스테이씨, 포토북 출시…미국 공연 모습 담겨",https://www.news1.kr/articles/4775666
2022.8.18,IVE,"아이브 안유진, 비드라마 출연자 화제성 1위…나PD 매직 또 통했다",http://www.newsinside.kr/news/articleView.html?idxno=1140501
2022.8.18,LE SSERAFIM,"“‘르니버스’로 고!” 르세라핌, 자체 예능서 매력 터졌다",http://www.tvdaily.co.kr/read.php3?aid=16607756011650078019
2022.8.19,LE SSERAFIM,뉴진스 첫 음방 1위 의미…아이브·케플러·르세라핌보다 느리지만,http://www.newsis.com/view/?id=NISX20220819_0001983617&cID=10601&pID=10600
2022.8.19,NMIXX,"엔믹스, 단독 유튜브 예능 '절레전래 동화가족' 공개",http://star.mk.co.kr/new/view.php?mc=ST&year=2022&no=736530
2022.8.19,Kep1er,"[사진]케플러 휴닝바히에,'인형 같은 미모'",http://www.osen.co.kr/article/G1111922769
2022.8.19,Kep1er,"[사진]케플러 샤오팅,'멀리서도 돋보이는 레드헤어'",http://www.osen.co.kr/article/G1111922783
2022.8.19,STAYC,"스테이씨, 미국 뜨겁게 달군다… '케이콘' 출격",http://starin.edaily.co.kr/news/newspath.asp?newsid=01134886632428960
2022.8.20,NewJeans,"뉴진스, 지상파 음악방송도 1위…'어텐션'",http://www.newsis.com/view/?id=NISX20220820_0001984816&cID=10601&pID=10600
2022.8.20,aespa,눈을 뗄수 없는 '에스파'의 무대 [TF사진관],http://news.tf.co.kr/read/photomovie/1959784.htm
2022.8.20,NMIXX,엔믹스 릴리 '깜찍한 하트'[★포토],http://star.mt.co.kr/stview.php?no=2022082013183663250
2022.8.20,NMIXX,엔믹스 해원 '커다란 눈동자'[★포토],http://star.mt.co.kr/stview.php?no=2022082013330269407
2022.8.21,ITZY,"인기가요' 뉴진스, 소녀시대·ITZY 누르고 1위..음방 4관왕[★밤TView]",http://star.mt.co.kr/stview.php?no=2022082116590031022
2022.8.21,ITZY,"인기가요' 소녀시대 vs ITZY vs 뉴진스, 1위 트로피 맞대결",https://www.xportsnews.com/article/1620314
2022.8.21,NewJeans,"뉴진스, 소녀시대 꺾고 '인기가요' 1위…음방 4관왕",http://star.mk.co.kr/new/view.php?mc=ST&year=2022&no=738516
2022.8.21,NewJeans,인기가요' 뉴진스 1위…소녀시대·더 보이즈·BAE173 컴백 [종합],https://www.xportsnews.com/article/1620336
2022.8.21,NewJeans,"제니 1위, 8월 걸그룹 개인 브랜드평판 ‘정상’…2위 윤아·3위 뉴진스...",http://star.mbn.co.kr/view.php?year=2022&no=737668&refer=portal
2022.8.21,aespa,[TD포토] 에스파 지젤 '신나게',http://www.tvdaily.co.kr/read.php3?aid=16610181751650631017
2022.8.21,aespa,"[포토] 에스파 지젤, '예쁨이 가득~' (SMTOWN LIVE 2022)",https://www.hankyung.com/entertainment/article/202208216838H
2022.8.21,aespa,"[포토]에스파 카리나, 얼굴 소멸 직전!",http://www.joynews24.com/view/1512014
2022.8.21,IVE,"아이브, 세번째 신드롬 D-1",https://news.jtbc.co.kr/article/article.aspx?news_id=NB12071717
2022.8.21,IVE,"‘컴백 D-1’ 아이브, 틱톡서 ‘애프터 라이크’ 선공개",http://sports.khan.co.kr/news/sk_index.html?art_id=202208210957003&sec_id=540301&pt=nv
2022.8.21,IVE,"아이브, '애프터 라이크' 컴백 전 틱톡 챌린지 '시동'",http://star.mk.co.kr/new/view.php?mc=ST&year=2022&no=737650
2022.8.21,IVE,"아이브 ‘After LIKE’ 기대포인트3, #자기애 #특급 협업 #6色",https://sports.donga.com/article/all/20220821/115073535/1
2022.8.21,IVE,소시·블핑부터 아이브·뉴진스까지…올여름 걸그룹 천하,https://www.yna.co.kr/view/AKR20220819089600005?input=1195m
2022.8.21,STAYC,"스테이씨, 6인 6색 시카고 이야기",http://kookbang.dema.mil.kr/newsWeb/20220822/1/BBSMSTR_000000010060/view.do
2022.8.22,NewJeans,"뉴진스 '쿠키' 선정성 논란...""미성년자가 부르기 부적절""",https://www.ytn.co.kr/_ln/0106_202208221805266157
2022.8.22,NewJeans,"""뉴진스 '쿠키' 가사는 선정적"" 동시통역사가 미성년자 성상품화를 지적...",https://www.huffingtonpost.kr/news/articleView.html?idxno=201129
2022.8.22,STAYC,"""스파크 좀 받았던 것 같아""…위너(WINNER) 이승훈, 음악방송 챌린지 발...",http://www.topstarnews.net/news/articleView.html?idxno=14724689
2022.8.22,ITZY,걸그룹 여름 대전 후끈…이참에 담아볼까,https://www.mk.co.kr/economy/view/2022/735259
2022.8.24,IVE,이도현 다음은 장원영? 해킹 피해 일파만파[스경X이슈],http://sports.khan.co.kr/news/sk_index.html?art_id=202208241454003&sec_id=540101&pt=nv
2022.8.27,NewJeans,"뉴진스 측, '쿠키' 가사 선정성 논란에…""단수로 해석한게 성적 비유?""",http://mbn.mk.co.kr/pages/news/newsView.php?category=mbn00009&news_seq_no=4831628
2022.8.27,NewJeans,"뉴진스, 선정적 가사 논란 반박 “미성년자 보호 방패로 억지주장”[전...",https://www.newsen.com/news_view.php?uid=202208271321022410
2022.8.27,NewJeans,"뉴진스 소속사 'Cookie' 선정성 논란에 ""슬랭, 표준어 아냐""",http://news.mt.co.kr/mtview.php?no=2022082714291217912
2022.8.27,NewJeans,"[영상] ""여자는 질투 남자는 의리"" 스맨파…이번엔 '뉴진스' 희화화 논란",http://mbn.mk.co.kr/pages/news/newsView.php?category=mbn00009&news_seq_no=4831536
2022.8.27,NMIXX,"뉴진스와 아이브, 걸그룹 음원 시대는 어떻게 돌아왔나",http://www.mediaus.co.kr/news/articleView.html?idxno=301202
2022.8.28,IVE,"""과하다vs문제없어""…'아는형님' 아이브→르세라핌, '교복 성상품화' 논...",http://www.topstarnews.net/news/articleView.html?idxno=14726668
2022.8.31,NewJeans,"""딱 봐도 선정적""…뉴진스, '쿠키' 가사 논란 해명→외국인 반응은 '글쎄...",http://www.topstarnews.net/news/articleView.html?idxno=14728944
2022.8.31,NMIXX,"엔믹스 컴백, JYP 명예회복 할까[스경X초점]",http://sports.khan.co.kr/news/sk_index.html?art_id=202208311723023&sec_id=540301&pt=nv
2022.9.1,STAYC,"美, 이스라엘·중동국과 드론 함대 구축 중…이란·中 견제",http://www.newsis.com/view/?id=NISX20220901_0001998786&cID=10101&pID=10100
2022.9.2,NewJeans,노출 대신 10대다운 매력으로...뉴진스가 가져올 변화,https://hankookilbo.com/News/Read/A2022083010400002225?did=NA
2022.9.3,NewJeans,고무줄 바지'로 삼촌팬 성적 판타지 깼다…뉴진스 대박 비결,https://www.joongang.co.kr/article/25099153
2022.9.5,IVE,H.O.T가 '가요톱텐' 골든컵 수상을 못했던 이유[문바세],http://star.mt.co.kr/stview.php?no=2022082914571372114
2022.9.5,IVE,"""만화인 줄 몰랐다""…아이브(IVE) 이서, 황당 '피카츄 논란' 해명",http://www.topstarnews.net/news/articleView.html?idxno=14732373
2022.9.7,ITZY,"라디오스타' 있지 채령, 아육대→K팝스타 비하인드 공개",http://www.slist.kr/news/articleView.html?idxno=383183
2022.9.9,IVE,아육대' 3년 만의 귀환...논란에도 반갑다[MK이슈],http://star.mk.co.kr/new/view.php?mc=ST&year=2022&no=801095
2022.9.10,ITZY,"ITZY, 日 음악 프로그램 공연→싱글 2집 '블라 블라 블라' 발매",http://www.newsis.com/view/?id=NISX20220910_0002009063&cID=10601&pID=10600
2022.9.11,ITZY,"[움짤] ITZY 채령, “감자칩 한통 폭식”에 소식좌 VS 먹짱 #소식좌_최종...",http://enews.imbc.com/News/RetrieveNewsInfo/359342
2022.9.12,NewJeans,"뉴진스 '쿠키' 가사를 외국인에게 들려줬더니...""설마, 미성년자가 부른...",https://www.insight.co.kr/news/411412
2022.9.16,Kep1er,"유니버스X케플러, 23일 신곡 ‘Sugar Rush’ 발매 확정!",https://www.bntnews.co.kr/article/view/bnt202209160067
2022.9.16,Kep1er,"케플러, ""꿈의 행성 '캐플래닛'으로 초대합니다""",http://www.osen.co.kr/article/G1111943328
2022.9.19,NewJeans,"뜨거웠던 뉴진스, 훨훨 난 아이브",http://sports.khan.co.kr/news/sk_index.html?art_id=202209191122003&sec_id=540301&pt=nv
2022.9.19,NewJeans,"르세라핌, 5개월 만에 새 음반…'안티 프레질'",http://www.newstomato.com/ReadNews.aspx?no=1147781&inflow=N
2022.9.19,NMIXX,"[현장] 엔믹스 설윤 ""노래 호불호 논란?…듣다 보면 중독될 것""",http://www.topstarnews.net/news/articleView.html?idxno=14740749
2022.9.19,LE SSERAFIM,"걸그룹 르세라핌 내달 컴백…""시련 마주한 이야기 담아""",https://www.yna.co.kr/view/AKR20220919025200005?input=1195m
2022.9.19,LE SSERAFIM,"르세라핌, 10월17일 컴백 확정 ""내면+태도 담아""",https://www.news1.kr/articles/4805982
2022.9.19,LE SSERAFIM,"르세라핌, 10월 17일 컴백",http://star.mt.co.kr/stview.php?no=2022091907331868432
2022.9.19,LE SSERAFIM,"르세라핌, 10월 17일 컴백 확정",http://www.tvdaily.co.kr/read.php3?aid=16635405111653924010
2022.9.19,LE SSERAFIM,"르세라핌, 5개월 만에 컴백…내달 '안티프래질'",http://www.newsis.com/view/?id=NISX20220919_0002017173&cID=10601&pID=10600
2022.9.19,NMIXX,[TD포토] 엔믹스 '강렬 비주얼',http://www.tvdaily.co.kr/read.php3?aid=16635735171654036017
2022.9.19,tripleS,"트리플에스, 투표로 유닛 조합 결정…‘마스터’의 선택은?",http://star.mbn.co.kr/view.php?year=2022&no=823598&refer=portal
2022.9.20,ITZY,"ITZY, 美 청춘 여행기 담았다…'LA에 있지' 예고편 공개",http://www.newsis.com/view/?id=NISX20220920_0002019067&cID=10601&pID=10600
2022.9.20,aespa,"전소미, 에스파 이 멤버랑도 친했어? 파워 ENFP 답네",http://www.osen.co.kr/article/G1111946354
2022.9.20,LE SSERAFIM,"르세라핌, 아픔 딛고 활동 재개[스경X초점]",http://sports.khan.co.kr/news/sk_index.html?art_id=202209201921023&sec_id=540301&pt=nv
2022.9.20,LE SSERAFIM,"르세라핌 컴백에 외신도 주목 ""당찬 미래 기대돼""",https://news.jtbc.co.kr/article/article.aspx?news_id=NB12078649
2022.9.20,IVE,"아이브, 10월 19일 日 정식 데뷔",http://star.mk.co.kr/new/view.php?mc=ST&year=2022&no=828532
2022.9.20,IVE,"아이브, 내달 日 정식 데뷔…NHK 방송 출연",http://www.newsis.com/view/?id=NISX20220920_0002019338&cID=10601&pID=10600
2022.9.20,Kep1er,"케플러, '슈가 러시' MV 티저 공개…러블리 매력 발산",https://www.news1.kr/articles/4807553
2022.9.20,Kep1er,"케플러 김채현, 볼하트 깜찍~[포토엔HD]",https://www.newsen.com/news_view.php?uid=202209202130431810
2022.9.20,STAYC,[더보기] 부모 그림자 지우고 당당하게… 스타 2세 전성시대,https://isplus.com/2022/09/20/enter/entertainment/20220920083005116.html
2022.9.21,ITZY,"있지(ITZY), 'LA에 있지'서 청춘 우정 여행 예고",https://tenasia.hankyung.com/tv/article/2022092154294
2022.9.21,ITZY,"있지(ITZY) 출국, '예쁨으로 꽉 찬 모닝 미모' [O! STAR]",http://www.osen.co.kr/article/G1111947077
2022.9.21,NewJeans,"글로벌 루키' 뉴진스, 美 빌보드 7주 연속 차트인",https://www.news1.kr/articles/4808575
2022.9.21,NewJeans,"신흥 뮤지션 입증' 뉴진스, 美 빌보드 7주 연속 차트인…다수 차트 상...",http://www.wowtv.co.kr/NewsCenter/News/Read?articleId=A202209210018&t=NN
2022.9.21,NewJeans,"빌리 션, 뉴진스 꺾었다! '최고 고양이상 여돌' 1위 등극",http://www.dailysportshankook.co.kr/news/articleView.html?idxno=264094
2022.9.21,aespa,"에스파 카리나, 감탄만 나오는 비현실적 미모",http://sports.hankooki.com/news/articleView.html?idxno=6807845
2022.9.21,aespa,"에스파 카리나, 끈 원피스 입고 시크미…가녀린 어깨 라인 [N샷]",https://www.news1.kr/articles/4809480
2022.9.21,IVE,"아이브, 음원퀸의 탄생",http://www.osen.co.kr/article/G1111947617
2022.9.21,IVE,"아이브, 음원사이트 일간+주간차트 1위 싹쓸이 '맹공'",http://www.joynews24.com/view/1521108
2022.9.21,NMIXX,"주간아이돌' 엔믹스, '하드캐리' 댄스 커버…에너지 폭발",http://www.newsis.com/view/?id=NISX20220921_0002021531&cID=10601&pID=10600
2022.9.21,STAYC,"스테이씨(STAYC), RUN2U(런투유) 무대 '틴프레시 가득' (2022 제6회 청년...",http://www.sportsseoul.com/news/read/1161317?ref=naver
2022.9.22,NewJeans,걸그룹 초강세 ‘여덕’이 이끈다,https://www.sisain.co.kr/news/articleView.html?idxno=48413
2022.9.22,STAYC,[TD포토] 최진혁 '논란 후 첫 공식석상',http://www.tvdaily.co.kr/read.php3?aid=16638304731654490017
2022.9.25,IVE,"""'헤메코' 논란 인식?""…아이브(IVE), 멤버 근황 화제 된 이유",http://www.topstarnews.net/news/articleView.html?idxno=14745101
2022.9.25,IVE,시청률 1%인데 4주째 화제성 1위 ‘스맨파’…점점 세지는 화력,https://www.joongang.co.kr/article/25104318
2022.9.26,NewJeans,뉴진스···몽환적인 꿈을 꾸다[화보],http://sports.khan.co.kr/news/sk_index.html?art_id=202209261645003&sec_id=540301&pt=nv
2022.9.26,NMIXX,"보아, '스맨파' 논란에도 멘탈 거뜬…NCT 127 후배사랑[뉴스컬처★]",http://www.newsculture.press/news/articleView.html?idxno=511131
2022.9.26,STAYC,"美 조지아주지사 후보 ""6주 태아 심장박동 없다"" 발언 논란",https://www.goodnews1.com/news/articleView.html?idxno=412608
2022.9.26,ITZY,천원짜리 변호사' 김지은 화제에 ITZY 류진부터 한소희까지 닮은꼴 눈...,https://www.gokorea.kr/news/articleView.html?idxno=733301
2022.9.30,IVE,"가상 인간, 어디까지 왔나?…마케팅•교육•유통 등 전방위적 확대",http://weekly.hankooki.com/news/articleView.html?idxno=7074348
2022.10.1,IVE,"“먹던 물 팔아요” 개그맨 방주호·임성욱, 아이브 성희롱 논란",http://mbn.mk.co.kr/pages/news/newsView.php?category=mbn00009&news_seq_no=4853820
2022.10.3,tripleS,"‘10년 만에 트리플 크라운 도전’ 저지, 3K 당하며 주춤…타율 1위 멀어...",http://www.osen.co.kr/article/G1111956907
2022.10.4,IVE,"아이브 측, 경북대 축제 취소 주장에 ""출연 확답한 적 없다""",http://www.inews24.com/view/1524919
2022.10.5,IVE,아이브 축제 불발 논란에 '섭외 담당' 에이전시 고개 숙였다[종합],http://star.mk.co.kr/new/view.php?mc=ST&year=2022&no=879888
2022.10.5,IVE,"[Y이슈] 아이브, 대학축제 취소 논란...""출연료 입금""VS""출연 확답 안 해...",https://star.ytn.co.kr/_sn/0117_202210051509258456
2022.10.5,tripleS,"[스포츠타임] 저지, 62호 홈런 작렬… 약물 없이 AL 단일 시즌 '최다 홈...",https://www.spotvnews.co.kr/news/articleView.html?idxno=553493
2022.10.6,IVE,"아이브, 축제 논란…'섭외 담당' 에이전시 사과 ""미련 못 버린 잘못""(종...",http://news.tf.co.kr/read/entertain/1969619.htm
2022.10.6,IVE,"""1박 160만원 호텔"" 장원영, 파리서 받은 대우 보니?…국적 논란 '타격 ...",http://www.topstarnews.net/news/articleView.html?idxno=14752217
2022.10.6,ITZY,"후배 걸그룹 멤버가 '조이♥크러쉬' 열애 언급 논란...크러쉬, 의미심장...",https://www.insight.co.kr/news/414120
2022.10.7,STAYC,"디즈니·구글, 美 대학생 낙태 홍보 영화 지원 논란",https://www.christiantoday.co.kr/news/350341
2022.10.8,NMIXX,걸그룹 전성시대'가 시작됐다,http://www.sisajournal.com/news/articleView.html?idxno=247679
2022.10.10,NewJeans,"""맞아요 저"" 전소민, '가짜 뉴진스' 논란에 과거사진까지 발굴",http://www.osen.co.kr/article/G1111962770
2022.10.11,NewJeans,"성차별, 악플테러… 잡음 많은 ‘스맨파’, 안무 표절 논란만 두 번째 ...",https://www.atstar1.com/view.php?uid=202210111028147510
2022.10.11,tripleS,"‘팬들이 직접 만든 걸그룹’ 트리플에스(Acid Angel from Asia), 김유연 ...",http://sports.khan.co.kr/news/sk_index.html?art_id=202210111959003&sec_id=540101&pt=nv
2022.10.12,IVE,"제니 결별' 지드래곤, 아이브 장원영과 열애설 '커플룩 의혹?'",https://www.gukjenews.com/news/articleView.html?idxno=2569430
2022.10.12,IVE,"[카드뉴스] 아이브 장원영, 과거 국적 논란 뭐였나?",http://www.ggilbo.com/news/articleView.html?idxno=938823
2022.10.14,IVE,[이슈위클리] 지드래곤·장원영 열애설→박민영前남친 논란→신혜성 음...,http://www.celuvmedia.com/article.php?aid=1665710467438580006
2022.10.14,Kep1er,"케플러 김다연·싸이퍼 원 열애설, 양측 소속사 “사생활이라 사실 확인...",http://www.breaknews.com/929500
2022.10.14,tripleS,"62홈런' 저지, 베이스볼다이제스트 선정 '올해의 선수'",http://www.newsis.com/view/?id=NISX20221014_0002048711&cID=10522&pID=10500
2022.10.15,ITZY,"""헤메코 바꿔라""…있지(ITZY) 충격 근황에 누리꾼 '시끌'",http://www.topstarnews.net/news/articleView.html?idxno=14758478
2022.10.15,tripleS,"트리플에스 '첫 디멘션' Acid Angel from Asia, 단체 콘셉트 포토 공개",http://star.mt.co.kr/stview.php?no=2022101512273595439
2022.10.16,IVE,"뉴진스, 스타일링 논란...담당 메이크업 아티스트 ""제가 한 것 아냐""",https://star.ytn.co.kr/_sn/0117_202210161608421655
2022.10.16,NMIXX,"엔믹스' 설윤, 뜻밖의 모자 논란…“이건 쓴 게 아니라 곁들여졌다” ...",https://www.wikitree.co.kr/articles/797447
2022.10.18,aespa,"에스파, 美 공연 마치고 18일 귀국",http://star.mk.co.kr/new/view.php?mc=ST&year=2022&no=922943
2022.10.18,tripleS,"트리플에스 첫 디멘션 Acid Angel from Asia, 'ACCESS' 예판 개시",http://www.fnnews.com/news/202210181052563006
2022.10.19,LE SSERAFIM,"[더벨]하이브, 달라진 IR 전략…'시장·주주 소통'에 적극",http://www.thebell.co.kr/front/free/contents/news/article_view.asp?key=202210181131511400103024
2022.10.19,aespa,"에스파 윈터, LA 반짝인 팅커벨",http://sports.khan.co.kr/news/sk_index.html?art_id=202210190922003&sec_id=540101&pt=nv
2022.10.19,IVE,"아이브, 또 1위",http://sports.khan.co.kr/news/sk_index.html?art_id=202210191132003&sec_id=540301&pt=nv
2022.10.19,IVE,"아이브, '애프터 라이크'로 또 1위",http://www.osen.co.kr/article/G1111969097
2022.10.19,STAYC,스테이씨 아이샤 '감탄사를 부르는 미모'[★포토],http://star.mt.co.kr/stview.php?no=2022101908330710340
2022.10.20,IVE,"봉황 비녀 꽂은 '아이브' 장원영..中 누리꾼 ""한국이 또 훔쳤다""",http://www.fnnews.com/news/202210200817324468
2022.10.20,LE SSERAFIM,르세라핌 'ANTIFRAGILE' 스포티파이 24개국 차트 진입 성공[공식],http://star.mt.co.kr/stview.php?no=2022102008082242316
2022.10.20,STAYC,"스테이씨 윤, '친한친구' 꽉 채운 유쾌 에너지",http://enter.etoday.co.kr/view/news_view.php?varAtcId=231820
2022.10.21,NewJeans,"[UHD포토] 뉴진스(NewJeans), '스타일링 논란 후 첫 일정'…'어때?' (코카...",http://www.topstarnews.net/news/articleView.html?idxno=14762834
2022.10.21,ITZY,"있지(ITZY), 오늘 영어 싱글 공개…'보이즈 라이크 유'",http://www.newsis.com/view/?id=NISX20221021_0002056331&cID=10601&pID=10600
2022.10.21,ITZY,"ITZY, 21일 선공개 영어 싱글 'Boys Like You' 발표…글로벌 인기 상승세...",http://www.wowtv.co.kr/NewsCenter/News/Read?articleId=A202210210048&t=NN
2022.10.21,NewJeans,"뉴진스, 유튜브채널 구독자 100만명 돌파",http://www.newsis.com/view/?id=NISX20221021_0002057061&cID=10601&pID=10600
2022.10.21,NewJeans,"[포토] 뉴진스 민지, 인형 미모",http://star.mk.co.kr/new/view.php?mc=ST&year=2022&no=933435
2022.10.21,NewJeans,"[B포토]뉴진스, 짜릿한 꿈의 세계로~",https://www.viva100.com/main/view.php?key=20221021010005156
2022.10.21,NewJeans,[MD포토] 뉴진스 '가을을 입다',http://www.mydaily.co.kr/new_yk/html/read.php?newsid=202210211054582249&ext=na&utm_campaign=naver_news&utm_source=naver&utm_medium=related_news
2022.10.21,NewJeans,"[사진]뉴진스 하니,'상큼하게'",http://www.osen.co.kr/article/G1111970902
2022.10.21,aespa,에스파 '걸스' 리믹스 싱글 음원 오늘 공개,http://www.newsis.com/view/?id=NISX20221021_0002056306&cID=10604&pID=10600
2022.10.21,aespa,"크록스X젠지, 제페토에서 에스파 메타버스 이벤트 개최",http://www.apparelnews.co.kr/news/news_view/?idx=201369
2022.10.21,LE SSERAFIM,"르세라핌, 글로벌 스포티파이 3일 연속 진입",https://www.yna.co.kr/view/PYH20221021107500005?input=1196m
2022.10.21,LE SSERAFIM,"르세라핌, 진정한 ‘안티프래자일’[화보]",http://sports.khan.co.kr/news/sk_index.html?art_id=202210211420003&sec_id=540101&pt=nv
2022.10.21,LE SSERAFIM,"젠 기저귀 능숙하게 가는 사쿠라…르세라핌, '슈돌' 떴다",http://www.newsis.com/view/?id=NISX20221021_0002056715&cID=10601&pID=10600
2022.10.21,LE SSERAFIM,"르세라핌, '슈돌' 젠과 만난다 '원픽은 누구?'",http://www.mydaily.co.kr/new_yk/html/read.php?newsid=202210211005279454&ext=na&utm_campaign=naver_news&utm_source=naver&utm_medium=related_news
2022.10.21,LE SSERAFIM,"르세라핌 ""우리는 꿈을 보며 앞으로 나아가는 그룹""[화보]",http://biz.heraldcorp.com/view.php?ud=202210211332334279960_1
2022.10.21,LE SSERAFIM,"슈돌' 르세라핌 사쿠라X카즈하X홍은채, 사유리 子 젠 일일육아 도전",http://star.mt.co.kr/stview.php?no=2022102121521962005
2022.10.21,IVE,"아이브 안유진, 시.선.압.도",http://star.mt.co.kr/stview.php?no=2022102109032122937
2022.10.21,IVE,아이브 안유진의 성숙함 [화보],http://www.tvdaily.co.kr/read.php3?aid=16663113301658174017
2022.10.21,IVE,"[TEN차트] 아이브 장원영, 웹툰 주인공 같은 외모를 가진 여자 가수 1위",https://tenasia.hankyung.com/topic/article/2022102150464
2022.10.21,NMIXX,엔믹스 설윤 '상큼미모'[★포토],http://star.mt.co.kr/stview.php?no=2022102109573548570
2022.10.21,NMIXX,엔믹스 '빈틈없는 비주얼'[엑's HD포토],https://www.xportsnews.com/article/1644897
2022.10.21,NMIXX,엔믹스 규진 '시크한 볼하트'[★포토],http://star.mt.co.kr/stview.php?no=2022102110055716412
2022.10.21,Kep1er,"케플러, 무대 찢는 완벽 칼군무..'We Fresh'[종합]",http://www.osen.co.kr/article/G1111971226
2022.10.21,Kep1er,케플러 김채현 '청순미모'[★포토],http://star.mt.co.kr/stview.php?no=2022102110525031707
2022.10.21,Kep1er,[MD포토] 케플러 '개성 맞춤 평상복',http://www.mydaily.co.kr/new_yk/html/read.php?newsid=202210211306925548&ext=na&utm_campaign=naver_news&utm_source=naver&utm_medium=related_news
2022.10.22,IVE,"장원영 비녀'에 ""중국문화 강탈""…김치·한복 이어 또 우기기",https://www.hankyung.com/international/article/2022102018417
2022.10.22,NMIXX,"음중' 이찬혁, '뒤통수 논란' 의식한 '거울 반사' 무대..아집일까 묘수...",http://star.mt.co.kr/stview.php?no=2022102216195496658
2022.10.23,NewJeans,"""리더 동의하면 끝?""…'스맨파', 투표 조기종료→공정성 논란[SC초점]",http://sports.chosun.com/news/ntype.htm?id=202210240100151100009714&servicedate=20221023
2022.10.25,Kep1er,[TD포토] 케플러 김다연 '열애설의 진실은?',http://www.tvdaily.co.kr/read.php3?aid=16666922231658607017
2022.10.25,STAYC,"카카오엔터 vs CJ ENM, 헤게모니 승자는 누구인가 [엔터-Biz:K컬처의 미래...",http://www.tvdaily.co.kr/read.php3?aid=16666613401658438002
2022.10.26,IVE,"대학축제 '5천' 요구하기도... ""알바해서 낸 등록금 아까워""",http://www.ohmynews.com/NWS_Web/View/at_pg.aspx?CNTN_CD=A0002871735&CMPT_CD=P0010&utm_source=naver&utm_medium=newsearch&utm_campaign=naver_news
2022.10.31,NewJeans,"아이브→뉴진스, 치열한 女신인상[스경연예연구소]",http://sports.khan.co.kr/news/sk_index.html?art_id=202210310958003&sec_id=540301&pt=nv
2022.11.3,NewJeans,[문화화제] 전 세계 강타한 국가대표 걸그룹,http://jmagazine.joins.com/monthly/view/336807
2022.11.4,IVE,"""언니→아빠 얼굴까지""…장원영, '가족 신상 털이' 피해에 '몸살'",http://www.topstarnews.net/news/articleView.html?idxno=14772260
2022.11.4,STAYC,미국 중간선거 향방 결정할 6개 주는 어디?,http://www.newsis.com/view/?id=NISX20221104_0002073520&cID=10101&pID=10100
2022.11.5,NewJeans,"카카오엔터, 저작권 논란→역바이럴 의혹까지",http://www.topstarnews.net/news/articleView.html?idxno=14773079
2022.11.8,IVE,"아이브 장원영-리즈 올해 수능 포기, 대학 진학 고민 [공식]",https://www.tvreport.co.kr/2120631
2022.11.8,IVE,출장 십오야' 촬영 중 안유진이 최애 김치찌개로 '참치' 대신 '돼지' 선...,https://www.insight.co.kr/news/417984
2022.11.9,NewJeans,"남자들의 의리' 안 통했나…종영 '스맨파', 요란했던 그들만의 리그 [종...",https://www.xportsnews.com/article/1652511
2022.11.12,NewJeans,"갑질 논란' 노제, 근황 공개하고 복귀 시동 ""쿨하고 의연한 사람 되고...",http://moneys.mt.co.kr/news/mwView.php?no=2022111208582115129
2022.11.13,NewJeans,[Y초점] 논란 일색 '스맨파'가 증명한 것,https://star.ytn.co.kr/_sn/0117_202211131400020376
2022.11.14,STAYC,"잡음 많은 ‘뮤직뱅크 인 칠레’, 인종 차별 논란까지",http://sports.khan.co.kr/news/sk_index.html?art_id=202211141133003&sec_id=540301&pt=nv
2022.11.14,FIFTY FIFTY,"4인조 신인 걸그룹 피프티 피프티, 11월 데뷔 확정",https://news.jtbc.co.kr/article/article.aspx?news_id=NB12094329
2022.11.14,FIFTY FIFTY,"피프티 피프티, 11월 정식 데뷔…공식 로고 공개",https://www.mk.co.kr/article/10528823?refer=portal
2022.11.15,NewJeans,노제 4개월만 다시 복귀하나? 논란 뭐였길래,http://www.ggilbo.com/news/articleView.html?idxno=945135
2022.11.15,ITZY,"ITZY 유나, 콘셉트 장인",http://sports.khan.co.kr/news/sk_index.html?art_id=202211151017003&sec_id=540101&pt=nv
2022.11.15,tripleS,"트리플에스, 日 멤버 합류…카에데 ""너무 떨려""",http://www.newsis.com/view/?id=NISX20221115_0002086715&cID=10601&pID=10600
2022.11.15,FIFTY FIFTY,"피프티 피프티, 18일 데뷔 확정…신비+청순 비주얼",https://www.news1.kr/articles/4865458
2022.11.15,FIFTY FIFTY,"피프티 피프티, 18일 데뷔 확정…'4세대 뉴페이스' 등장",https://www.hankyung.com/entertainment/article/202211151275H
2022.11.16,IVE,‘2022 마마 어워즈’ 최초 도전과 최고 열정의 산물 “K팝·‘마마’ 위...,https://isplus.com/2022/11/16/enter/entertainment/20221116111140799.html
2022.11.16,NMIXX,수능 앞둔 2004년생 스타들의 각기 다른 선택,https://hankookilbo.com/News/Read/A2022111515440001433?did=NA
2022.11.16,tripleS,"‘쇼챔’ 트리플에스 AAA, Z세대 저격 무대",http://sports.khan.co.kr/news/sk_index.html?art_id=202211162217003&sec_id=540301&pt=nv
2022.11.16,tripleS,"[사진]트리플에스 AAA,'상큼하게'",http://www.osen.co.kr/article/G1111990113
2022.11.17,Kep1er,"[포토]케플러 서영은, 수능 파이팅",https://www.mk.co.kr/article/10534434
2022.11.17,FIFTY FIFTY,"18일 데뷔 '피프티 피프티', 4人 4色 콘셉트 포토 공개",http://www.newsis.com/view/?id=NISX20221117_0002090524&cID=10601&pID=10600
2022.11.17,FIFTY FIFTY,"피프티 피프티, 4人 4色 비주얼..신흥 콘셉트 부자 '미리 찜'",http://star.mt.co.kr/stview.php?no=2022111709422661132
2022.11.18,IVE,"아이브(IVE) 장원영, '역바이럴 의혹' 여파?…광고계 움직임 '주목'",http://www.topstarnews.net/news/articleView.html?idxno=14782479
2022.11.18,tripleS,"신인그룹 트리플에스, 케이팝레이더 위클리 팬덤 차트 정상",https://www.asiatoday.co.kr/view.php?key=20221118010010263
2022.11.18,FIFTY FIFTY,"믿듣 걸그룹' 탄생! 피프티 피프티, 오늘(18일) ‘더 피프티’로 데뷔",https://www.etnews.com/20221118000156
2022.11.18,FIFTY FIFTY,"피프티 피프티, 자유 갈망하는 소녀들의 첫 여정",http://news.tf.co.kr/read/entertain/1980264.htm
2022.11.19,ITZY,여초에서 갑자기 있지 류진·채령 '불화설' 제기한 이유,https://www.insight.co.kr/news/419503
2022.11.19,IVE,아이브 장원영 '인형 미모'[★포토],http://star.mt.co.kr/stview.php?no=2022111920002135419
2022.11.19,IVE,"아이브 장원영, '완벽한 비율' [MD포토]",http://www.mydaily.co.kr/new_yk/html/read.php?newsid=202211192038508217&ext=na&utm_campaign=naver_news&utm_source=naver&utm_medium=related_news
2022.11.20,NewJeans,"뉴진스, '어텐션'도 스포티파이 1억 스밍…벌써 두 번째",http://www.newsis.com/view/?id=NISX20221120_0002092787&cID=10601&pID=10600
2022.11.20,aespa,"[비즈 포토] 에스파 지젤, 시크한 볼하트",http://enter.etoday.co.kr/view/news_view.php?varAtcId=233155
2022.11.20,aespa,"[비즈 포토] 에스파 윈터, 단발 요정의 상큼한 손하트",http://enter.etoday.co.kr/view/news_view.php?varAtcId=233157
2022.11.20,NMIXX,"엔믹스, 신곡 '펑키 글리터 크리스마스' MV 티저 공개",https://www.news1.kr/articles/4870058
2022.11.20,STAYC,스테이씨 시은 '인형미모'[★포토],http://star.mt.co.kr/stview.php?no=2022112016291051640
2022.11.20,STAYC,스테이씨 '상큼함이 한가득!'[★포토],http://star.mt.co.kr/stview.php?no=2022112016282467810
2022.11.21,NewJeans,"""실력 들통났네""…대학 유튜버, 에스파→엔믹스 등 걸그룹 조롱 논란",http://www.topstarnews.net/news/articleView.html?idxno=14784344
2022.11.21,NewJeans,"아이브는 ‘칭찬’-에스파는 ‘비난’?…대학 유튜버, 아이돌 평점했다...",http://sports.khan.co.kr/news/sk_index.html?art_id=202211211523003&sec_id=540301&pt=nv
2022.11.21,ITZY,"ITZY 채령, 콘셉트 포토 공개…도도한 고양이 매력",https://www.newsen.com/news_view.php?uid=202211211059330410
2022.11.21,ITZY,"ITZY 채령, 새 앨범 ‘체셔’ 개인 티저 이미지 공개…호기심 자극 알쏭...",http://www.wowtv.co.kr/NewsCenter/News/Read?articleId=A202211210047&t=NN
2022.11.21,ITZY,"ITZY(있지) 화보, 촬영장 스태프들 탄성 자아낸 대체불가 비주얼 ‘시선...",http://www.breaknews.com/934871
2022.11.21,NewJeans,"뉴진스 데뷔곡 ‘Attention’, 스포티파이 스트리밍 '1억 뷰!""",https://kstar.kbs.co.kr/list_view.html?idx=238439
2022.11.21,aespa,"[HD포토] 에스파(aespa) 윈터, '갓민정 갓선미' (아쿠아 디 파르마 포토...",http://www.topstarnews.net/news/articleView.html?idxno=14784195
2022.11.21,LE SSERAFIM,"르세라핌, 칼군무 빛났다…'안티프래자일' 활동 성료",http://www.newsis.com/view/?id=NISX20221121_0002093551&cID=10601&pID=10600
2022.11.21,LE SSERAFIM,르세라핌 허윤진 ‘후드 속 눈부신 금발’[포토엔HD],https://www.newsen.com/news_view.php?uid=202211211957463510
2022.11.21,IVE,"마마 어워즈, 스맨파·아이브·임영웅 등 특급 컬래버 예고",https://www.etnews.com/20221121000223
2022.11.21,NMIXX,"[영상]엔믹스, 크리스마스 분위기 물씬…첫 시즌송 MV 티저 공개",http://www.inews24.com/view/1540853
2022.11.21,Kep1er,"케플러, ‘인기가요’ 핫스테이지 1위 “앞으로도 핫한 무대 많이 보여...",https://www.bntnews.co.kr/article/view/bnt202211210051
2022.11.21,FIFTY FIFTY,"박진영, 기상캐스터 변신…MBC '뉴스투데이'서 일기예보",http://enews.imbc.com/News/RetrieveNewsInfo/365883
2022.11.21,FIFTY FIFTY,"박진영, MBC '뉴스투데이' 깜짝 등장…기상 캐스터 김가영과 'Groove Back'...",http://enter.etoday.co.kr/view/news_view.php?varAtcId=233233
2022.11.25,ITZY,[퇴근길이슈] 오영수 강제추행 혐의·후크엔터·딘딘 사과·김연아♥고...,http://www.joynews24.com/view/1542743
2022.11.26,IVE,‘멜론뮤직어워드’ 오늘 개최...대상은 누구?,https://www.mk.co.kr/article/10545604
2022.11.27,IVE,"""세월호 추모곡으로 유명한데..."" 레드벨벳 뮤비와 너무 똑같다 말 나오...",https://www.insight.co.kr/news/420456
2022.11.30,LE SSERAFIM,"[단독]'2022 MMA' 큐시트 원본 입수, 라이브 논란 팩트체크",https://news.jtbc.co.kr/article/article.aspx?news_id=NB12105258
2022.11.30,IVE,게임강자 엔씨 'K팝 굴욕'…하이브에 밀린 '유니버스' 매각한다,https://www.joongang.co.kr/article/25121984
2022.12.1,NMIXX,올해도 시끄러운 'MAMA'…#첫 플래티넘 #사대주의 #방송사고 (종합)[엑's...,https://www.xportsnews.com/article/1660809
2022.12.2,NewJeans,‘스맨파’ 종영 후에도 이어지는 성차별 논란…“‘스우파’는 기싸움...,https://www.etoday.co.kr/news/view/2199102
2022.12.2,NewJeans,"엔씨는 매각, 하이브 SM은 확장…팬덤 플랫폼, 뭐가 달랐기에?",http://www.bizhankook.com/article/24826
2022.12.5,NewJeans,[올해의 걸그룹①]‘신드롬’ (여자)아이들,https://www.mk.co.kr/article/10555911
2022.12.7,NewJeans,우영우' 제치고 구글 1위…한국인이 가장 많이 검색한 이 단어,https://www.joongang.co.kr/article/25123942
2022.12.7,ITZY,‘우마무스메’ 다음은 나! ‘에버소울’에 전력 다하는 카카오게임즈,https://game.donga.com/105574/
2022.12.8,STAYC,"이승기 소속사 음원 분쟁, 전문가 의견 들어보니(연중 플러스)",https://www.newsen.com/news_view.php?uid=202212080919476310
2022.12.9,NMIXX,올해의 케이팝 이슈 5,https://www.gqkorea.co.kr/2022/12/09/%ec%98%ac%ed%95%b4%ec%9d%98-%ec%bc%80%ec%9d%b4%ed%8c%9d-%ec%9d%b4%ec%8a%88-5/?utm_source=naver&utm_medium=partnership
2022.12.9,tripleS,"트리플에스, 첫 완전체 디멘션 ‘타이틀곡 월드컵’ 성료",https://www.mk.co.kr/article/10562991?utm_source=naver&utm_medium=referral&utm_campaign=relatednews
2022.12.10,tripleS,"트리플에스 첫 완전체, S10 서다현 공개",http://sports.khan.co.kr/news/sk_index.html?art_id=202212101042003&sec_id=540301&pt=nv
2022.12.11,NewJeans,"뉴진스, 블랙핑크 제쳤다",http://sports.khan.co.kr/news/sk_index.html?art_id=202212111230003&sec_id=540101&pt=nv
2022.12.12,IVE,장원영 코스프레?…그룹 앨리스 ‘양손 딸기 먹방’ 논란,https://www.etoday.co.kr/news/view/2202046
2022.12.12,NMIXX,엔믹스 '멤버 탈퇴+전속계약 해지' 이후 재조명되고 있는 JYP 행적,https://www.wikitree.co.kr/articles/814491
2022.12.13,NewJeans,"임영웅→뉴진스→이준호, ‘2022 AAA’ 대상 쾌거[종합]",https://www.tvreport.co.kr/2124955
2022.12.13,LE SSERAFIM,역주행에 웃고 표절에 울었다[2022 결산⑦],https://www.mk.co.kr/article/10565662
2022.12.13,IVE,"세븐틴·임영웅·아이브→이준호, ‘2022 AAA’ 대상[종합]",https://www.mk.co.kr/article/10567331
2022.12.14,IVE,"임영웅 ""영웅시대"" 외칠 때 김선호·박민영은…'AAA' 말말말 [MP이슈]",http://www.mediapen.com/news/view/778250
2022.12.14,NMIXX,"""비하인드 영상에도 삭제""…엔믹스 지니, 흔적 지우기ing→설윤 루머 피...",http://www.topstarnews.net/news/articleView.html?idxno=14803420
2022.12.15,NMIXX,"[Y초점] 스키즈 현진은 품고, 엔믹스 지니는 지우는 모순",https://star.ytn.co.kr/_sn/0117_202212151200012706
2022.12.15,FIFTY FIFTY,"피프티 피프티, 인도네시아·인도서 활발한 활동",https://www.news1.kr/articles/4895776
2022.12.15,FIFTY FIFTY,"4세대 걸그룹' 피프티 피프티, 인도네시아·인도서도 조명",http://www.sportsseoul.com/news/read/1185656?ref=naver
2022.12.16,NewJeans,[셀럽포토]원어스 '사생활 논란 레이븐 탈퇴 후 첫 공식석상',http://www.celuvmedia.com/article.php?aid=1671183388442643009
2022.12.16,NewJeans,추억소환·새 출발·새 시리즈…연말연초 그룹 기대작 [TF프리즘],http://news.tf.co.kr/read/entertain/1986261.htm
2022.12.16,ITZY,ITZY 리아 '환혼2' 첫 OST 주자 나서...발매일은?,https://www.gukjenews.com/news/articleView.html?idxno=2616285
2022.12.16,ITZY,[Ms포토] ITZY(있지) '5색 비주얼',https://www.mhnse.com/news/articleView.html?idxno=160112
2022.12.16,aespa,"[포토] 에스파 윈터, 단발이 딱이야",https://www.mk.co.kr/article/10571987
2022.12.16,NMIXX,"[포토] 엔믹스, 발랄한 모습으로",https://www.mk.co.kr/article/10571750
2022.12.16,NMIXX,[TD포토+] 엔믹스 설윤 '숲속의 공주',http://www.tvdaily.co.kr/read.php3?aid=16711836921662518017
2022.12.16,Kep1er,"[오마이포토] '케플러' 샤오팅, 절정의 세련미",http://www.ohmynews.com/NWS_Web/View/at_pg.aspx?CNTN_CD=A0002888799&CMPT_CD=P0010&utm_source=naver&utm_medium=newsearch&utm_campaign=naver_news
2022.12.16,STAYC,[TD포토+] 스테이씨 윤 'K-클레오파트라!',http://www.tvdaily.co.kr/read.php3?aid=16711929071662539017
2022.12.16,STAYC,"스테이씨 수민, 미모가 반짝반짝[포토엔HD]",https://www.newsen.com/news_view.php?uid=202212161821161810
2022.12.17,ITZY,"골반뽕 의혹 시달린 03년생 유나, 이 무대 하나로 논란 종결시켰다 (영...",https://www.wikitree.co.kr/articles/816185
2022.12.17,tripleS,"트리플에스, 써클차트 50주 차트에 2회 랭크…차트점유율 0.1%로 공동 15...",http://www.topstarnews.net/news/articleView.html?idxno=14823376
2022.12.19,IVE,"[가요소식] 아이브, 내년 2월 첫 번째 팬 콘서트 개최",https://www.yna.co.kr/view/AKR20221219114400005?input=1195m
2022.12.19,IVE,"아이브, 내년 2월 첫 팬콘 ‘더 프롬 퀸즈’ 개최",https://isplus.com/2022/12/19/enter/entertainment/20221219161434016.html
2022.12.19,Kep1er,케플러(Kep1er) 'Intro+We Fresh+WA DA DA' 4K 무대 영상 [AAA직캠],https://www.starnewskorea.com/stview.php?no=2022121910255266913
2022.12.20,LE SSERAFIM,[2022 문화 결산]올해 K팝은 ‘빌보드·4세대·거장’으로 요약,http://news.heraldcorp.com/view.php?ud=20221220000074
2022.12.20,NewJeans,뉴진스 'Ditto' 차트 '싹쓸이',https://www.starnewskorea.com/stview.php?no=2022122009355616514
2022.12.20,NewJeans,"[MK뮤직]뉴진스, ‘디토'로 올해 문 닫습니다",https://www.mk.co.kr/article/10575691
2022.12.20,aespa,"SM타운 겨울 앨범, 슈주·소시·샤이니·엑소·레벨·NCT·에스파 출격",https://www.sedaily.com/NewsView/26EZ4TL5BZ
2022.12.20,aespa,"슈주·소시·샤이니·엑소·레벨·NCT·에스파, 역대급 컬래버",http://www.tvdaily.co.kr/read.php3?aid=16714918401662722010
2022.12.20,IVE,"아이브 “대상 수상, 꿈 같아” [화보]",https://sports.donga.com/article/all/20221220/117079677/1
2022.12.20,IVE,"아이브 ""대상 수상, 꿈 같다는 생각밖에 안 들어""",http://www.newsis.com/view/?id=NISX20221220_0002129174&cID=10601&pID=10600
2022.12.20,Kep1er,"케플러, 日 주목한 ‘슈퍼 루키’",http://sports.khan.co.kr/news/sk_index.html?art_id=202212201659003&sec_id=540101&pt=nv
2022.12.20,Kep1er,"뜨거운 목성'이라 불린 '케플러-1658b', 별에 다가서며 궤도감쇠 확인",http://mbn.mk.co.kr/pages/news/newsView.php?category=mbn00008&news_seq_no=4888476
2022.12.21,IVE,"""K팝 판도 바꿨다""…아이브vs 뉴진스vs 르세라핌 [김유림의 연예담]",http://moneys.mt.co.kr/news/mwView.php?no=2022122014291377084
2022.12.21,ITZY,"있지(ITZY), 美 '빌보드200' 2주 연속 진입…시저 'SOS' 1위",http://www.newsis.com/view/?id=NISX20221221_0002130419&cID=10601&pID=10600
2022.12.21,NewJeans,"뉴진스, 홀리데이 스페셜영상 공개…'OMG' 기대↑",http://www.newsis.com/view/?id=NISX20221221_0002130655&cID=10604&pID=10600
2022.12.21,NewJeans,"뉴진스, 니혼TV 출연…첫 일본 무대",https://news.jtbc.co.kr/article/article.aspx?news_id=NB12108059
2022.12.21,NewJeans,"뉴진스, 英 NME '2022 K-팝 베스트 송 25' 1위",https://www.nocutnews.co.kr/news/5867999
2022.12.21,NewJeans,"""무한도전 표절? 장르 유사성일 뿐""…뉴진스 MV 감독의 재치",http://news.mt.co.kr/mtview.php?no=2022122117385750915
2022.12.21,NewJeans,"""뉴진스가 산타네""…하이브 개미들, 신곡 대박 조짐에 '환호'",https://www.hankyung.com/finance/article/202212210555i
2022.12.21,NewJeans,"뉴진스, 또 신기록… 스포티파이 역대급 기록행진",http://starin.edaily.co.kr/news/newspath.asp?newsid=01390726632560816
2022.12.21,aespa,보아→에스파 윈터 '믿듣보' 조합…SM 겨울앨범 하라메,http://www.newsis.com/view/?id=NISX20221221_0002130756&cID=10604&pID=10600
2022.12.21,aespa,"황민현·에스파 윈터, 수능만점자가 선택한 스타…'유퀴즈'서 팬심 고백",https://www.news1.kr/articles/4901795
2022.12.21,LE SSERAFIM,"르세라핌, 써클차트 15위 ‘독보적 존재감’",http://sports.khan.co.kr/news/sk_index.html?art_id=202212211537003&sec_id=540301&pt=nv
2022.12.21,LE SSERAFIM,"르세라핌, 데뷔 7개월 만 앨범 125만 장 판매고",https://news.jtbc.co.kr/article/article.aspx?news_id=NB12107993
2022.12.21,LE SSERAFIM,"르세라핌, 日 '홍백가합전' 출연…유명 방송 러브콜 쇄도",http://www.newsis.com/view/?id=NISX20221221_0002130876&cID=10601&pID=10600
2022.12.21,LE SSERAFIM,"르세라핌, 日 연말 접수! 현지 데뷔 전 흥행 예열",https://www.starnewskorea.com/stview.php?no=2022122109093514862
2022.12.21,IVE,"아이브, 美 타이달도 빠져들어",http://sports.khan.co.kr/news/sk_index.html?art_id=202212211523003&sec_id=540101&pt=nv
2022.12.21,IVE,"아이브, '러브 다이브'로 美 타이달 연간 차트 1위",https://news.jtbc.co.kr/article/article.aspx?news_id=NB12108055
2022.12.21,NMIXX,"신예 트렌드지, ‘제32회 서울가요대상’ 신인상 도전···르세라핌·뉴...",http://sports.khan.co.kr/news/sk_index.html?art_id=202212212247003&sec_id=540101&pt=nv
2022.12.23,NewJeans,[2022 연말결산] 소녀시대→뉴진스까지…2·3·4세대 모인 걸그룹 전성기,http://www.topstarnews.net/news/articleView.html?idxno=14866619
2022.12.24,NMIXX,"프로미스나인 이새롬, 열애설 논란 이후 첫 공식석상 [SE★포토]",https://www.sedaily.com/NewsView/26F10QIMJ3
2022.12.26,NewJeans,(영상)올 여름 이어 겨울까지 '뉴진스 돌풍',http://www.newstomato.com/ReadNews.aspx?no=1168847&inflow=N
2022.12.26,NewJeans,[TD연말결산+] 아이브 뉴진스 르세라핌 'K팝 장악한 4세대 걸그룹',http://www.tvdaily.co.kr/read.php3?aid=16720207351663324017
2022.12.26,FIFTY FIFTY,"FIFTY FIFTY(피프티 피프티), 인도‧인도네시아서 연일 극찬",http://sports.khan.co.kr/news/sk_index.html?art_id=202212262213003&sec_id=540101&pt=nv
2022.12.27,IVE,"[2022 가요결산②]아이브→뉴진스, 열풍의 중심엔 ‘걸그룹’이 있다",http://www.sportsseoul.com/news/read/1187724?ref=naver
2022.12.29,STAYC,서태지·Y2K·K팝…2022년 대중음악 결산,http://www.newstomato.com/ReadNews.aspx?no=1169645&inflow=N
2022.12.29,ITZY,[Cover Story] 2022 Culture Stream①,https://www.mk.co.kr/article/10587104
2022.12.29,STAYC,"‘엠카’ 스테이씨, ‘RUN2U’로 거침없는 러블리 매력 발산",https://www.mk.co.kr/article/10587188
2022.12.30,LE SSERAFIM,"[2022년 키워드-가요] 유희열 표절 논란, BTS 완전체 활동 중단, 이승기...",https://www.dailian.co.kr/news/view/1188067/?sc=Naver
2023.1.2,NewJeans,뉴진스 컴백…겨울의 ‘뉴진스’는 또 어떨까[M+가요진단],https://www.mk.co.kr/article/10590198?refer=portal
2023.1.2,IVE,앉아서 노래 부르고 '립싱크 논란' 휩싸인 아이브 장원영·이서,https://www.insight.co.kr/news/424824
2023.1.3,tripleS,"트리플에스, 新 일본 멤버 공개…도쿄의 청순 비주얼",http://www.mydaily.co.kr/new_yk/html/read.php?newsid=202301031118925764&ext=na&utm_campaign=naver_news&utm_source=naver&utm_medium=related_news
2023.1.3,tripleS,"트리플에스, 새 일본 멤버 S11 코토네 공개…티저 오픈",https://www.newsen.com/news_view.php?uid=202301030746152410
2023.1.4,IVE,립싱크 논란'에 재조명된 아이브 장원영의 앵콜 무대 (feat.이영지),https://www.insight.co.kr/news/425137
2023.1.5,ITZY,"ITZY 채령 “과자 한 통, 이제는 가능” 소식좌 논란 종결",http://sports.khan.co.kr/news/sk_index.html?art_id=202301051438013&sec_id=540101&pt=nv
2023.1.5,ITZY,"있지(ITZY) 채령, 프링글스 논란 종결 ""자색 고구마는 한통 가능""",http://www.slist.kr/news/articleView.html?idxno=414939
2023.1.5,ITZY,"열애' 신동 ""이제 다이어트 NO..운동하며 많이 먹을 것""(아이돌리그)",http://biz.heraldcorp.com/view.php?ud=202301051415435332345_1
2023.1.6,NMIXX,"아육대', 부상→갑질 논란 속 2023 설 연휴 '편성 無'",http://www.topstarnews.net/news/articleView.html?idxno=14928747
2023.1.6,FIFTY FIFTY,"피프티 피프티, 美 매체 선정 ‘2022 최고의 K팝 음악 25’",https://www.mk.co.kr/article/10596270?refer=portal
2023.1.6,FIFTY FIFTY,"피프티 피프티, 美 매체 선정 '최고의 2022 K팝 음악 25' 등극",https://www.starnewskorea.com/stview.php?no=2023010610514168684
2023.1.8,NewJeans,"한지 홍보가 어때서?...뉴진스, 난데 없이 中누리꾼들에 악플 표적돼",https://ent.sbs.co.kr/news/article.do?article_id=E10010263844&plink=ORI&cooper=NAVER
2023.1.9,NewJeans,"뉴진스, '문화 강탈 논란' 점화…中, '툭 하면' 불편한 민족성[TEN피플]",https://tenasia.hankyung.com/topic/article/2023010888174
2023.1.9,NewJeans,"[Y초점] 아이브(IVE) 향한 의심의 싹, 초장에 잘라내야",https://star.ytn.co.kr/_sn/0117_202301091110595991
2023.1.9,NewJeans,"뉴진스 뮤비→아이브 립싱크 논란, 4세대 대표 걸그룹에 씌워진 잔혹한...",http://sports.chosun.com/news/ntype.htm?id=202301100100054600006208&servicedate=20230109
2023.1.9,FIFTY FIFTY,"피프티 피프티, 美 그래미 선정 '올해 주목할 걸그룹'",http://www.newsis.com/view/?id=NISX20230109_0002152502&cID=10601&pID=10600
2023.1.9,FIFTY FIFTY,"피프티 피프티, 美 그래미 선정 ‘올해 주목할 K팝 신인 걸그룹’",https://sports.donga.com/article/all/20230109/117357273/1
2023.1.10,NewJeans,"뉴진스 '한지 홍보'에 中 악플 테러..허지웅 ""역사 공부 더 하길""",https://www.starnewskorea.com/stview.php?no=2023011013592049353
2023.1.11,IVE,뉴진스 한지 홍보영상에 악플테러한 中…서경덕 “韓 문화에 열등감”,http://www.munhwa.com/news/view.html?no=2023011101039910021004
2023.1.13,tripleS,"[이금준의 담다디談] 트리플에스, 日 '도쿄 하우스'→'글로벌 발걸음' 기...",https://www.etnews.com/20230113000109
2023.1.14,LE SSERAFIM,"[언터처블! K-POP②] 이어지는 K의 의지, 차세대 아티스트 '만개'",https://www.econovill.com/news/articleView.html?idxno=599471
2023.1.14,NMIXX,"‘음악중심’ 뉴진스 1위, 몬스타엑스·SF9 컴백→에이티즈·엔믹스 스페...",http://www.osen.co.kr/article/G1112025240
2023.1.14,FIFTY FIFTY,한미 장갑차 한팀으로 돌격…새해 첫 연합기동훈련서 태세 단련,https://www.yna.co.kr/view/AKR20230113151600504?input=1195m
2023.1.15,NMIXX,공석 된 K팝 왕좌…‘넥스트 BTS’ 누가 될까 [스타@스캔],https://www.atstar1.com/view.php?uid=202301131550293410
2023.1.17,NMIXX,"[SC초점] 가요계에 유리천장은 없다…민희진→서현주, K팝 이끄는 여성...",http://sports.chosun.com/news/ntype.htm?id=202301180100109180013415&servicedate=20230117
2023.1.17,STAYC,"스테이씨, '2022년 연간 써클차트' 11회 랭크·차트점유율 0.7%로 공동 18...",http://www.topstarnews.net/news/articleView.html?idxno=14979427
2023.1.18,NMIXX,"엔믹스, '2022년 연간 써클차트' 7회 랭크·차트점유율 0.5%로 공동 34위...",http://www.topstarnews.net/news/articleView.html?idxno=14983832
2023.1.18,STAYC,"스테이씨, 2월 컴백[공식]",http://sports.khan.co.kr/news/sk_index.html?art_id=202301181109003&sec_id=540301&pt=nv
2023.1.18,STAYC,"스테이씨, 7개월 만의 컴백…""새앨범 내달 발표 준비중""",http://www.newsis.com/view/?id=NISX20230118_0002163442&cID=10601&pID=10600
2023.1.19,tripleS,"트리플에스 김채연, '학폭 누명' 벗었다…""친구 거짓 주장""",http://www.newsis.com/view/?id=NISX20230119_0002164742&cID=10601&pID=10600
2023.1.19,tripleS,"""김채연이 너 역겹대""… '학폭' 주장, 거짓이었다",http://moneys.mt.co.kr/news/mwView.php?no=2023011913585484701
2023.1.19,tripleS,"트리플에스, 새 멤버 S12 주인공 ‘빛나는 막내’ 곽연지",http://sports.khan.co.kr/news/sk_index.html?art_id=202301192026003&sec_id=540301&pt=nv
2023.1.19,tripleS,"트리플에스, S12 곽연지 티저 영상 공개…매력 만점 비주얼",http://enter.etoday.co.kr/news/view/235985
2023.1.19,Kep1er,케플러 히카루 ‘귀여운 토끼’ [MK포토],https://www.mk.co.kr/article/10613513
2023.1.20,IVE,현역 아이돌 저격?...팬 커뮤니티 난리난 박진영 소신 발언,https://www.wikitree.co.kr/articles/825043
2023.1.20,ITZY,"[단독]ITZY ""'ITZY 월드투어=월드콘'이 되었으면 해요""(인터뷰②)",https://www.starnewskorea.com/stview.php?no=2023011501511739154
2023.1.20,NewJeans,"뉴진스, 신인상 5관왕",http://sports.khan.co.kr/news/sk_index.html?art_id=202301200801003&sec_id=540101&pt=nv
2023.1.20,aespa,"에스파, 첫 단독 콘서트 2월25일 개최",http://sports.khan.co.kr/news/sk_index.html?art_id=202301201548013&sec_id=540301&pt=nv
2023.1.20,aespa,"에스파, 2월 25·26일 첫 단독 콘서트 개최",https://www.mk.co.kr/article/10614538
2023.1.20,LE SSERAFIM,"르세라핌 ""행복한 연휴 되길""…자체 콘텐츠 예고",http://www.newsis.com/view/?id=NISX20230120_0002166551&cID=10601&pID=10600
2023.1.20,LE SSERAFIM,"르세라핌, 설날 맞아 새해 인사 ""귀성길 안전 운전""",https://www.news1.kr/articles/4930980
2023.1.20,Kep1er,"케플러, ‘서울가요대상’ 뉴웨이브스타상 수상…한계없는 성장 증명",http://enter.etoday.co.kr/news/view/236053
2023.1.21,ITZY,"[단독]ITZY ""AAA와 함께 성장! 모든 결과물은 팬들 덕분"" [★FULL인터뷰]",https://www.starnewskorea.com/stview.php?no=2023011914415921843
2023.1.21,NewJeans,설날=차이니즈 뉴이어?…뉴진스 결국 ‘사과’,https://www.seoul.co.kr/news/newsView.php?id=20230121500072&wlog_tag3=naver
2023.1.21,NewJeans,"뉴진스, 스포티파이 사로잡다",http://sports.khan.co.kr/news/sk_index.html?art_id=202301210903003&sec_id=540301&pt=nv
2023.1.21,NewJeans,"뉴진스 ""따뜻한 명절 보내시길"" 설 인사",https://news.jtbc.co.kr/article/article.aspx?news_id=NB12111903
2023.1.21,NewJeans,뉴진스 다니엘 사과 “중국 설 표기 부적절...깊이 반성 중”[전문],https://www.mk.co.kr/article/10615109
2023.1.21,NewJeans,韓·中 ‘설날’ 호칭 논쟁 점입가경…서 교수 이어 뉴진스도 시끌,https://www.sedaily.com/NewsView/29KK7QX6JC
2023.1.21,aespa,"에스파, 첫 단독 콘서트 개최…27일 팬클럽 선예매",http://enter.etoday.co.kr/news/view/236112
2023.1.21,aespa,"에스파 카리나·윈터, 4세대 원톱 비주얼.. 청순한데 섹시해",https://www.tvreport.co.kr/2130042
2023.1.21,LE SSERAFIM,"르세라핌, 25일 日 데뷔 확정[공식]",http://sports.khan.co.kr/news/sk_index.html?art_id=202301210948003&sec_id=540301&pt=nv
2023.1.21,IVE,"아이브 장원영, 한복 자태도 완벽..""행복한 설날""",https://www.starnewskorea.com/stview.php?no=2023012114245887673
2023.1.21,IVE,"아이브, 새해인사 “데뷔 후 꿈만 같았다”",http://sports.khan.co.kr/news/sk_index.html?art_id=202301211422003&sec_id=540101&pt=nv
2023.1.21,IVE,뉴진스·BTS·아이브 설날인사...K팝 간판 스타들이 떴다,https://www.mk.co.kr/article/10615050
2023.1.21,IVE,"곱게 한복 차려입은 '아이브', ""새해 복 많이 받으세요""",http://www.newsculture.press/news/articleView.html?idxno=516075
2023.1.21,NMIXX,"엔믹스(NMIXX), 써클차트 9회 랭크·차트점유율 0.6%로 40위·상위 9.7%…...",http://www.topstarnews.net/news/articleView.html?idxno=14994301
2023.1.21,tripleS,"트리플에스, '도쿄 하우스' 곽연지 X 코토네 '매력 케미' 기대",http://www.dailysportshankook.co.kr/news/articleView.html?idxno=270398
2023.1.22,NewJeans,"""한국이 '중국 설'도 훔쳐 갔다""…뉴진스도 피하지 못한 논란",https://www.hankyung.com/life/article/2023012287197
2023.1.22,NewJeans,"""'중국 코로나' 안된다며 '중국 설' 강요""… 커지는 '음력 설' 논란",http://news.heraldcorp.com/view.php?ud=20230122000070
2023.1.22,NewJeans,뉴진스·대영박물관·나이키도 '곤혹'...올해도 재현된 '중국 설' 논란,http://www.fnnews.com/news/202301221021327306
2023.1.22,STAYC,Welcome 2023 l 대형 신인 아이돌 쏟아져 나온다!,https://www.ize.co.kr/news/articleView.html?idxno=55217
2023.1.23,IVE,"장원영 한복 입고 ""해피 설날""…中 누리꾼 '중국 설' 댓글 폭탄",https://www.news1.kr/articles/4932295
2023.1.25,NewJeans,[문화광장] 인기 걸그룹도 논란…반복되는 ‘중국 설’ 표기,https://news.kbs.co.kr/news/view.do?ncd=7585755&ref=A
2023.1.26,IVE,"아이브 장원영 '피자 먹방' 언급한 100만 유튜버...""사이다 발언"" 반응 ...",https://www.insight.co.kr/news/427453
2023.1.27,NewJeans,"[Y초점] 민희진 대표, 뉴진스 6번째 멤버 '지니'가 되려는 게 아니라면…",https://star.ytn.co.kr/_sn/0117_202301271545156404
2023.1.27,NewJeans,"[Y뮤직] 뉴진스는 빌보드 활약, 르세라핌은 오리콘 점령...발군의 하이브...",https://star.ytn.co.kr/_sn/0117_202301270957360760
2023.1.27,NewJeans,"[이슈위클리] 뉴진스 다니엘, 중국설 표기 사과→김지영 빚투 논란",http://www.celuvmedia.com/article.php?aid=1674778349445500006
2023.1.31,NewJeans,"참을 수 없는…' 걸그룹 뉴진스 민희진, 선 넘는 악플러에 결국 칼 뽑았...",https://www.wikitree.co.kr/articles/827484
2023.2.2,IVE,"[지식의 창] 바야흐로 걸그룹 전성시대, 1세대부터 현재까지 '걸그룹' 세...",http://www.sisunnews.co.kr/news/articleView.html?idxno=177999
2023.2.4,NewJeans,웃돈만 200만원?…'6분 완판' 뉴진스 그램 뭐길래?,https://biz.sbs.co.kr/article_hub/20000101557?division=NAVER
2023.2.4,LE SSERAFIM,뉴진스에는 광야 같은 세계관이 왜 없을까,https://h21.hani.co.kr/arti/culture/culture_general/53323.html
2023.2.6,IVE,황당한 마크·아린…이런 것도 '열애설'이라 해야하나[뉴컬이슈],http://www.newsculture.press/news/articleView.html?idxno=516916
2023.2.8,IVE,[지배구조 2023｜카카오①]김범수도 다 모른다...복잡한 '문어발' 플랫폼,https://www.newsway.co.kr/news/view?tp=1&ud=2023020707294685731
2023.2.10,NewJeans,"뉴진스 하니, 베트남 극우 세력들 '혐오 발언' 희생양 되나...다니엘 이...",https://isplus.com/article/view/isp202302100103
2023.2.10,NewJeans,"""BTS 잘키워 SM을 삼켰네…너무 독점은 막아야""",http://www.bigtanews.co.kr/news/articleView.html?idxno=13391
2023.2.12,IVE,‘팬데믹 아이돌’ 역경 딛고 뛰어난 성장[스경X초점],http://sports.khan.co.kr/news/sk_index.html?art_id=202302121642023&sec_id=540301&pt=nv
2023.2.13,tripleS,"[Y현장] 트리플에스, 복잡하지만 흥미만발...첫 완전체 '디멘션' 출격 (...",https://star.ytn.co.kr/_sn/0117_202302131709416575
2023.2.13,ITZY,"ITZY “2월 12일 데뷔 4주년, 의미 있는 날 함께 보낼 수 있어 정말 행복...",http://sports.khan.co.kr/news/sk_index.html?art_id=202302131927003&sec_id=540301&pt=nv
2023.2.16,FIFTY FIFTY,"JYP 박진영, 美콘서트 화려한 피날레 “환갑잔치에도 함께 하길”",https://sports.donga.com/article/all/20230216/117912446/1
2023.2.17,IVE,"네파, 유아인 이어 아이브 안유진 모델 발탁 ""밝고 긍정적인 매력""",https://www.spotvnews.co.kr/news/articleView.html?idxno=586906
2023.2.18,NMIXX,"써클차트어워즈' NCT·에스파, 논란 의식했나…사라진 이수만 언급",https://hankookilbo.com/News/Read/A2023021822000001666?did=NA
2023.2.18,NMIXX,엔믹스 규진 ‘귀여운 양갈래 헤어’ [MK포토],https://www.mk.co.kr/article/10650118
2023.2.19,NewJeans,"[미리보는 이데일리 신문] ""노동개혁, 14% 아닌 86% 목소리 담아라""",http://www.edaily.co.kr/news/newspath.asp?newsid=01987686635512160
2023.2.19,IVE,"아이브, 써클차트 뮤직 어워즈 2022서 3관왕",https://star.ytn.co.kr/_sn/0117_202302191445132351
2023.2.19,IVE,"아이브, '써클차트 뮤직 어워즈 2022' 신인상 포함 3관왕",https://news.jtbc.co.kr/article/article.aspx?news_id=NB12115276
2023.2.20,NewJeans,"(분석)뉴진스 성공 핵심은 ""하이브리드 K팝""",http://www.newstomato.com/ReadNews.aspx?no=1178060&inflow=N
2023.2.20,NewJeans,"""SM세계관을 지키고 싶은 SM, 그 SM을 갖고 싶어하는 하이브""",https://www.ytn.co.kr/_ln/0106_202302201513536800
2023.2.20,tripleS,사진으로 돌아보는 2월 셋째 주 포토뉴스 (2월 13~19일),https://www.ajunews.com/view/20230219234902702
2023.2.20,NewJeans,"뉴진스 데뷔 음반, 밀리언셀러 달성",https://www.yna.co.kr/view/PYH20230220106900005?input=1196m
2023.2.20,aespa,"""블랙맘바와 최후의 대결""… 에스파, '걸스' 티저 공개",http://starin.edaily.co.kr/news/newspath.asp?newsid=01256246635512488
2023.2.20,aespa,"에스파, 오늘(20일) SMCU 세계관 세 번째 에피소드 티저 공개",https://star.ytn.co.kr/_sn/0117_202302201045237652
2023.2.20,aespa,‘이수만 선생님’ 사라진 NCT·에스파 수상소감…SM 내부 뒤숭숭,https://www.hani.co.kr/arti/culture/music/1080430.html
2023.2.20,LE SSERAFIM,르세라핌 김채원·홍은채 잇따라 브랜드 앰버서더 발탁,http://www.newspim.com/news/view/20230220000437
2023.2.20,FIFTY FIFTY,"피프티 피프티, 24일 ‘큐피드’로 컴백",http://sports.khan.co.kr/news/sk_index.html?art_id=202302201416003&sec_id=540301&pt=nv
2023.2.20,FIFTY FIFTY,"美 그래미 픽' 피프티 피프티, 24일 컴백…독보적 감성 담아",https://www.news1.kr/articles/4958535
2023.2.21,ITZY,"ITZY, 글로벌 워치 브랜드 앰배서더 발탁",https://www.bntnews.co.kr/article/view/bnt202302210022
2023.2.21,ITZY,"있지(ITZY), 팬들과 다정한 발걸음",http://www.thepowernews.co.kr/view.php?ud=202302211614439064ccf1619543_7
2023.2.21,ITZY,"있지, 월드투어 출국...개성만점 공항패션",https://news.jtbc.co.kr/article/article.aspx?news_id=NB12115538
2023.2.21,NewJeans,"하이브, BTS·뉴진스 활약에… 작년 영업익 2377억원 '사상 최대'",http://starin.edaily.co.kr/news/newspath.asp?newsid=01410406635512816
2023.2.21,aespa,"에스파, 24일 팝업 스토어 오픈…""다채로운 즐거움 선사""",http://www.newsis.com/view/?id=NISX20230221_0002200490&cID=10601&pID=10600
2023.2.21,aespa,"에스파 카리나, ‘AI’도 깜짝놀랄 ‘비현실적 꽃미모’ [포토엔HD 화보...",https://www.newsen.com/news_view.php?uid=202302211505065510
2023.2.21,LE SSERAFIM,"르세라핌 홍은채, 키르시 새 뮤즈 발탁",https://www.starnewskorea.com/stview.php?no=2023022108374953776
2023.2.21,LE SSERAFIM,"멀티레이블 체제 정착한 하이브, 역대 최다 매출 기록",https://www.onews.tv/news/articleView.html?idxno=155299
2023.2.21,IVE,"아이브, 팬콘으로 아시아 투어…5개국 순회",https://www.news1.kr/articles/4959993
2023.2.21,IVE,"아이브, 아시아 수놓은 ‘아이브 열풍’",http://sports.khan.co.kr/news/sk_index.html?art_id=202302211511003&sec_id=540301&pt=nv
2023.2.21,IVE,"아이브 안유진 ""평소 식탐 있는 편..먹는 것에 진심""('안다행')",http://www.osen.co.kr/article/G1112046581
2023.2.21,IVE,아이브 장원영 '설명이 필요없는 우월한 비율',http://www.mydaily.co.kr/new_yk/html/read.php?newsid=202302201751353146&ext=na&utm_campaign=naver_news&utm_source=naver&utm_medium=related_news
2023.2.21,NMIXX,"엔믹스, 사랑스러운 ‘맏막즈’[화보]",http://sports.khan.co.kr/news/sk_index.html?art_id=202302210931003&sec_id=540101&pt=nv
2023.2.21,tripleS,"[포토] 트리플에스, 하늘하늘 댄스",https://www.mk.co.kr/article/10654121
2023.2.21,Kep1er,"케플러 김다연, ""펭하!""..펭수보다 더 깜찍발랄",https://www.starnewskorea.com/stview.php?no=2023022117325688905
2023.2.21,FIFTY FIFTY,"美 그래미 주목' 피프티 피프티, 첫 싱글 '큐피드'로 24일 컴백",http://www.stoo.com/article.php?aid=85542637155
2023.2.21,STAYC,[포토] 더쇼 1위 스테이씨,https://www.mk.co.kr/article/10654146
2023.2.21,STAYC,"스테이씨 'Teddy Bear', 초동 판매량 34만장 돌파",https://star.ytn.co.kr/_sn/0117_202302210920031161
2023.2.21,STAYC,"[사진]스테이씨 시은, '곰돌이 풍선 들고 1위 인사'",http://www.osen.co.kr/article/G1112046807
2023.2.23,IVE,"SM, 카카오에 음반·음원 유통 넘긴다…우선적 신주인수권 부여(종합)",https://www.yna.co.kr/view/AKR20230222150551005?input=1195m
2023.2.24,ITZY,"""명예훼손 소송 진행""…유튜버 카광, 있지(ITZY) 채령 논란에 보인 반응",http://www.topstarnews.net/news/articleView.html?idxno=15161398
2023.2.24,ITZY,"유튜버 카광, 비행기서 채령 만나자 박진영과 통화 연기?…""아이돌 몰라...",https://www.xportsnews.com/article/1692501
2023.2.24,FIFTY FIFTY,"피프티 피프티, 오늘(24일) 신곡 '큐피드'로 '뮤직뱅크' 출격",http://www.stoo.com/article.php?aid=85613454892
2023.2.24,FIFTY FIFTY,피프티 피프티 '큐피드' 뮤비 풀버전 선공개→'뮤직뱅크' 컴백,http://www.newsis.com/view/?id=NISX20230224_0002205471&cID=10601&pID=10600
2023.2.25,IVE,"하이브 천하'든 '카카오 왕국'이든…""독과점 논란 불가피"" [연계소문]",https://www.hankyung.com/economy/article/2023022403877
2023.2.27,NewJeans,"‘더 시즌즈-박재범의 드라이브’ 박재범, 뉴진스 섭외 도전…폴킴과 ‘...",http://enter.etoday.co.kr/news/view/237882
2023.2.27,NewJeans,"SM 경영권에 맞붙은 하이브vs카카오, 논란의 쟁점은 [★FOUCS]",https://www.starnewskorea.com/stview.php?no=2023022714133957392
2023.2.28,NewJeans,[18금 연예통신] 일단 터지면 치명상…'학폭'에 대처하는 기획사들 자세,https://ilyo.co.kr/?ac=article_view&entry_id=447812
2023.3.1,NewJeans,"SM ""좋은 곡 BTS·뉴진스한테 먼저 갈 텐데""…주주에 호소",https://www.hankyung.com/economy/article/2023030102797
2023.3.4,ITZY,"[성상민의 문화 뒤집기] 한국 문화 산업, 금융의 'K-바람인형'이 되지 않...",http://www.mediatoday.co.kr/news/articleView.html?idxno=308798
2023.3.5,IVE,"[TEN피플] 엔믹스·아이브, 민망한 '섭외 논란'…의도無 '입방아 오른' ...",https://tenasia.hankyung.com/topic/article/2023030351934
2023.3.6,tripleS,"친중 성향' 드러낸 액션스타 견자단 ""홍콩 시위는 폭동""",https://www.hankyung.com/international/article/2023030683107
2023.3.7,IVE,"카카오 ""SM 존중, 독립적 운영 보장""",https://www.sedaily.com/NewsView/29MXNJXY38
2023.3.9,IVE,"방시혁 이해진 이수만 VS 김범수, 'SM 목장의 결투'는 'TIME' 융합산업 변...",http://www.greened.kr/news/articleView.html?idxno=301591
2023.3.9,FIFTY FIFTY,"피프티 피프티, 美 빌보드 뚫었다",http://sports.khan.co.kr/news/sk_index.html?art_id=202303091009003&sec_id=540301&pt=nv
2023.3.9,FIFTY FIFTY,"피프티 피프티, 데뷔 110일 만에 美 빌보드 진입",https://www.bntnews.co.kr/article/view/bnt202303090053
2023.3.10,NewJeans,넥슨-아이언메이스-하이브까지…다크앤다커 논란 '진실은?',http://news.bizwatch.co.kr/article/mobile/2023/03/10/0026
2023.3.11,NewJeans,문화계서 본 SM사태 “제왕적 1인체제 해체로 K팝이 전환기 맞게 돼”,https://www.khan.co.kr/culture/popular_music/article/202303110830011
2023.3.13,NewJeans,블록체인+자율주행+생성AI… '삼합 호재'업은 엔비디아 '잭팟',http://www.kbiznews.co.kr/news/articleView.html?idxno=93469
2023.3.13,IVE,카카오는 ‘저주 없는 승자’ 될 수 있을까? 카카오엔터의 미래는,https://www.joongang.co.kr/article/25146766
2023.3.15,IVE,신기루 '아이브 장원영'덕에 해외여행 중 이득봤다…왜?,http://www.newsis.com/view/?id=NISX20230315_0002227457&cID=10602&pID=10600
2023.3.16,IVE,"신기루, 8XL 사이즈 해명 ""블랙드레스 제작에 50마, 아이브 전원 옷 만들...",http://sports.chosun.com/news/ntype.htm?id=202303170100128430014973&servicedate=20230316
2023.3.17,IVE,"[Y뮤직] 아이브→르세라핌, 4세대 걸그룹 올봄 대거 컴백...톱러너 누가...",https://star.ytn.co.kr/_sn/0117_202303171039094377
2023.3.17,IVE,"에스엠 품었더니 예상 기업가치 11조 →17조로 급증...카카오엔터, 상장...",https://biz.chosun.com/stock/market_trend/2023/03/17/2DNEXHUWPVDKPKGOKWAZ6URQL4/?utm_source=naver&utm_medium=original&utm_campaign=biz
2023.3.18,ITZY,"있지(ITZY), 써클차트 7회 진입·점유율 공동 48위…대표곡은 'SNEAKERS'",http://www.topstarnews.net/news/articleView.html?idxno=15264179
2023.3.18,tripleS,[bnt포토] 트리플에스 이지우-김수민-윤서연-김채연 '5월에 크리스탈 아...,https://www.bntnews.co.kr/article/view/bnt202303180001
2023.3.19,STAYC,4년 만에 마스크 없이 맞는 봄…서울 관광 '재건' 가능할까,https://www.news1.kr/articles/4985705
2023.3.19,ITZY,"뉴진스 민지, 3월 걸그룹 개인브랜드 평판 1위",https://www.starnewskorea.com/stview.php?no=2023031908423977983
2023.3.20,NewJeans,뉴진스 메이플스토리 콜라보? 민희진이 선 딱 그으면서 한 말 (+공식입장...,https://www.wikitree.co.kr/articles/838162
2023.3.20,NMIXX,"엔믹스 전 멤버 지니, 탈퇴 3개월 만에 개인 SNS 개설...팔로워 100만 돌...",https://www.socialvalue.kr/news/view/1065579367435686
2023.3.20,ITZY,[포토]있지 '우리가 K팝 퀸',http://www.joynews24.com/view/1577064
2023.3.20,aespa,"에스파 윈터, 깜찍한 단발 [포토엔HD]",https://www.newsen.com/news_view.php?uid=202303201410385510
2023.3.20,LE SSERAFIM,"르세라핌, 뜨겁게 울고 웃은 단독 팬미팅 ‘피어나다’",https://www.mk.co.kr/article/10688695
2023.3.20,LE SSERAFIM,"르세라핌 데뷔 후 첫 팬 미팅, 신곡 무대 최초 공개",https://star.ytn.co.kr/_sn/0117_202303200915048946
2023.3.20,Kep1er,"케플러, 내달 10일 컴백…미니 4집 '러브스트럭!'",http://www.newsis.com/view/?id=NISX20230320_0002232886&cID=10601&pID=10600
2023.3.20,Kep1er,"케플러, 4월 10일 컴백 확정… ""6개월 만""",http://starin.edaily.co.kr/news/newspath.asp?newsid=01220166635545288
2023.3.20,Kep1er,[포토]케플러 '통통 튀는 매력',http://www.joynews24.com/view/1577062
2023.3.20,Kep1er,‘KCON 2023 THAILAND’ 이틀 방콕을 홀렸다,http://sports.khan.co.kr/news/sk_index.html?art_id=202303201353003&sec_id=540301&pt=nv
2023.3.21,NewJeans,"‘유쾌↔불쾌 어딘가’ 신기루, 박나래와 한솥밥 [공식]",https://sports.donga.com/article/all/20230321/118441739/1
2023.3.21,IVE,"""너희한테는 안팔아""…아이브도 '아가동산' 보이콧했다",http://news.heraldcorp.com/view.php?ud=20230321000741
2023.3.21,STAYC,"3월20일 스포츠 2부(LA 마라톤, 성대히 열려/토트넘, 감독이 선수들 비난...",https://www.radiokorea.com/news/article.php?uid=414138
2023.3.21,ITZY,"있지 채령, 맑고 청순한 예쁨…잘록 개미허리 자랑[M+★SNS]",https://www.mk.co.kr/article/10689278?refer=portal
2023.3.21,NewJeans,"뉴진스 '디토', 멜론차트 매주 신기록…13주 연속 1위",http://www.newsis.com/view/?id=NISX20230321_0002234039&cID=10601&pID=10600
2023.3.21,NewJeans,"뉴진스 하니 ""민지, 내 사진 가장 잘 찍어주는 멤버""",https://www.tvreport.co.kr/https://tvreport.co.kr/breaking/article/712123/
2023.3.21,aespa,"뜨거운 봄', 큰 거 온다...아이브·에스파·엔믹스 [엑's 초점]",https://www.xportsnews.com/article/1702402
2023.3.21,LE SSERAFIM,"""너무 재밌었다""…르세라핌 김채원, '힙'한 매력 담은 셀카 공개",http://www.topstarnews.net/news/articleView.html?idxno=15293987
2023.3.21,IVE,아가동산 자금줄 의혹 받는 이곳…아이브도 버렸다,https://www.mk.co.kr/article/10691327
2023.3.21,IVE,"아이브, '러브 다이브' 뮤직비디오 2억뷰 돌파",http://www.fnnews.com/news/202303211602358050
2023.3.21,IVE,"아이브, 27일 '키치' 선공개…정규 앨범 내달 10일 발매",http://www.newsis.com/view/?id=NISX20230321_0002234577&cID=10601&pID=10600
2023.3.21,IVE,"아이브 2억뷰, ‘러브 다이브’ MV 첫 기록…뜨거운 인기ing",https://www.mk.co.kr/article/10690962?refer=portal
2023.3.21,IVE,"아이브, 선공개곡 '키치' 27일 깜짝 발매",http://starin.edaily.co.kr/news/newspath.asp?newsid=01236566635545616
2023.3.21,IVE,"""여기가 아가동산 돈줄""…아이브 소속사, 신나라레코드 손절",http://news.mt.co.kr/mtview.php?no=2023032118044615149
2023.3.21,IVE,"아이브, 신보 예약판매 공지서 빠진 '신나라레코드'…'아가동산' 때문?...",http://www.topstarnews.net/news/articleView.html?idxno=15293048
2023.3.21,NMIXX,"엔믹스 컴백 쇼케이스 성료…""정말 기대해주셔도 좋다""",http://www.newsis.com/view/?id=NISX20230321_0002234361&cID=10601&pID=10600
2023.3.21,NMIXX,"주간아이돌' 엔믹스, 신곡 '러브 미 라이크 디스' 무대 방송 최초 공개",http://enews.imbc.com/News/RetrieveNewsInfo/376820
2023.3.21,tripleS,"트리플에스, 새 글로벌 멤버 S13 니엔 공개",http://sports.khan.co.kr/news/sk_index.html?art_id=202303211945013&sec_id=540101&pt=nv
2023.3.21,tripleS,트리플에스 新 멤버 합류…S13 니엔 티저 공개,https://star.ytn.co.kr/_sn/0117_202303211653450050
2023.3.21,tripleS,"홈즈컴퍼니×트리플에스, 글로벌 k- 컬처 코리빙 시장 진출",https://tenasia.hankyung.com/topic/article/2023032127984
2023.3.21,Kep1er,"""케플러와 사랑에 빠지고 싶은 사람 모여라""",https://www.starnewskorea.com/stview.php?no=2023032107340613415
2023.3.21,Kep1er,케플러 “사랑에 빠지고 싶은 사람 모여” 티저 포스터 공개,https://sports.donga.com/article/all/20230321/118447734/1
2023.3.21,FIFTY FIFTY,KM차트 3월 후보 공개…NCT 드림·RM(BTS)·임영웅 등 선호도 투표 경쟁,https://isplus.com/article/view/isp202303210154
2023.3.21,STAYC,"스테이씨, 성숙해진 매력[화보]",http://sports.khan.co.kr/news/sk_index.html?art_id=202303210212003&sec_id=540101&pt=nv
2023.3.22,NewJeans,"뉴진스 하니, '흑인 인어공주' 할리 베일리와 깜짝 인연 공개",https://www.tvreport.co.kr/https://tvreport.co.kr/breaking/article/713561/
2023.3.22,IVE,"‘아가동산’ 논란 의식?..아이브·에이핑크 소속사, 신나라레코드 ‘불...",https://isplus.com/article/view/isp202303220169
2023.3.22,IVE,"[이앤피] ""JMS 정명석 황제수감생활, 성범죄자에 비키니 여성 사진도......",https://www.ytn.co.kr/_ln/0101_202303221429265573
2023.3.24,LE SSERAFIM,"카이, '뮤직뱅크' 1위에 눈물…김재환·장우혁 컴백 [종합]",https://www.xportsnews.com/article/1703995
2023.3.27,ITZY,[Who Is ?] 박진영 JYP엔터테인먼트 창의성총괄책임자,https://www.businesspost.co.kr/BP?command=article_view&num=310202
2023.3.29,NewJeans,"[정치쇼] 장예찬 ""페미니즘 벗어난 저출산 대책"" vs 박성민 ""재탕 · 맹탕...",https://news.sbs.co.kr/news/endPage.do?news_id=N1007132952&plink=ORI&cooper=NAVER
2023.4.1,NewJeans,뉴진스 '홈마'의 활동중단 입장문 논란,http://www.mediaus.co.kr/news/articleView.html?idxno=304420
2023.4.2,NMIXX,4세대 걸그룹 통틀어 보컬실력 원톱인 듯… 쌩 라이브 안무영상으로 난...,https://www.wikitree.co.kr/articles/840125
2023.4.3,IVE,애플이 드디어 참전한다...가상·증강 현실이 아이폰의 미래?[박건형의...,https://www.chosun.com/economy/tech_it/2023/04/03/ET7ZY3SR6NDWHF3ATUE7ZIML74/?utm_source=naver&utm_medium=referral&utm_campaign=naver-news
2023.4.5,NewJeans,세계 최고 갑부' 다녀가더니…올 봄 한국서 벌어질 일,https://www.hankyung.com/life/article/202304057374g
2023.4.7,NMIXX,"불후의 명곡' 심수봉 특집, '미스트롯' 우승자 송가인-양지은, 대결 성...",http://www.topstarnews.net/news/articleView.html?idxno=15319593
2023.4.9,IVE,"태연 정강이 논란ing‥키, 아이브 리즈 피해자 지목 모함(놀토)[결정적장...",https://www.newsen.com/news_view.php?uid=202304082320336110
2023.4.10,IVE,끝나지 않은 ‘쪼개기’ 악몽…SM엔터 품은 카카오 목적은 IPO?,https://economist.co.kr/article/view/ecn202303300061
2023.4.11,STAYC,스테이씨 재이 '시크한 귀국'[엑's HD포토],https://www.xportsnews.com/article/1711081
2023.4.13,NewJeans,[N2 증시 풍향계] '무상감자' 쌍방울 급락·'고평가 논란' 에코프로 상승,https://www.news2day.co.kr/article/20230413500077
2023.4.13,NewJeans,"[오늘의 특징주] 에코프로, 하이브, 큐로컴, SK바이오사이언스, 티로보...",https://www.thekpm.com/news/articleView.html?idxno=152618
2023.4.14,IVE,"립싱크 논란 싹 벗었다…아이브, 모두를 놀라게 한 라이브 실력 (영상)",https://www.wikitree.co.kr/articles/845530
2023.4.15,tripleS,[블록체人]① 백광현 모드하우스 부대표 “팬 참여형 아이돌 ‘트리플에...,https://biz.chosun.com/stock/finance/2023/04/15/6GLJH3TCGVALFBQIVSAPSPTE6E/?utm_source=naver&utm_medium=original&utm_campaign=biz
2023.4.17,ITZY,"ITZY 류진, 깜짝 생일 선물",http://sports.khan.co.kr/news/sk_index.html?art_id=202304170809013&sec_id=540301&pt=nv
2023.4.17,ITZY,"ITZY 류진, 생일맞이 보컬 커버 영상 공개…‘환상 보컬 & 싱그러운 미소...",http://www.wowtv.co.kr/NewsCenter/News/Read?articleId=A202304170044&t=NN
2023.4.19,IVE,"대마 논란' 김우성, '더 시즌즈' 등장 시끌…KBS ""출연 정지 당한 적 없...",https://www.xportsnews.com/article/1714195
2023.4.19,ITZY,김재환·문빈&산하·ITZY..'드림콘서트' 1차 라인업 공개,https://www.starnewskorea.com/stview.php?no=2023041907240391171
2023.4.19,aespa,"에스파, 광야 떠난다…선공개곡 'WTMY' 내달 2일 공개",http://www.newsis.com/view/?id=NISX20230419_0002272585&cID=10604&pID=10600
2023.4.19,LE SSERAFIM,"르세라핌, 5人 완전체 '아는 형님' 출연",http://www.newsis.com/view/?id=NISX20230419_0002273012&cID=10601&pID=10600
2023.4.19,LE SSERAFIM,르세라핌 ‘아는형님’ 뜬다[공식],http://sports.khan.co.kr/news/sk_index.html?art_id=202304191551003&sec_id=540101&pt=nv
2023.4.19,LE SSERAFIM,[가요소식] 르세라핌 1집 타이틀곡에 나일 로저스 참여,https://www.yna.co.kr/view/AKR20230419030500005?input=1195m
2023.4.19,NMIXX,"엔믹스(NMIXX), 날개 달았다",http://sports.khan.co.kr/news/sk_index.html?art_id=202304191000003&sec_id=540101&pt=nv
2023.4.19,NMIXX,"김재환·있지·엔믹스·오마이걸...드림콘서트, 1차 라인업 공개",https://www.mhns.co.kr/news/articleView.html?idxno=551782
2023.4.19,Kep1er,"[사진]케플러 최유진,'섹시하게'",http://www.osen.co.kr/article/G1112086946
2023.4.19,STAYC,스테이씨 팬클럽 '스윗' 2기 내달부터 모집,http://www.newsis.com/view/?id=NISX20230419_0002272717&cID=10601&pID=10600
2023.4.20,NewJeans,"조세호, GD한정판 신발→고가 명품 시계로 재력 어필? 소개팅 '초토화' ...",http://www.osen.co.kr/article/G1112087976
2023.4.20,NewJeans,"""방탄소년단→블랙핑크→뉴진스"" 4월 아이돌 브랜드평판 공개",https://sports.hankooki.com/news/articleView.html?idxno=6826688
2023.4.20,aespa,"에스파·NCT 줄줄이 컴백…""SM엔터 목표가 30% 상향""",https://www.sedaily.com/NewsView/29ODKIQH2K
2023.4.20,LE SSERAFIM,"르세라핌, 오늘(20일) '아는형님' 출근길 촬영 취소",https://news.jtbc.co.kr/article/article.aspx?news_id=NB12123181
2023.4.20,LE SSERAFIM,"르세라핌, 20일 ‘아는형님’ 출근길 일정 취소..故 문빈 애도 동참",https://isplus.com/article/view/isp202304200059
2023.4.21,NewJeans,"이센스, 뉴진스, 뽕짝까지 모두 ‘이 사람’ 손 거쳤다",https://www.sisain.co.kr/news/articleView.html?idxno=50089
2023.4.21,IVE,"아이브 이서, 표정 숨길 수 없는 솔직한 평",http://www.newsis.com/view/?id=NISX20230421_0002276088&cID=10601&pID=10600
2023.4.21,tripleS,"트리플에스, 新 '디멘션' 크리스탈 아이즈 개인 콘셉트 공개",https://www.starnewskorea.com/stview.php?no=2023042108521987414
2023.4.21,Kep1er,케플러 촬영 중 소리 지른 이유?,http://www.esquirekorea.co.kr/article/76890
2023.4.21,FIFTY FIFTY,"피프티 피프티 ‘Cupid’, 美 빌보드 ‘HOT 100’ 4주 연속 진입… 85위→...",https://www.bntnews.co.kr/article/view/bnt202304210047
2023.4.21,FIFTY FIFTY,"블랙핑크 지수, 2주 연속 1위…순위 오르는 피프티 피프티 [더차트]",https://www.joongang.co.kr/article/25156784
2023.4.22,NewJeans,"""'두 유 노' 질문 그만""→""뉴진스 팬""…확 달라진 내한 스타들 발언",http://news.mt.co.kr/mtview.php?no=2023042112171925239
2023.4.24,NMIXX,"""왜 내 카메라 안봐?""...대면팬싸에서 홈마한테 혼나고 눈물 흘린 엔믹...",https://www.insight.co.kr/news/436614
2023.4.25,NMIXX,"“왜 내 카메라 안봐?” 엔믹스 설윤, 팬 항의에 눈물 쏟았다…무슨 일...",https://www.sportsseoul.com/news/read/1307563?ref=naver
2023.4.26,NewJeans,中서 뉴진스 짝퉁 그룹 ‘누진쑤’ 만들었다…알고보니[SS초점],https://www.sportsseoul.com/news/read/1307445?ref=naver
2023.4.29,LE SSERAFIM,"""숟가락 얹지마""…K팝 물 흐리는 中·日 출신에 '글로벌 오디션' 됐다 [...",https://tenasia.hankyung.com/music/article/2023042810534
2023.4.30,IVE,"아이브 레이→레드벨벳 조이 '활동 중단'… K팝 아이돌, 이대로 괜찮나...",https://www.wikitree.co.kr/articles/848924
2023.5.2,IVE,2023 파워 셀러브리티 40 | 종합순위,http://jmagazine.joins.com/forbes/view/337785
2023.5.3,NewJeans,뉴진스 다니엘 '인어공주' 더빙 소식에…기대반 우려반,https://view.asiae.co.kr/article/2023050310504679667
2023.5.4,NewJeans,흑인 인어공주→뉴진스 에리얼까지…'인어공주' 호불호에 '화제성 활활...,https://www.spotvnews.co.kr/news/articleView.html?idxno=604381
2023.5.4,NewJeans,"[D:영화 뷰] 양날의 검 된 '스타 더빙 마케팅', 다니엘표 '인어공주'…환...",https://www.dailian.co.kr/news/view/1230300/?sc=Naver
2023.5.11,STAYC,"""X가지 없어"" 갑분튀 주우재 인성논란..노래를 이렇게 잘하는데! [종합]",http://www.osen.co.kr/article/G1112102306
2023.5.11,ITZY,대학 축제도 젠더 갈등... 성균관대 ‘남혐’ 논란 밴드 섭외에 시끌,https://www.chosun.com/national/national_general/2023/05/11/YTLCZDJTWRBYVIPDPFBCAROV4A/?utm_source=naver&utm_medium=referral&utm_campaign=naver-news
2023.5.12,NewJeans,[Who Is ?] 방시혁 하이브 이사회 의장,https://www.businesspost.co.kr/BP?command=article_view&num=314974
2023.5.14,NewJeans,"뉴진스 다니엘, ‘인어공주’ 에리얼 목소리 연기…공식 발표 뒤 논란 ...",https://www.sportsseoul.com/news/read/1312478?ref=naver
2023.5.15,STAYC,[포토]스테이씨 '믿고 듣는 노래',http://www.joynews24.com/view/1594404
2023.5.16,IVE,"""뉴진스·아이브도 활동 제약될 것""…'이승기 법' 독소조항에 벌벌떠는...",https://tenasia.hankyung.com/topic/article/2023051681464
2023.5.16,tripleS,블록체인이 흔드는 K팝 생태계…내가 선택한 소녀는 어떻게 됐을까? [김...,https://www.hankyung.com/it/article/202305093589i
2023.5.16,NMIXX,"스트레이키즈 방찬, 후배 저격 발언 논란 ""인사는 기본 매너 아닌가?""",http://www.newsinside.kr/news/articleView.html?idxno=1376003
2023.5.16,NMIXX,"스트레이키즈 방찬, '인사 안 받아준' 후배 저격 ""'젊은 꼰대'처럼 들릴...",http://sports.chosun.com/news/ntype.htm?id=202305170100125860015622&servicedate=20230516
2023.5.16,ITZY,"화사, 대학 축제서 '19금 손짓'..때 아닌 외설 퍼포먼스 논란[스타이슈...",https://www.starnewskorea.com/stview.php?no=2023051608141169176
2023.5.16,ITZY,"[포토] ITZY 류진, '고고하게~'",https://www.hankyung.com/entertainment/article/202305169591H
2023.5.16,ITZY,"[포토] ITZY 류진, '무표정에도 돋보이는 아름다움'",https://www.hankyung.com/entertainment/article/202305169590H
2023.5.17,NewJeans,"[Pick] ""서울에 전세 냈냐""…구찌쇼 뒤풀이 소음 '민폐 논란'",https://news.sbs.co.kr/news/endPage.do?news_id=N1007194764&plink=ORI&cooper=NAVER
2023.5.17,LE SSERAFIM,잘 나가는 르세라핌…불안정한 라이브는 숙제 [KDF 시선],http://www.kdfnews.com/news/articleView.html?idxno=110287
2023.5.17,FIFTY FIFTY,피프티 피프티 또 뛰었다 ‘HOT 100’ 17위,http://sports.khan.co.kr/news/sk_index.html?art_id=202305170727003&sec_id=540301&pt=nv
2023.5.17,FIFTY FIFTY,"피프티 피프티, 빌보드 '핫 100' 17위…8주 연속 순위 상승",https://www.hankyung.com/entertainment/article/202305170333H
2023.5.18,IVE,"[Y이슈] 스키즈 방찬 ""후배 저격 아냐"" 해명에도 논란 계속...마녀사냥 ...",https://star.ytn.co.kr/_sn/0117_202305181710394674
2023.5.18,IVE,아이브 ‘낫 유어 걸’ 통통 튀는 매력,http://sports.khan.co.kr/news/sk_index.html?art_id=202305181537003&sec_id=540101&pt=nv
2023.5.19,NMIXX,"엔믹스, 쇼케이스 투어 美 공연 성료…""벅찬 마음이다""",http://www.newsis.com/view/?id=NISX20230519_0002309323&cID=10601&pID=10600
2023.5.19,NMIXX,"엔믹스, 美 8개 도시 쇼케이스 투어 성료",http://starin.edaily.co.kr/news/newspath.asp?newsid=01649846635610560
2023.5.19,tripleS,"트리플에스 이지우, '퀸덤 퍼즐' 출격…특별한 매력 예고",http://enter.etoday.co.kr/news/view/241856
2023.5.19,tripleS,"트리플에스 이지우, 'Charismatic' 스페셜 퍼포먼스로 '퀸덤 퍼즐' 출격 ...",https://www.dailysportshankook.co.kr/news/articleView.html?idxno=304364
2023.5.19,Kep1er,"[포토] 케플러 강예서, 귀여운 눈빛 발사",https://isplus.com/article/view/isp202305190031
2023.5.19,FIFTY FIFTY,"피프티 피프티, 또 신기록 경신…오늘 英 '싱글 톱100' 순위 발표",http://www.newsis.com/view/?id=NISX20230519_0002309738&cID=10604&pID=10600
2023.5.19,STAYC,"스테이씨, 9개월 만에 팬미팅 ""디데이 영상 공개""",https://sports.hankooki.com/news/articleView.html?idxno=6829392
2023.5.20,NewJeans,"흑인 캐스팅 논란 '인어공주', 관객들의 평가는?",https://www.ytn.co.kr/_ln/0106_202305200429273950
2023.5.20,NewJeans,"뉴진스, 눈부신 비주얼",https://sports.hankooki.com/news/articleView.html?idxno=6829433
2023.5.20,LE SSERAFIM,르세라핌 ‘언포기븐’ 스포티파이 2주 연속 차트인,http://sports.khan.co.kr/news/sk_index.html?art_id=202305200917003&sec_id=540301&pt=nv
2023.5.20,IVE,"음중' 르세라핌 vs 아이브 vs 에스파, 1위 후보…대세 맞대결",http://www.mydaily.co.kr/new_yk/html/read.php?newsid=202305201519722495&ext=na&utm_campaign=naver_news&utm_source=naver&utm_medium=related_news
2023.5.20,NMIXX,지니 ‘엔믹스 탈퇴 후 더 우월해진 비주얼’[포토엔HD],https://www.newsen.com/news_view.php?uid=202305201724223510
2023.5.20,FIFTY FIFTY,"피프티 피프티 '큐피드', 英 오피셜 차트 이번 주는 11위",https://www.nocutnews.co.kr/news/5946858
2023.5.20,FIFTY FIFTY,"피프티 피프티, 英 '오피셜 싱글 차트 톱 100' 11위..인기 롱런",http://www.osen.co.kr/article/G1112108464
2023.5.21,ITZY,"블랙핑크 지수, 브랜드평판 1위…2위 태연·3위 카리나",https://www.mk.co.kr/article/10741293
2023.5.21,NewJeans,뉴진스 보다 빠른 피프티 피프티 ‘큐피드’ 화살 [돌파구],https://www.mk.co.kr/article/10732321
2023.5.21,aespa,"에스파, 음방 3관왕",http://sports.khan.co.kr/news/sk_index.html?art_id=202305211006003&sec_id=540301&pt=nv
2023.5.21,aespa,"에스파, '스파이시'로 음악방송 3관왕 달성",https://www.asiatoday.co.kr/view.php?key=20230521010011406
2023.5.21,aespa,"에스파, 미주→유럽 14개 도시 투어 시작",https://sports.donga.com/article/all/20230520/119390526/1
2023.5.21,IVE,"너, 아이브 가져봤니? 아이 해브 ‘키치’ 아이브 [돌파구]",https://www.mk.co.kr/article/10721621
2023.5.21,IVE,"인기가요' 에스파vs아이브vs르세라핌, 1위 트로피 두고 대격돌",https://www.starnewskorea.com/stview.php?no=2023052113564852016
2023.5.21,FIFTY FIFTY,"피프티 피프티, 스포티파이 3430만 명 돌파 ‘K팝 걸그룹 최고’",https://sports.donga.com/article/all/20230521/119404117/1
2023.5.21,FIFTY FIFTY,"아이브의 'I AM', 20주차 유튜브 인기곡 1위…르세라핌·요아소비·에스...",http://www.topstarnews.net/news/articleView.html?idxno=15339748
2023.5.22,NewJeans,"뉴진스 다니엘 표 ‘인어공주’, 전 세계가 반했다",https://sports.donga.com/article/all/20230521/119405250/3
2023.5.22,NewJeans,"캐스팅 논란 '인어공주', 국내 관객 시험대에",http://news.maxmovie.com/433554
2023.5.23,NewJeans,"호평' 뉴진스 다니엘 OST…디즈니 '인어공주', 韓 더빙판 흥행할까[오~...",https://www.bloter.net/news/articleView.html?idxno=601939
2023.5.23,IVE,"[왓IS] “카리나 진짜 예쁘다” 칭찬했을 뿐인데…이영지, 논란되자 ‘...",https://isplus.com/article/view/isp202305230105
2023.5.26,NewJeans,"이효리, '선정성 논란' 화사에 뼈조언 ""잘해라..너의 노래=추억"" [어저께...",http://www.osen.co.kr/article/G1112112176
2023.5.27,STAYC,"""조던은 끔찍한 선수였다"" 피펜, 또 조던 '저격'...""제임스는 위대한 통...",http://www.maniareport.com/view.php?ud=2023052712330168524fed20d304_19
2023.5.28,IVE,"4년만에 마스크 벗고 열린 대학 축제…암표 판매, 재학생 홀대, 비리 의...",https://news.unn.net/news/articleView.html?idxno=547351
2023.5.30,NewJeans,"반전의 ‘인어공주’ 뉴진스 다니엘 더빙판 호평, 첫주 2500억원 흥행수...",https://www.sportsseoul.com/news/read/1316592?ref=naver
2023.6.2,NewJeans,서울 방문한 명품 브랜드 패션쇼 비하인드 ①구찌(Gucci)쇼,http://woman.chosun.com/news/articleView.html?idxno=109446
2023.6.2,IVE,[Who Is ?] 배덕효 세종대학교 총장,https://www.businesspost.co.kr/BP?command=article_view&num=316994
2023.6.5,NewJeans,[홍미옥 더봄] 뉴진스 언니는?···영화 인어공주를 보던 아이가 던진 ...,https://www.womaneconomy.co.kr/news/articleView.html?idxno=217206
2023.6.6,NewJeans,브루노 마스가 부르는 韓 노래?…AI 가수 등장 속 가요계 미래는 [N초점...,https://www.news1.kr/articles/5068110
2023.6.6,STAYC,"에스파 닝닝, 한쪽 눈 거의 실명인데‥워터밤 출연 괜찮을까",https://www.newsen.com/news_view.php?uid=202306061057162510
2023.6.7,tripleS,"퀸덤퍼즐', 대놓고 급 나누기 논란…1-4군 라인업 공개 [TOP이슈]",http://www.topstarnews.net/news/articleView.html?idxno=15347948
2023.6.10,NewJeans,‘팝스타’ 브루노 마스가 뉴진스 하입 보이 부른 사연은 [더테크웨이브...,https://www.mk.co.kr/article/10752827
2023.6.12,IVE,‘극한’으로 내몰리는 아이돌…K팝 아이돌 시스템 논란 [이슈크래커],https://www.etoday.co.kr/news/view/2256510
2023.6.13,tripleS,"‘급’ 나누기 논란 ‘퀸덤퍼즐’, 엠넷 ‘매운 맛’ 또 먹힐까[SS초점]",https://www.sportsseoul.com/news/read/1320369?ref=naver
2023.6.13,tripleS,"""제작비 터졌다""는 '퀸덤퍼즐', 엠넷 매운 맛 계보 이을까 [종합]",https://www.hankyung.com/entertainment/article/202306136814H
2023.6.13,tripleS,"퀸덤퍼즐' 측 ""급 나누기? 매운맛 예방주사""…엠넷 편견은 깨질까 (엑'...",https://www.xportsnews.com/article/1735194
2023.6.13,tripleS,1~4군으로 나뉜 女아이돌 26명…베일 벗는 '퀸덤 퍼즐',http://starin.edaily.co.kr/news/newspath.asp?newsid=01512086635641392
2023.6.13,tripleS,"[포토] 트리플에스 지우, 예쁜 손인사",https://isplus.com/article/view/isp202306130098
2023.6.16,STAYC,서울은 불야성…잠실은 '브루노 마스' 여의도는 'BTS',http://www.ftoday.co.kr/news/articleView.html?idxno=304263
2023.6.16,ITZY,잠실 브루노 마스·여의도 RM..뜨거워질 주말 공연 라인업[★FOCUS],https://www.starnewskorea.com/stview.php?no=2023061512060822054
2023.6.16,STAYC,[MD포토] 스테이씨 '아름다운 군무',http://www.mydaily.co.kr/new_yk/html/read.php?newsid=202306162038458101&ext=na&utm_campaign=naver_news&utm_source=naver&utm_medium=related_news
2023.6.16,STAYC,[MD포토] 스테이씨 '통통 튀는 발랄함',http://www.mydaily.co.kr/new_yk/html/read.php?newsid=202306162035347488&ext=na&utm_campaign=naver_news&utm_source=naver&utm_medium=related_news
2023.6.17,IVE,450만원대 애플 헤드셋을 안 사도 되는 이유[김성모 기자의 신비월드],https://www.donga.com/news/Inter/article/all/20230616/119807395/1
2023.6.17,FIFTY FIFTY,"피프티 피프티, 英 오피셜 차트 12주 진입…K팝 걸그룹 최장기록",https://www.yna.co.kr/view/AKR20230617020900005?input=1195m
2023.6.17,STAYC,"스테이씨 세은, 여러분 사랑합니다",https://www.news1.kr/photos/view/?6052105
2023.6.17,STAYC,"스테이씨 시은, 사랑스러운 테디베어",https://www.news1.kr/photos/view/?6052104
2023.6.19,NewJeans,"KBS 가요대축제' 일본 개최 논란→반대 청원글도 등장...""확정 아니다""",http://www.newsinside.kr/news/articleView.html?idxno=1378742
2023.6.19,ITZY,"ITZY, 내달 31일 컴백…신보 트랙리스트와 티징 영상 공개",http://www.wowtv.co.kr/NewsCenter/News/Read?articleId=A202306190046&t=NN
2023.6.19,NewJeans,"뉴진스, 다시 신드롬…7월 '겟 업'",http://www.newsis.com/view/?id=NISX20230619_0002343769&cID=10601&pID=10600
2023.6.19,NewJeans,"뉴진스 7월 컴백…""타이틀곡 3개""",http://enews.imbc.com/News/RetrieveNewsInfo/385396
2023.6.19,IVE,"아이브, 공백기 속 음방 1위 영예 ""믿기지 않아""",https://news.jtbc.co.kr/article/article.aspx?news_id=NB12131317
2023.6.20,ITZY,"""알코올 없이는 안 되나요?""..술 예능의 두 얼굴 [2023 상반기 예능 결산...",https://www.starnewskorea.com/stview.php?no=2023062010354790963
2023.6.20,ITZY,"ITZY(있지), 컴백 예열…스케줄러 공개",https://sports.donga.com/article/all/20230620/119854679/1
2023.6.20,ITZY,"ITZY, 프로모션 스케줄러 오픈…풍성한 콘텐츠 ‘기대 UP’",http://www.wowtv.co.kr/NewsCenter/News/Read?articleId=A202306200042&t=NN
2023.6.20,NewJeans,"맥도날드, '뉴진스 광고 비하인드 영상' 공개",https://www.news1.kr/articles/5082067
2023.6.20,aespa,BIE 총회에 등장한 에스파 카리나,https://www.news1.kr/photos/view/?6058163
2023.6.20,aespa,"尹, 엑스포 PT서 ""부산 is Ready""…싸이 조수미 등도 총력 지원(종합)",http://www.newsis.com/view/?id=NISX20230620_0002346306&cID=10301&pID=10300
2023.6.20,LE SSERAFIM,"[가요소식] 르세라핌, 8월 일본 싱글 2집 '언포기븐' 발매",https://www.yna.co.kr/view/AKR20230620101000005?input=1195m
2023.6.20,NMIXX,"엔믹스, 7월 11일 컴백 [공식]",https://www.hankyung.com/entertainment/article/202306200804H
2023.6.20,NMIXX,"[가요소식] 엔믹스, 내달 새 싱글 '어 미드서머 엔믹스 드림' 발매",https://www.yna.co.kr/view/AKR20230620047500005?input=1195m
2023.6.20,NMIXX,"엔믹스, 4개월 만에 컴백…7월 '한여름밤의 꿈'",http://www.newsis.com/view/?id=NISX20230619_0002344226&cID=10601&pID=10600
2023.6.20,NMIXX,엔믹스 여름 컴백…7월 11일 새 싱글 발매 [공식],https://sports.donga.com/article/all/20230620/119845170/1
2023.6.20,NMIXX,"엔믹스 설윤, 가려도 인형 [포토엔HD]",https://www.newsen.com/news_view.php?uid=202306201857335510
2023.6.20,NMIXX,"엔믹스 설윤, 꽁꽁 숨긴 화사함 [포토엔HD]",https://www.newsen.com/news_view.php?uid=202306201846525510
2023.6.20,FIFTY FIFTY,"BTS, 6월 아이돌그룹 브랜드평판 1위…2위 블랙핑크·뉴진스·세븐틴·아...",https://www.yeongnam.com/web/view.php?key=20230620001418446
2023.6.21,LE SSERAFIM,"단 3곡으로... '사장님' 지코의 야심작, 출사표도 남다르네",https://www.ohmynews.com/NWS_Web/View/at_pg.aspx?CNTN_CD=A0002938378&CMPT_CD=P0010&utm_source=naver&utm_medium=newsearch&utm_campaign=naver_news
2023.6.21,NewJeans,"뉴진스, J.I.D와 ‘Zero’ 리믹스 공개…특별한 스웨그",http://sports.khan.co.kr/news/sk_index.html?art_id=202306210911003&sec_id=540101&pt=nv
2023.6.21,NewJeans,"뉴진스 하니, 구찌 그리고 경복궁",https://www.wkorea.com/2023/06/21/%eb%89%b4%ec%a7%84%ec%8a%a4-%ed%95%98%eb%8b%88-%ea%b5%ac%ec%b0%8c-%ea%b7%b8%eb%a6%ac%ea%b3%a0-%ea%b2%bd%eb%b3%b5%ea%b6%81/?utm_source=naver&utm_medium=partnership
2023.6.21,LE SSERAFIM,"르세라핌X비비, 완벽 조합 탄생",http://enews.imbc.com/News/RetrieveNewsInfo/385606
2023.6.21,IVE,"아이브 리즈, 풋풋한 소녀미[화보]",http://www.newsis.com/view/?id=NISX20230621_0002346712&cID=10601&pID=10600
2023.6.21,IVE,"아이브 리즈 ""라이브 칭찬 뿌듯…잘 해낸 것 같아 행복해"" [화보]",http://www.mydaily.co.kr/new_yk/html/read.php?newsid=202306210904792168&ext=na&utm_campaign=naver_news&utm_source=naver&utm_medium=related_news
2023.6.21,IVE,"“난치병으로 투병 중인데…” '아이브' 멤버들, 진짜 좋은 일 하고 왔...",https://www.wikitree.co.kr/articles/863591
2023.6.21,tripleS,"tripleS(트리플에스) X Ktown4u, 팬 위한 특별한 카페 오픈",http://sports.khan.co.kr/news/sk_index.html?art_id=202306212215003&sec_id=540101&pt=nv
2023.6.21,Kep1er,"케플러 샤오팅, 빼어난 미모",https://www.news1.kr/photos/view/?6060310
2023.6.22,NewJeans,불붙는 7월 아이돌 컴백대전...틴탑·엑소부터 뉴진스·있지까지 ①,https://isplus.com/article/view/isp202306210134
2023.6.26,IVE,‘이젠 용서받았나’…논란이 억울한 유명인 기안84·김선호,http://sports.khan.co.kr/news/sk_index.html?art_id=202306261022003&sec_id=540101&pt=nv
2023.6.28,NewJeans,뉴진스 신곡 뮤비 티저 공개되자마자 뜻밖의 표절 논란(?) 터졌다,https://www.insight.co.kr/news/442756
2023.6.29,IVE,"[종합] ""논란 거리""…KCM ""뉴진스·블랙핑크·아이브 팔토시 패션, 날 따...",https://tenasia.hankyung.com/tv/article/2023062918924
2023.6.29,NMIXX,"BTS 정국·엑소·뉴진스, 뜨거운 '왕좌 쟁탈전'…왜 하필 7월 컴백 몰렸...",https://tenasia.hankyung.com/topic/article/2023062801324
2023.6.30,NewJeans,챗GPT'발 AI 저작권 논란…데이터 임의수집·사용 이대로 좋은가,http://www.goodkyung.com/news/articleView.html?idxno=211176
2023.6.30,LE SSERAFIM,"[아투★현장] ""'R U Next?', 르세라핌·뉴진스 이을 하이브 새 걸그룹 뽑...",https://www.asiatoday.co.kr/view.php?key=20230630010016535
2023.6.30,STAYC,"우영, 전애인 소환에 당황?→ 라도 ""스테이씨 연애, 말도 안 돼"" (홍김동...",https://www.xportsnews.com/article/1742089
2023.7.1,IVE,"광고판에 여배우 싹 사라지고 아이돌이…""잘 팔릴까"" 패션업계 고민",http://news.mt.co.kr/mtview.php?no=2023061723253622508
2023.7.1,tripleS,"[TVis] ‘쇼! 음악중심’ (여자)아이들, 출연 없이 1위…샤이니·최예나...",https://isplus.com/article/view/isp202307010041
2023.7.2,NewJeans,"“완전 똑같은데…” '뉴진스' 신곡, 이번에도 예측했다는 '무한도전'",https://www.wikitree.co.kr/articles/866341
2023.7.5,tripleS,포토카드만 있으면 내가 아이돌 마스터? 트리플에스 살펴보기[엠블록레...,https://www.mk.co.kr/article/10777307
2023.7.6,NewJeans,“대형 기획사보다 좋은데…” '뉴진스'보다 좋은 숙소 썼다는 '피프티...,https://www.wikitree.co.kr/articles/867630
2023.7.6,IVE,"주우재, '욕실화 논란'에 ""결혼이라는 건 어려운 것 같아"" (오늘의 주우...",https://www.xportsnews.com/article/1744343
2023.7.10,NewJeans,"[라이브] 하이브, 방탄소년단 '군백기'에도 뉴진스 컴백으로 주가 '훨훨...",https://news.sbs.co.kr/news/endPage.do?news_id=N1007261615&plink=ORI&cooper=NAVER
2023.7.10,NewJeans,"하이브, 아이돌 팬사인회서 속옷검사…팬들 “인권 바닥”",https://www.hani.co.kr/arti/society/society_general/1099421.html
2023.7.10,NMIXX,"엔믹스, 촬영 중 화재+드론 사고…‘K-909’ 측 “인명 피해 無, 사고 관...",https://isplus.com/article/view/isp202307100171
2023.7.10,ITZY,판 깔자 입담 날았다…유튜브 생태계에 도전한 스타 토크쇼,http://mbn.mk.co.kr/pages/news/newsView.php?category=mbn00007&news_seq_no=4945042
2023.7.11,NMIXX,"엔믹스의 '믹스팝', 소신일까 고집일까 [엑:스레이]",https://www.xportsnews.com/article/1746167
2023.7.11,NMIXX,[셀럽이슈] '댄스가수유랑단'→'K-909' 녹화 중 잡음…제작진 사과(종합...,http://www.celuvmedia.com/article.php?aid=1689026400456497010
2023.7.12,NewJeans,"엑소 수호 ""조금 실수해도 조롱""…뮤지컬 '실력 논란' 심경 토로｜상클...",https://news.jtbc.co.kr/article/article.aspx?news_id=NB12134634
2023.7.15,NewJeans,[초점] '중소돌' 피프티 피프티 논란에 삼성 '갑툭튀'…'뉴진스' 막을 무...,http://www.inews24.com/view/1612872
2023.7.16,NewJeans,”부끄러움은 3초” 사직 아이돌이 ‘사직 제니’로 변신하기까지…그...,http://www.mydaily.co.kr/new_yk/html/read.php?newsid=202307162004642019&ext=na&utm_campaign=naver_news&utm_source=naver&utm_medium=related_news
2023.7.16,Kep1er,"[포토]케플러 샤오팅, 반짝반짝 눈빛인사",http://biz.heraldcorp.com/view.php?ud=202307161215002204416_1
2023.7.19,ITZY,"채령, 'ITZY' 열애설 사수 ""전화는 부모님만...데이트가 뭐죠?"" (짠당포)",https://www.xportsnews.com/article/1749123
2023.7.19,NMIXX,쇼챔피언' 제로베이스원·엔믹스→코요태 무대 공개,http://enews.imbc.com/News/RetrieveNewsInfo/388485
2023.7.19,NMIXX,엔믹스 배이 '이기적인 비율'[엑's HD포토],https://www.xportsnews.com/article/1749487
2023.7.20,ITZY,ITZY '킬 마이 다웃' 앨범 다큐멘터리 공개,https://www.starnewskorea.com/stview.php?no=2023072013290748795
2023.7.20,LE SSERAFIM,"하이브IM '리듬하이브', 신규 아티스트 르세라핌 업데이트",https://zdnet.co.kr/view/?no=20230720154424
2023.7.20,LE SSERAFIM,"하이브IM ""리듬하이브에 르세라핌 음원 추가""",http://news.tf.co.kr/read/economy/2031781.htm
2023.7.20,LE SSERAFIM,"르세라핌과 함께한 '비타500 제로'…광동제약, 신규 광고 공개",http://sports.chosun.com/news/ntype.htm?id=202307210100152890019607&servicedate=20230720
2023.7.20,LE SSERAFIM,[게임가 엿보기] 하이브IM '리듬하이브' 신규 아티스트 '르세라핌' 업데...,http://www.greened.kr/news/articleView.html?idxno=305079
2023.7.20,LE SSERAFIM,"[업데이트] 하이브IM ‘리듬하이브’, 신규 아티스트 ‘르세라핌’ 선봬",http://theviewers.co.kr/View.aspx?No=2887127
2023.7.20,IVE,"아이브 ‘아이엠’, 美 빌보드 14주 연속 차트인",http://sports.khan.co.kr/news/sk_index.html?art_id=202307201501003&sec_id=540301&pt=nv
2023.7.20,IVE,아이브 '아이엠' 14주 연속 美 빌보드 글로벌 차트 롱런,https://news.jtbc.co.kr/article/article.aspx?news_id=NB12136081
2023.7.20,IVE,"아이브 장원영, '심쿵 유발' 러블리 미모 '가을 여신'",http://enews.imbc.com/News/RetrieveNewsInfo/388677
2023.7.20,NMIXX,[엠카운트다운 라인업] NCT DREAM·미래소년·주헌·YGX·산다라박·트레...,https://www.mediapen.com/news/view/838689
2023.7.20,tripleS,"트리플에스, 새로운 멤버 베일 벗었다…S16 마유 티저에 '뜨거운 기대'",http://www.metroseoul.co.kr/article/20230720500525
2023.7.20,tripleS,"트리플에스, 유닛 에볼루션 마지막 멤버 日 출신 마유 공개",http://www.newsis.com/view/?id=NISX20230720_0002384639&cID=10601&pID=10600
2023.7.20,Kep1er,베이스 도는 맥스 케플러,https://www.gukjenews.com/news/articleView.html?idxno=2769514
2023.7.20,STAYC,"스테이씨 세은∙윤∙재이, 틴프레시 그 자체[화보]",http://sports.khan.co.kr/news/sk_index.html?art_id=202307200930003&sec_id=540301&pt=nv
2023.7.21,NewJeans,[뮤직IS] 뉴진스는 항상 특별했다…‘겟 업’으로 물들일 여름 ①,https://isplus.com/article/view/isp202307200010
2023.7.21,IVE,[더 차트] 다시 차트 정상에 선 뉴진스,https://www.joongang.co.kr/article/25179052
2023.7.21,STAYC,"""여자축구, 수준 떨어진다고? '역대 최대 규모' 여성월드컵을 보라""",https://www.hankookilbo.com/News/Read/A2023072016400002106?did=NA
2023.7.21,ITZY,"[SC이슈]'공기반 소리반'박진영, ITZY 예지 울려…이유는 '미에 감동이 ...",http://sports.chosun.com/news/ntype.htm?id=202307220100165240021861&servicedate=20230721
2023.7.21,NewJeans,"뉴진스, 베일 벗은 ‘ETA’ MV",http://sports.khan.co.kr/news/sk_index.html?art_id=202307211321003&sec_id=540101&pt=nv
2023.7.21,NewJeans,"뉴진스 '겟업', 선주문 172만장…""'더블 밀리언셀러' 전망""도",http://www.newsis.com/view/?id=NISX20230721_0002385140&cID=10601&pID=10600
2023.7.21,NewJeans,"뉴진스 ""팬과 친구 되어 함께 춤추는 음악이 우리의 특별함""",https://www.yna.co.kr/view/AKR20230721056700005?input=1195m
2023.7.21,NewJeans,"[영상] 뉴진스 'ETA' 뮤비에 등장한 아이폰…애플, 삼성 '언팩' 방어 나...",http://www.inews24.com/view/1615369
2023.7.21,NewJeans,"뉴진스, 신보 '겟 업' 발매…전곡 멜론 '톱100' 안착(종합)",https://www.yna.co.kr/view/AKR20230721038151005?input=1195m
2023.7.21,NewJeans,"뉴진스, 21일 미니 2집 'Get Up' 발매…‘커리어 하이’ 행보 잇는다",http://enter.etoday.co.kr/news/view/244798
2023.7.21,aespa,"소녀시대→에스파, 美 롤링스톤 'K팝 역사상 가장 위대한 100곡' 선정",http://www.joynews24.com/view/1615357
2023.7.21,aespa,"뉴진스, '겟 업' 선주문 172만 장…블랙핑크·에스파 이어 역대 선주문량...",http://www.newsinside.kr/news/articleView.html?idxno=1381402
2023.7.21,IVE,‘지락실2’ 이영지 “난 아이브 안유진 데칼코마니”,https://www.mk.co.kr/article/10790012
2023.7.21,tripleS,"트리플에스, 러블루션 S13 니엔 개인 콘셉트 컷 오픈",http://sports.khan.co.kr/news/sk_index.html?art_id=202307211907003&sec_id=540301&pt=nv
2023.7.21,tripleS,"트리플에스 러블루션, 콘셉트 포토 첫 주자는 니엔",http://starin.edaily.co.kr/news/newspath.asp?newsid=01148006635676816
2023.7.21,tripleS,트리플에스 서연·지우 “‘퀸덤퍼즐’ 서 강렬한 모습 도전하고파”[일...,http://sports.khan.co.kr/news/sk_index.html?art_id=202307211202003&sec_id=540201&pt=nv
2023.7.21,FIFTY FIFTY,"피프티 피프티, 길을 잃었다 [Oh!쎈 초점]",http://www.osen.co.kr/article/G1112148289
2023.7.21,FIFTY FIFTY,"피프티 피프티 소속사, 용역업체 더기버스 임원도 고소",http://starin.edaily.co.kr/news/newspath.asp?newsid=01705606635676816
2023.7.21,FIFTY FIFTY,"[공식] 어트랙트, 피프티피프티 외주업체 더기버스 관계자 추가고소 ""업...",http://sports.chosun.com/news/ntype.htm?id=202307210100163190021695&servicedate=20230721
2023.7.21,FIFTY FIFTY,"박명수 ""피프티피프티 돈이나 많이 벌고 얘기하지…아쉽다""",http://news.heraldcorp.com/view.php?ud=20230721000596
2023.7.21,FIFTY FIFTY,"피프티 피프티, 전속계약 분쟁 중 워너뮤직과 '바비' OST 발매[스타이슈...",https://www.starnewskorea.com/stview.php?no=2023072114354390643
2023.7.21,FIFTY FIFTY,[단독]계약해지 후 피프티와 동행? “전혀 고려 안해”…워너뮤직 입장...,https://www.munhwa.com/news/view.html?no=2023072101039912069001
2023.7.21,STAYC,"STAYC(스테이씨), 예쁘면 다야~ 응 다야~(출국)[뉴스엔TV]",https://www.newsen.com/news_view.php?uid=202307210228451310
2023.7.24,NewJeans,K-팝(Pop)을 마약에 빗댄 트래비스 스콧·위켄드…논란 증폭,https://www.sedaily.com/NewsView/29S981EMAD
2023.7.25,IVE,"아이브 소속사' 스타쉽 ""'탈덕수용소'에 법적대응…민형사상 책임 물을...",http://www.mydaily.co.kr/new_yk/html/read.php?newsid=202307251100435657&ext=na&utm_campaign=naver_news&utm_source=naver&utm_medium=related_news
2023.7.25,IVE,"아이브 소속사, 사이버렉카에 칼 빼들어 “끝까지 책임 묻겠다”",https://www.joongang.co.kr/article/25179947
2023.7.26,NewJeans,"피프티피프티, 안성일 프로듀서 경력 사기 논란 속 美빌보드 역주행[차...",https://www.newsen.com/news_view.php?uid=202307260950360410
2023.7.26,ITZY,"""있지 유나, 개인 활동 보장하라""…해외 팬덤도 맛 들인 '트럭 시위'[TEN...",https://tenasia.hankyung.com/topic/article/2023072636594
2023.7.28,IVE,아이브 장원영·갓세븐 잭슨...아이돌 향한 선 넘은 스킨십,https://www.tvreport.co.kr/https://tvreport.co.kr/breaking/article/746648/
2023.7.29,IVE,"""글 하나면 동네병원 문 닫는다""…맘카페 '절대권력' 논란 [이슈+]",https://www.hankyung.com/politics/article/2023072889327
2023.7.30,STAYC,‘64세’ 탈 많았던 바비 인형史[세기의 비하인드],https://lady.khan.co.kr/khlady.html?mode=view&artid=202307300915001&code=11
2023.7.31,NewJeans,신곡 부르다 아이폰 꺼내든 뉴진스...PPL 갑론을박,https://www.mk.co.kr/article/10797595
2023.7.31,NewJeans,정국 아닌 팬들 앵콜 가창력 논란‥정국 반응은? “우리 아미들 노래 잘...,https://www.newsen.com/news_view.php?uid=202307311859116710
2023.7.31,NewJeans,"[POP초점]""광고vs신선해"" 뉴진스, 음악방송서 '아이폰 퍼포먼스'를?..갑...",http://biz.heraldcorp.com/view.php?ud=202307311700543132927_1
2023.8.1,NewJeans,노래 부르다 아이폰 '찰칵'…뉴진스 '도 넘은 광고' 논란,https://view.asiae.co.kr/article/2023080119482235088
2023.8.1,NewJeans,"""음악방송이 홈쇼핑인가""..뉴진스, 신곡 부르다 20초동안 ‘아이폰 퍼포...",http://www.fnnews.com/news/202308010850466495
2023.8.3,STAYC,"“‘잼버리’ 피서 아냐, 韓 청소년 귀하게 자라 불평” 전북도의원 발...",http://www.edaily.co.kr/news/newspath.asp?newsid=03093046635703712
2023.8.4,ITZY,"아는 형님' ITZY 채령 ""과자 한통 먹으면 폭식"" 발언 논란",http://www.osen.co.kr/article/G1112156687
2023.8.7,NewJeans,세븐틴·뉴진스 ‘잼버리 K팝 콘서트’ 출연하나,https://www.mk.co.kr/article/10802783
2023.8.7,IVE,“더워서 그랬다?” 잼버리 성범죄 男 논란에…여가부 “문화적 차이”,http://www.edaily.co.kr/news/newspath.asp?newsid=01174246635705024
2023.8.7,IVE,[셀럽이슈] 논란의 잼버리…당일 연기·출연진 변동에 K팝 콘서트도 시...,http://www.celuvmedia.com/article.php?aid=1691373546458875007
2023.8.7,NMIXX,"논란의 잼버리, 해결책이 BTS? 뜬금없는 소환[TEN이슈]",https://tenasia.hankyung.com/topic/article/2023080793804
2023.8.7,NMIXX,"난처한 ★들 라인업 흔들…'잼버리 K팝 콘서트', 출연 불발 '확산' [엑's...",https://www.xportsnews.com/article/1756569
2023.8.7,STAYC,"잼버리 K팝 콘서트, JUMF 출연진 빼가려 했나...민폐 논란 [MK이슈]",https://www.mk.co.kr/article/10802260
2023.8.8,aespa,[왓IS] ‘출국’ 에스파 살인 예고까지...‘흉기 난동 사태’ 여파 계속,https://isplus.com/article/view/isp202308080209
2023.8.8,NMIXX,"“방패막이”vs“큰 선물”..성일종, BTS 잼버리 공연 발언 ‘논란’[MK...",https://www.mk.co.kr/article/10803238
2023.8.8,NMIXX,"""BTS가 북한 모란봉악단이냐"" K팝 '잼버리 동원' 논란",https://www.hankookilbo.com/News/Read/A2023080819160001423?did=NA
2023.8.8,STAYC,"[셀럽이슈] '잼버리' 파행, K팝 가수들이 뒷수습?…BTS 출연 요청 논란",http://www.celuvmedia.com/article.php?aid=1691481831459013007
2023.8.9,NewJeans,"뉴진스, 아이폰 PPL 논란 민원 접수…방심위 ""심의 검토""",http://news.tvchosun.com/site/data/html_dir/2023/08/09/2023080990103.html
2023.8.9,NewJeans,방송 무대서 아이폰 들고 ‘찰칵’… 간접광고 논란 뉴진스 영상 보니,https://www.chosun.com/national/national_general/2023/08/09/ZPRQY257MJFXFL4TE7WQ33AA64/?utm_source=naver&utm_medium=referral&utm_campaign=naver-news
2023.8.9,NewJeans,"방심위, 뉴진스 음악방송 아이폰 간접광고 민원 지속...“심의 검토 중...",https://isplus.com/article/view/isp202308090078
2023.8.9,STAYC,"""뉴진스 팬인데 단복 좀""..잼버리 K팝 콘서트, 위장 진입 논란까지 [Oh!쎈...",http://www.osen.co.kr/article/G1112160405
2023.8.9,ITZY,"잼버리 K팝 콘서트, 뉴진스 등 18팀 확정...‘논란’ BTS 불참",https://www.mk.co.kr/article/10804417
2023.8.11,IVE,버스 1440대 상암行…논란의 잼버리 ‘유종의 미’ 거둘까,https://news.kmib.co.kr/article/view.asp?arcid=0018556627&code=61121111&cp=nv
2023.8.11,ITZY,논란의 잼버리 오늘 폐영식…안전 마지막 시험대(종합),http://www.newsis.com/view/?id=NISX20230811_0002411217&cID=10201&pID=10200
2023.8.12,IVE,"자발적 참여' 아이브 반응 온도차…""분위기 못 살려""vs""억지 선동"" [종...",https://www.xportsnews.com/article/1758644
2023.8.13,NewJeans,"논란도 가지가지..'풍선' 원곡 표기 ""불법 아니다"" 황당 해명[종합]",https://www.starnewskorea.com/stview.php?no=2023081315422949638
2023.8.13,NewJeans,잼버리 콘서트는 성료일까..'풍선' 원곡자 분노에 또 논란[Oh!쎈 초점],http://www.osen.co.kr/article/G1112162822
2023.8.13,aespa,에스파 윈터 살해협박→하이브 사옥 흉기난동까지..떨고 있는 연예계[O...,http://www.osen.co.kr/article/G1112162752
2023.8.13,NMIXX,"[SC이슈] ""자발적 아닙니다""…'풍선' 원작자 분노→강제복무, 끝나지 않...",http://sports.chosun.com/news/ntype.htm?id=202308130100094540012323&servicedate=20230813
2023.8.16,IVE,[동대구로에서] 세계잼버리대회가 남긴 것들,https://www.yeongnam.com/web/view.php?key=20230814010001883
2023.8.16,NMIXX,엘즈업 탄생시킨 '퀸덤 퍼즐' 종영... 막판까지 미지근한 반응,https://www.ohmynews.com/NWS_Web/View/at_pg.aspx?CNTN_CD=A0002952880&CMPT_CD=P0010&utm_source=naver&utm_medium=newsearch&utm_campaign=naver_news
2023.8.16,ITZY,[뉴공 아카이브]김영대 음악평론가: 잼버리 K팝 콘서트 극찬한 언론들....,http://www.ddanzi.com/779642975
2023.8.16,ITZY,"‘글로벌 대세’ ITZY, 신곡 ‘CAKE’ 인기 탄력 상승세",http://sports.khan.co.kr/news/sk_index.html?art_id=202308162009003&sec_id=540101&pt=nv
2023.8.17,tripleS,"트리플에스' 새 유닛 러블루션 ""10만장 못팔면 소멸? 이번엔 해당 안돼...",https://mydaily.co.kr/page/view/2023081714514517429
2023.8.18,NewJeans,[팩트체크] 브루노 마스가 부른 뉴진스의 하입보이?… 'AI 커버' 저작권...,https://www.newstof.com/news/articleView.html?idxno=21452
2023.8.18,tripleS,"[TD영상] 트리플에스 러블루션, 역시 아름다워 역시 사랑스러워~",http://www.tvdaily.co.kr/read.php3?aid=16923193251683401003
2023.8.18,Kep1er,"[사진]케플러 서영은,'반가워'",http://www.osen.co.kr/article/G1112165876
2023.8.18,Kep1er,"[사진]케플러 휴닝바히에,'깜찍'",http://www.osen.co.kr/article/G1112165880
2023.8.18,Kep1er,"[사진]케플러 샤오팅,'완벽 워킹'",http://www.osen.co.kr/article/G1112165889
2023.8.19,NewJeans,"[줌인] 뉴진스, ‘네임드’의 무게 견뎌야",https://isplus.com/article/view/isp202308190011
2023.8.19,ITZY,"있지(ITZY), 여신들이 걸어오고 있지! (출국)[뉴스엔TV]",https://www.newsen.com/news_view.php?uid=202308191954551310
2023.8.19,aespa,"에스파, K팝 그룹 최초 英 매거진 DORK 커버 장식",https://isplus.com/article/view/isp202308190032
2023.8.19,aespa,"에스파, K팝 최초 英 매거진 DORK 9월호 커버 장식",https://sports.donga.com/article/all/20230819/120766794/1
2023.8.20,IVE,"“엄마, 나 아이폰 사줘” 삼성 더는 놓쳐선 안되는 이것 [방영덕의 디...",https://www.mk.co.kr/article/10808436
2023.8.20,STAYC,스테이씨도 올해 첫 정산 받았다는데…'신인' 피프티 피프티의 '정산 이...,http://sports.chosun.com/news/ntype.htm?id=202308210100146580019055&servicedate=20230820
2023.8.20,NewJeans,"뉴진스, 日 서머소닉 뜨자 3만명 떼창",http://www.newsis.com/view/?id=NISX20230820_0002419738&cID=10601&pID=10600
2023.8.20,NewJeans,"뉴진스, 또 싹쓸이했다",http://www.osen.co.kr/article/G1112167077
2023.8.20,aespa,"에스파, 美 댈러스 뜨자 한국어 떼창",http://www.newsis.com/view/?id=NISX20230820_0002419755&cID=10601&pID=10600
2023.8.20,aespa,"에스파, 美 LA 이어 댈러스도 접수 ""꿈같고 소중한 순간""",https://news.jtbc.co.kr/article/article.aspx?news_id=NB12140536
2023.8.20,LE SSERAFIM,르세라핌 홍은채 '금발의 미녀'[★포토],https://www.starnewskorea.com/stview.php?no=2023082007503669425
2023.8.20,LE SSERAFIM,르세라핌 카즈하 '예쁨 한가득 굿모닝'[★포토],https://www.starnewskorea.com/stview.php?no=2023082008003886244
2023.8.20,FIFTY FIFTY,"그알' 피프티피프티 편 ""편파 방송"" 논란…느닷없는 BTS 소환도",http://mbn.mk.co.kr/pages/news/newsView.php?category=mbn00007&news_seq_no=4956118
2023.8.21,NewJeans,‘그것이 알고싶다’ 피프티피프티 편에 갑자기 뉴진스·BTS 소환…왜?,https://weekly.cnbnews.com/news/article.html?no=153154
2023.8.21,ITZY,"[단독]ITZY 예지-채령, '유니버스 티켓' 멘토 합류…SBS 오디션 인연",http://sports.chosun.com/news/ntype.htm?id=202308220100151170019464&servicedate=20230821
2023.8.21,NewJeans,"뉴진스, 1·2위 싹쓸이...음원 차트 장악",http://sports.khan.co.kr/news/sk_index.html?art_id=202308211601003&sec_id=540301&pt=nv
2023.8.21,NewJeans,"브루노 마스가 부른 뉴진스 Hype boy, 알고 보니 커버가 아니라는데...",https://www.ytn.co.kr/_ln/0103_202308211933169198
2023.8.21,NewJeans,"뉴진스, 걸그룹 개인 브랜드평판 1~3위 휩쓸어 [연예뉴스 HOT]",https://sports.donga.com/article/all/20230820/120778798/1
2023.8.21,aespa,에스파 카리나는 '신'이에요[뉴스컬처★],http://www.newsculture.press/news/articleView.html?idxno=530916
2023.8.21,LE SSERAFIM,르세라핌 허윤진 자작곡 'blessing in disguise' 화제..비하인드 공개,http://biz.heraldcorp.com/view.php?ud=202308210740242355740_1
2023.8.21,IVE,"아이브→제로베이스원, 'KCON LA' 씹어먹다",http://www.osen.co.kr/article/G1112167811
2023.8.21,NMIXX,"엔믹스(NMIXX), 팬 콘서트 'NMIXX CHANGE UP : MIXX UNIVERSITY' 개최",http://www.topstarnews.net/news/articleView.html?idxno=15384487
2023.8.21,tripleS,"러블루션(LOVElution), 청량감 폭발하는 트리플에스의 세번째 유닛",https://mydaily.co.kr/page/view/2023082110395729726
2023.8.21,Kep1er,"케플러, 'KCON LA 2023' 홀렸다…'완벽 퍼포먼스' 눈길",https://www.etnews.com/20230821000034
2023.8.21,FIFTY FIFTY,"[단독]'그알', 민원 폭주 피프티 피프티 후폭풍..제작진은 왜 그랬을까...",https://www.starnewskorea.com/stview.php?no=2023082116532832092
2023.8.21,FIFTY FIFTY,‘그알’ 피프티피프티 편파방송 논란에 민원 폭주,https://www.mk.co.kr/article/10811870
2023.8.21,FIFTY FIFTY,"항의글 3000개, 영상도 내렸다…피프티 다룬 '그알' 초토화",https://www.joongang.co.kr/article/25186247
2023.8.21,STAYC,"스테이씨, ‘Bubble’ 컴백 기념 게릴라 공연 성료",http://sports.khan.co.kr/news/sk_index.html?art_id=202308212020003&sec_id=540301&pt=nv
2023.8.21,STAYC,"스테이씨, '물어보살'로 점집 나들이..서장훈X이수근 인생 조언",https://www.starnewskorea.com/stview.php?no=2023082108391284309
2023.8.21,STAYC,물어보살' 急 방문한 스테이씨의 인생 고민 상담 [T-데이],http://www.tvdaily.co.kr/read.php3?aid=16926058801683671019
2023.8.21,STAYC,"스테이씨, 게릴라 공연 성료…세빛섬 뜨겁게 달궜다",http://www.tvdaily.co.kr/read.php3?aid=16925725691683607010
2023.8.24,IVE,"“아이폰 들고 샷!, 누군가 했더니” 유명 연예인 때문에…속타는 삼성",http://news.heraldcorp.com/view.php?ud=20230823000784
2023.8.24,ITZY,"비, 논란의 '침묵' 보이콧엔 흐린 눈? ""잊을 수 없는 시간""→또 공연 예...",http://www.osen.co.kr/article/G1112169210
2023.8.25,NewJeans,블핑·아이브·뉴진스도 '아이폰 셀카' 사랑…삼성 '골머리',https://www.sedaily.com/NewsView/29TJMUV4O7
2023.8.25,tripleS,"퀸덤퍼즐' PD ""논란된 군 나누기, 편견 깨기 위한 장치일 뿐""[N인터뷰]②",https://www.news1.kr/articles/5150258
2023.8.26,NewJeans,AI에 반격하다…할리우드서 시작된 전쟁의 결과는 [탐사보도 뉴스프리즘...,http://www.yonhapnewstv.co.kr/MYH20230826007100641/?input=1825m
2023.8.27,STAYC,"신혜성, 음주운전의 결말은 모자이크 굴욕 [Oh!쎈 이슈]",http://www.osen.co.kr/article/G1112171271
2023.8.28,NewJeans,일본엔 ‘뉴진스 아저씨’가 있다···K팝소비 둘러싼 ‘갑론을박’ 조...,http://sports.khan.co.kr/news/sk_index.html?art_id=202308281436003&sec_id=540101&pt=nv
2023.8.28,IVE,"장원영→권은비, K팝 대장주 된 아이즈원 출신 여돌 [스타@스캔]",http://www.atstar1.com/news/articleView.html?idxno=6003967
2023.8.29,STAYC,"""신혜성이 모자이크?""… '굴욕' 당한 연예인 누가 있나",http://moneys.mt.co.kr/news/mwView.php?no=2023082814045032606
2023.8.31,ITZY,"[셀럽이슈] 권은비→신세경, 악플러 향해 칼 빼든 스타들 ""선처無""",http://www.celuvmedia.com/article.php?aid=1693464210460929007
2023.9.1,NewJeans,"황영진, 뉴진스 하니 스시랜드 논란에 ""중국은 마라랜드"" (투머치토커)",https://www.xportsnews.com/article/1765735
2023.9.1,NewJeans,[경제기자M] 한물간 CD의 부활?…K-팝 수출 전성시대,http://www.mbn.co.kr/pages/news/newsView.php?news_seq_no=4959437
2023.9.5,NewJeans,중소 엔터사 생존 위협' 피프티피프티법 추진 여야 온도차 왜,http://www.sisajournal-e.com/news/articleView.html?idxno=303120
2023.9.5,ITZY,"[단독]손흥민 이어 'ITZY'까지…메가커피, 공격적 마케팅 '설왕설래'",http://www.edaily.co.kr/news/newspath.asp?newsid=02929046635737168
2023.9.7,NewJeans,"[피플]스테이씨, 걸그룹 라이브 논란 속 한줄기 빛",https://news.jtbc.co.kr/article/article.aspx?news_id=NB12143082
2023.9.8,tripleS,"트리플에스 (tripleS) 이지우x김유연, 포즈에 퐁당 빠졌어 [포토엔HD]",https://www.newsen.com/news_view.php?uid=202309081456401510
2023.9.11,IVE,“사이버렉카·가짜뉴스 뿌리 뽑아야” 아이브 소속사→대중음악 단체...,https://www.newsen.com/news_view.php?uid=202309111420380410
2023.9.11,IVE,"[e와글] 대중음악단체 '탈덕수용소 엄벌 촉구' 성명에 누리꾼들 ""응원한...",https://www.asiatime.co.kr/article/20230911500128
2023.9.11,STAYC,"아직도 야생의 꿈, 세상의 끝에서 장애 정의를 꿈꾸다 ①",https://www.beminor.com/news/articleView.html?idxno=25402
2023.9.12,IVE,"억까'의 시발점 된 사이버렉카, 연예계는 왜 강경대응 나섰나",http://www.sisajournal.com/news/articleView.html?idxno=272128
2023.9.12,tripleS,"트리플에스 에볼루션, 첫 콘셉트 포토 그래비티 개최",http://www.wowtv.co.kr/NewsCenter/News/Read?articleId=A202309120115&t=NN
2023.9.12,FIFTY FIFTY,"김상중, 피프티 사태 의식했나 ""질책·비판 겸허히 수용""",http://www.newsis.com/view/?id=NISX20230912_0002446516&cID=10601&pID=10600
2023.9.14,NewJeans,"서울대 축제, 뉴진스 무대로 오늘 폐막… “왜 아이돌 부르는데 헛돈쓰...",https://www.chosun.com/national/national_general/2023/09/14/IBMNVFDMQNBKZMMPQPACMSRLTE/?utm_source=naver&utm_medium=referral&utm_campaign=naver-news
2023.9.14,NewJeans,"[한섬 데스크 칼럼] 서울패션위크, 안목 있는 지휘자 절실",http://www.ktnews.com/news/articleView.html?idxno=129924
2023.9.14,IVE,"[공식] 아이브→몬스타엑스 화났다…""탈덕수용소 반성無, 엄중처벌 절실...",http://sports.chosun.com/news/ntype.htm?id=202309140100110590014235&servicedate=20230914
2023.9.14,FIFTY FIFTY,"피프티 피프티 사태…""욕심 때문에 벌어진 일, 개선점 찾아야""(종합) [N...",https://www.news1.kr/articles/5171698
2023.9.16,IVE,렉카 유튜버 고소' '라방 성추행'…금주의 핫이슈[튜브가이드],http://www.newsis.com/view/?id=NISX20230915_0002451747&cID=50109&pID=50100
2023.9.18,IVE,"피라미드 게임' 민폐 논란 사과 ""스쿨존 보행 불편드려 죄송""[전문]",https://www.starnewskorea.com/stview.php?no=2023091819272945048
2023.9.18,ITZY,"ITZY 리아의 활동중단, 직캠이 없었다면 달랐을까[스경X이슈]",http://sports.khan.co.kr/news/sk_index.html?art_id=202309181917003&sec_id=540101&pt=nv
2023.9.18,tripleS,트리플에스 에볼루션 개인 포토 첫 주자는 김나경,http://starin.edaily.co.kr/news/newspath.asp?newsid=01344806635741432
2023.9.19,NewJeans,여자문제가 복잡했던 전 남편...하다 못해 자식들 과외선생님과 바람났...,https://www.ytn.co.kr/_ln/0103_202309190808184938
2023.9.20,IVE,"""아이들 등굣길도 막았다""…또 '민폐 촬영', 이번엔 무슨 드라마?",https://www.sedaily.com/NewsView/29URACVLG3
2023.9.20,ITZY,"메가커피, 쏘니와 걸그룹 ITZY(있지)가 함께하는 TV CF 공개",http://www.shinailbo.co.kr/news/articleView.html?idxno=1761605
2023.9.20,NewJeans,뉴진스는 KBS '뉴스9' 왜 출연했을까,http://www.mediatoday.co.kr/news/articleView.html?idxno=312641
2023.9.20,LE SSERAFIM,"르세라핌 ‘UNFORGIVEN’ 뮤비, 1억뷰 대열 합류",https://www.bntnews.co.kr/article/view/bnt202309200033
2023.9.20,LE SSERAFIM,"르세라핌 '언포기븐' MV, 1억뷰 돌파…글로벌 인기 계속",https://www.news1.kr/articles/5176905
2023.9.20,LE SSERAFIM,르세라핌 ‘UNFORGIVEN’ 뮤비 1억뷰 대열 합류,https://www.newsen.com/news_view.php?uid=202309200735392410
2023.9.20,Kep1er,"케플러, 하이라이트 메들리 공개",https://sports.donga.com/article/all/20230920/121264297/1
2023.9.20,Kep1er,"마지막까지 총력전…CJ ENM, 부산엑스포 개최 기원 ‘케플러 뮤비’ 공...",https://economist.co.kr/article/view/ecn202309200042
2023.9.20,Kep1er,"CJ ENM, 케플러 출연 부산엑스포 뮤비 공개",http://www.edaily.co.kr/news/newspath.asp?newsid=02699446635742088
2023.9.20,Kep1er,"컴백 임박' 케플러, 5인 유닛 화보 공개…성숙해진 분위기",http://moneys.mt.co.kr/news/mwView.php?no=2023092011243533140
2023.9.21,NewJeans,"뉴진스 하니, 인형",https://www.news1.kr/photos/view/?6225715
2023.9.21,NewJeans,"경찰, 뉴진스 출연 예정 하남 콘서트 무대 붕괴 합동감식",https://www.hani.co.kr/arti/area/capital/1109537.html
2023.9.21,NewJeans,뉴진스 ‘발랄한 발걸음’[포토엔HD],https://www.newsen.com/news_view.php?uid=202309210850293510
2023.9.21,aespa,"메타버스 그룹' 에스파, VR 콘서트 연다",http://www.newsis.com/view/?id=NISX20230921_0002460003&cID=10601&pID=10600
2023.9.21,aespa,[가요소식] 가상현실에서 만나는 에스파…VR 콘서트 개최,https://www.yna.co.kr/view/AKR20230921063000005?input=1195m
2023.9.21,aespa,"에스파, 우아＋키치…다 담았다[화보]",http://sports.khan.co.kr/news/sk_index.html?art_id=202309210923003&sec_id=540101&pt=nv
2023.9.21,aespa,에스파∙엑소∙엔시티∙소녀시대 숨은 비결은? 케이팝 '디자인 드림 랜...,https://www.mhns.co.kr/news/articleView.html?idxno=562212
2023.9.21,aespa,"임시완, 에스파 윈터 2024 부산세계탁구선수권대회 주제가 ‘Win For You’...",https://isplus.com/article/view/isp202309210051
2023.9.21,LE SSERAFIM,르세라핌 ‘르니버스’로 역대급 스케일 협업,http://sports.khan.co.kr/news/sk_index.html?art_id=202309210821003&sec_id=540301&pt=nv
2023.9.21,LE SSERAFIM,대세' 걸그룹 '르세라핌' 광고모델 '광동 비타500' 판매 중단 무슨일?,https://www.sedaily.com/NewsView/29URQWTOZD
2023.9.21,IVE,"아이브, 첫 월드투어 메인 포스터 공개…블랙&화이트",http://www.newsis.com/view/?id=NISX20230921_0002459661&cID=10601&pID=10600
2023.9.21,IVE,"아이브, 첫 번째 월드 투어 나선다…메인 포스터 공개",https://sports.donga.com/article/all/20230921/121302574/1
2023.9.21,IVE,"아이브 안유진, 밀라노 접수한 탑모델 워킹! (입국)[뉴스엔TV]",https://www.newsen.com/news_view.php?uid=202309212148071310
2023.9.21,IVE,"""아이브→라이즈"" 카카오xSM, 손 잡고 글로벌 시장 노크..시너지 기대",http://www.osen.co.kr/article/G1112187162
2023.9.21,NMIXX,"[단독] 모모랜드 낸시, 홀로서기 끝 새출발…엔믹스 출신 지니와 한솥밥",http://www.osen.co.kr/article/G1112187048
2023.9.21,NMIXX,"모모랜드 출신 낸시, 엔믹스 지니 속한 ATOC行",http://starin.edaily.co.kr/news/newspath.asp?newsid=01472726635742416
2023.9.21,NMIXX,"뉴진스→엔믹스 라인업 올랐던 '슈퍼팝 2023', 현장 사고로 공연 취소",https://www.mhnse.com/news/articleView.html?idxno=220939
2023.9.21,Kep1er,"하트 뮤지엄 속 케플러, ‘갈릴레오’",http://sports.khan.co.kr/news/sk_index.html?art_id=202309211006003&sec_id=540301&pt=nv
2023.9.21,FIFTY FIFTY,"""공멸의 템퍼링, 국가도 개입해야.."" 피프티 피프티 사태 해결책은? [★...",https://www.starnewskorea.com/stview.php?no=2023091518523873479
2023.9.21,STAYC,"스테이씨 첫 월드투어 기념, 슈퍼스타 스테이씨 업데이트 및 오프라인 ...",https://www.thisisgame.com/webzine/game/nboard/225/?n=176976
2023.9.21,STAYC,"스테이씨 월드투어 기념, SUPERSTAR STAYC 게임 업데이트+현장 부스 운영",http://www.slist.kr/news/articleView.html?idxno=484583
2023.9.23,NewJeans,‘조각투자’ 367조 시장 열린다는데…사기 범죄 불거질라,https://www.hani.co.kr/arti/economy/finance/1109767.html
2023.9.26,NewJeans,"[모닝픽] 한중 합작 전기차업체 e-퓨처 모터스, 필리핀에 본사 설립",http://www.g-enews.com/ko-kr/news/article/news_all/202309260358223008e8b8a793f7_1/article.html
2023.9.26,NMIXX,"이름 바꾸고 日 개최하는 '뮤직뱅크', 이번엔 '티켓 가격' 논란 [SC이슈]",http://sports.chosun.com/news/ntype.htm?id=202309270100202680025174&servicedate=20230926
2023.9.26,NMIXX,"""36만원 선넘네"" '日 개최' KBS 가요대축제, 현지팬들마저 불만 [TEN스타...",https://tenasia.hankyung.com/topic/article/2023092698554
2023.9.26,STAYC,VIP석이 36만원…결국 '뮤뱅' 이름으로 '가요대축제' 꼼수 강행 [Oh!쎈 초...,http://www.osen.co.kr/article/G1112190713
2023.9.27,IVE,"[셀럽이슈] 日 개최 강행 논란 KBS '가요대축제', 이번엔 티켓 가격으로...",http://www.celuvmedia.com/article.php?aid=1695772800463082007
2023.9.27,IVE,[방구석 도쿄통신] ‘60년 철밥통’ 자니즈는 왜 BBC 보도 한방에 무너졌...,https://www.chosun.com/international/japan/2023/09/27/OT7SUXEX25E5XPNE7NBCC5Y4HA/?utm_source=naver&utm_medium=referral&utm_campaign=naver-news
2023.9.28,NewJeans,[POP이슈]'뮤뱅' 둔갑한 日 'KBS 가요대축제' 가격 논란‥VIP석이 36만 원,http://biz.heraldcorp.com/view.php?ud=202309281313047951526_1
2023.10.2,NewJeans,"딘이 부른 '뉴진스', 지드래곤이 열창한 '디토' [안윤지의 돋보기]",https://www.starnewskorea.com/stview.php?no=2023092711520886079
2023.10.4,NewJeans,"아이폰15, 발열 논란 속 韓 상륙…통신사, 가입자 유치전 후끈",https://www.pinpointnews.co.kr/news/articleView.html?idxno=219684
2023.10.4,NewJeans,"""올드 감성"" VS ""새로운 도전"" 6년만에 돌아온 가수 이효리, 기대와 우려...",https://tenasia.hankyung.com/topic/article/2023100446744
2023.10.4,STAYC,[TD포토] 스테이씨 시은 '확신의 비주얼 센터 미모',http://www.tvdaily.co.kr/read.php3?aid=16964105461687885017
2023.10.5,NewJeans,"‘이쁜이’ 최현욱, 나쁜짓?···담배꽁초 무단 투기 논란",http://sports.khan.co.kr/news/sk_index.html?art_id=202310051432003&sec_id=540101&pt=nv
2023.10.5,IVE,축제에 아이브 초대해놓고 '운영 논란' 일으킨 세종대...가을에는 연예...,https://www.insight.co.kr/news/451980
2023.10.6,aespa,"“에스파 윈터→아이유 살해협박”, 촬영중 연예인 신변 보호 초비상[M...",https://mydaily.co.kr/page/view/2023100614315846409
2023.10.6,NMIXX,"JYP, 하이브가 만드는 한국인 없는 케이팝, 장밋빛 미래만은 아니다[케...",https://www.pressian.com/pages/articles/2023100509292797874?utm_source=naver&utm_medium=search
2023.10.7,STAYC,"‘런닝맨’ 역대 최연소 연출 최형인 PD, 스테이씨 하이업 대표와 오늘...",https://www.sportsseoul.com/news/read/1355885?ref=naver
2023.10.10,IVE,"30억' 잼버리 콘서트, 박물관·도서관 인건비로 메꿔",http://www.sportsq.co.kr/news/articleView.html?idxno=457472
2023.10.11,ITZY,"[단독] KBS, 이름만 바꿔서 韓‧日 K팝 공연 동시 개최 확정",https://isplus.com/article/view/isp202310110061
2023.10.11,NMIXX,"엔믹스 지니, 인형",https://www.news1.kr/photos/view/?6261285
2023.10.12,NewJeans,"뮤직뱅크 글로벌 페스티벌', 가격 논란 중 3차 추가 라인업 공개",http://www.topstarnews.net/news/articleView.html?idxno=15407653
2023.10.13,NewJeans,‘그래도 뜨거웠던 열흘’ 위기 딛고 일어선 제28회 부산국제영화제 폐...,https://www.sportsseoul.com/news/read/1358060?ref=naver
2023.10.15,IVE,"사인·미소 없다고 문제?…기안84→박서준, 억지 논란에 '곤욕'[초점S]",https://www.spotvnews.co.kr/news/articleView.html?idxno=637567
2023.10.18,NMIXX,"이달소 츄·엔믹스 지니·(여자)아이들 수진, 팀 탈퇴 후 홀로서기에 ‘...",https://www.sportsseoul.com/news/read/1359359?ref=naver
2023.10.18,ITZY,"있지(ITZY) 예지,'고양이가 고양이 하트를' [O! STAR 숏폼]",http://www.osen.co.kr/article/G1112205130
2023.10.18,LE SSERAFIM,"르세라핌만의 이야기 담았다, 콘셉트 클립 공개",https://www.newsen.com/news_view.php?uid=202310180739552410
2023.10.18,NMIXX,"엔믹스 탈퇴' 지니, 데뷔 앨범 초동 판매량 보니…여자 솔로 초동 19위",http://www.topstarnews.net/news/articleView.html?idxno=15410602
2023.10.18,tripleS,"[사진]트리플에스 에볼루션,'신나는 무대'",http://www.osen.co.kr/article/G1112205615
2023.10.18,Kep1er,"[사진]케플러 히카루,'섹시 블랙'",http://www.osen.co.kr/article/G1112205563
2023.10.18,STAYC,"스테이씨, 통통 튀는 2024 시즌그리팅 출시..반전 매력 가득",https://www.starnewskorea.com/stview.php?no=2023101814322010368
2023.10.19,aespa,"에스파, '데뷔 3주년' 팬미팅…'마이 드라마'",http://www.newsis.com/view/?id=NISX20231019_0002489413&cID=10601&pID=10600
2023.10.19,aespa,"에스파, 어느덧 3년···기념 팬미팅 11월 확정[공식]",http://sports.khan.co.kr/news/sk_index.html?art_id=202310191410003&sec_id=540301&pt=nv
2023.10.19,aespa,"[가요소식] 에스파, 내달 데뷔 3주년 팬 미팅",https://www.yna.co.kr/view/AKR20231019111200005?input=1195m
2023.10.19,LE SSERAFIM,‘오버워치2’와 ‘르세라핌’이 만났다…오는 27일 뮤직비디오 공개,https://economist.co.kr/article/view/ecn202310190040
2023.10.19,LE SSERAFIM,"르세라핌, '오버워치2' 최초의 협업 뮤지션..아트워크 공개",https://www.starnewskorea.com/stview.php?no=2023101907555843463
2023.10.19,LE SSERAFIM,"르세라핌, '오버워치2'와 협업… 블리즈컨 무대 출격",http://starin.edaily.co.kr/news/newspath.asp?newsid=01128326635774560
2023.10.19,LE SSERAFIM,"블리자드, '오버워치2X르세라핌' 콜라보레이션 예고",http://www.inews24.com/view/1643604
2023.10.19,NMIXX,"엔믹스 출신 지니, 초동 7만8천 장 돌파…올해 女솔로 4위",https://sports.donga.com/article/all/20231019/121750110/1
2023.10.20,ITZY,"“계속 있을래요”...새만금 잼버리 참가자 수십명, 한국에 ‘난민 신청...",http://www.fnnews.com/news/202310201054090210
2023.10.20,NewJeans,"뉴진스 제작자' 민희진, 서울시 문화상 영예",http://starin.edaily.co.kr/news/newspath.asp?newsid=01210326635774888
2023.10.20,NewJeans,韓 인기 IP '신비아파트' 등 中서 통할까…IPX 지원사격,http://www.newsis.com/view/?id=NISX20231020_0002490051&cID=13006&pID=13100
2023.10.20,aespa,"에스파 카리나X지젤, 두터운 코트 속 파티룩(화보)",https://www.newsculture.press/news/articleView.html?idxno=534797
2023.10.20,LE SSERAFIM,“66번 국도 타고 르세라핌 공연장으로”…티저 영상 공개,https://www.thisisgame.com/webzine/news/nboard/4/?n=179011
2023.10.20,IVE,"TXT·아이브, 발매 첫 주 판매량 나란히 자체 신기록",https://www.yna.co.kr/view/AKR20231020088500005?input=1195m
2023.10.20,IVE,"아이브, 대세는 다르다 ··· 초동 160만 장 돌파",http://sports.khan.co.kr/news/sk_index.html?art_id=202310201123003&sec_id=540301&pt=nv
2023.10.20,FIFTY FIFTY,"피프티피프티 템퍼링 의혹, 뒷배는 워너뮤직코리아?",http://sports.khan.co.kr/news/sk_index.html?art_id=202310201826003&sec_id=540101&pt=nv
2023.10.20,FIFTY FIFTY,"피프티 소속사 ""안성일, 멤버들에게 계약파기 종용""",http://www.newsis.com/view/?id=NISX20231020_0002490869&cID=10601&pID=10600
2023.10.21,ITZY,있지(ITZY) ‘가을 여신들로 변신’[포토엔HD],https://www.newsen.com/news_view.php?uid=202310211823553510
2023.10.21,NewJeans,뉴진스 하니 '청순미 한스푼!'[★포토],https://www.starnewskorea.com/stview.php?no=2023102113304333263
2023.10.21,LE SSERAFIM,"르세라핌, 게임부터 명품까지 ‘핫아이콘’ 등극",http://sports.khan.co.kr/news/sk_index.html?art_id=202310210911003&sec_id=540101&pt=nv
2023.10.21,IVE,"인기 Goodie' 아이브, 10월 2주차 아차랭킹 1위",https://www.starnewskorea.com/stview.php?no=2023102111123037866
2023.10.21,IVE,"아이브 3연속 밀리언셀러, '아이브 마인' 초동 160만",http://www.newstomato.com/ReadNews.aspx?no=1205293&inflow=N
2023.10.21,tripleS,"[S포토] 트리플에스 에볼루션 마유, '춤추는 인형~' (심플리케이팝 589회...",http://www.stardailynews.co.kr/news/articleView.html?idxno=425014
2023.10.21,Kep1er,"케플러, 오늘(21일) 팬미팅 'Kep1er’s Strange Market' 개최",http://www.stoo.com/article.php?aid=89679382718
2023.10.21,Kep1er,"케플러, 팬들이 좋아하는 것 모아 선물상자 같은 팬미팅 선사",https://www.newsculture.press/news/articleView.html?idxno=534888
2023.10.21,FIFTY FIFTY,입 꾹 닫은 피프티..키나 작심 발언→안성일 녹취 공개에 심경 변화일까...,http://www.osen.co.kr/article/G1112207254
2023.10.21,STAYC,"스테이씨, 본 적 없는 카리스마…스나이퍼 변신 완료",http://www.osen.co.kr/article/G1112207185
2023.10.22,IVE,"겨우 173cm? 장원영, 키 논란ing..""계속 크고 있냐"" 질문 폭발",http://www.osen.co.kr/article/G1112208179
2023.10.22,IVE,나약한 우리는 강력한 구원자,http://www.danbinews.com/news/articleView.html?idxno=24710
2023.10.23,IVE,"아이브 장원영·안유진, '키 논란'에…""173㎝, 진실만을 말해왔다""",http://news.mt.co.kr/mtview.php?no=2023102306545127433
2023.10.26,STAYC,"스테이씨, 美 댈러스 공연 중 귀여운 의상 실수…소속사 ""주의할 것"" [N이...",https://www.news1.kr/articles/5211245
2023.10.26,STAYC,절도범이 한국 가져온 부석사 고려불상…대법 “일본 소유권” [이슈네...,https://www.busan.com/view/busan/view.php?code=2023102616304977897
2023.10.27,NewJeans,"논란 ing' 피프티 피프티, '2023 빌보드 뮤직 어워드' 노미네이트…시상...",http://www.topstarnews.net/news/articleView.html?idxno=15414633
2023.10.27,LE SSERAFIM,"[POP초점]BTS·김채원·전소연·박선주, 무분별 마약 루머에 난감‥""사실...",http://biz.heraldcorp.com/view.php?ud=202310262108463863092_1
2023.10.27,IVE,"커지는 지라시 피해, 신뢰 잃은 ‘공식 입장’ [D:이슈]",https://www.dailian.co.kr/news/view/1288278/?sc=Naver
2023.10.29,NMIXX,"""솔로로 더 첫발"" 지니→서수진, 팀 탈퇴 후 '홀로서기'[이슈S]",https://www.spotvnews.co.kr/news/articleView.html?idxno=639535
2023.10.30,NewJeans,[FORBES KOREA PICK IDOL&CELEB] 미리 보는 2023 뮤직 어워즈,http://jmagazine.joins.com/forbes/view/338653
2023.10.30,NMIXX,"케이팝 필수템 챌린지, 배틀과 조롱으로 변질…따라오는 우려 [D:이슈]",https://www.dailian.co.kr/news/view/1288662/?sc=Naver
2023.10.31,NewJeans,방송사 대 기획사…달라진 '권력의 추',http://www.newstomato.com/ReadNews.aspx?no=1206617&inflow=N
2023.11.1,NewJeans,"16.6세' 걸그룹 영파씨, '가사 선전성' 논란...외국 팬들 분노",https://www.tvreport.co.kr/https://tvreport.co.kr/music/article/767994/
2023.11.3,NewJeans,AI가 만드는 ‘가짜 세상’ 어찌하오리까,https://weekly.khan.co.kr/khnm.html?mode=view&code=114&artid=202311031113291
2023.11.3,IVE,“니가 여기서 왜 나와?” 걸그룹→영화 데뷔까지…정체 알고보니,http://news.heraldcorp.com/view.php?ud=20231103000545
2023.11.7,STAYC,의상 실수→공식 초청'…스테이씨가 스코틀랜드서 환영받은 이유,https://ent.sbs.co.kr/news/article.do?article_id=E10010279632&plink=ORI&cooper=NAVER
2023.11.8,NewJeans,"24주년 맞이한 '마마 어워즈', 올해는 정말 다를까[종합]",https://news.jtbc.co.kr/article/article.aspx?news_id=NB12151372
2023.11.11,tripleS,“삐삐 써도 노상관”…갤럭시 vs 아이폰 논란에 ‘우문현답’ 걸그룹 ...,https://www.mk.co.kr/article/10872412
2023.11.12,NewJeans,정국·뉴진스·키나의 어워드 릴레이..최고의 뮤비 여행지들[함영훈의 ...,http://news.heraldcorp.com/view.php?ud=20231111000100
2023.11.12,STAYC,"스테이씨 세은·윤, 컨디션 난조로 일정 불참...""휴식 취하는 중"" [전문...",http://www.osen.co.kr/article/G1112221489
2023.11.13,IVE,올해 日홍백가합전도 르세라핌·스트레이키즈 등 K팝 대거 출연(종합),https://www.yna.co.kr/view/AKR20231113096851073?input=1195m
2023.11.13,IVE,日 공영방송 최대 음악쇼에 K팝 가수가 역대 최다 출연하는 사연,https://www.hankookilbo.com/News/Read/A2023111315110004115?did=NA
2023.11.13,NMIXX,"엔믹스 설윤, 팬들 위한 빼빼로 역조공...'7시간' 걸려",https://www.tvreport.co.kr/breaking/article/770653/
2023.11.14,ITZY,"트와이스·스트레이 키즈·ITZY 공연 라이브네이션이 맡는다..JYP, 글로벌...",https://www.starnewskorea.com/stview.php?no=2023111407021452569
2023.11.14,tripleS,"""K팝의 링크드인 목표""…트리플에스 소속사에 800만달러 뭉칫돈",http://news.mt.co.kr/mtview.php?no=2023111414185445367
2023.11.14,STAYC,"STAYC(스테이씨), 감기 조심해요 공주님들 (입국)[뉴스엔TV]",https://www.newsen.com/news_view.php?uid=202311140029381310
2023.11.15,LE SSERAFIM,"""이혼 사유→성범죄·마약""…박지윤·16기 상철·김채원, '허무맹랑한 루...",https://mydaily.co.kr/page/view/2023111510432005670
2023.11.16,STAYC,"시카고 교사노조 위원장, 체납 세금으로 벌금",https://news.koreadaily.com/2023/11/15/society/generalsociety/20231115141030838.html
2023.11.16,NMIXX,"엔믹스 출신 지니, 당당한 포즈으로 버커루 윈터컬렉션 스타일링!",http://www.kdfnews.com/news/articleView.html?idxno=121338
2023.11.16,NMIXX,오늘(16일) 수능…수능 보는 케플러→활동 집중 엔믹스·제베원,http://www.joynews24.com/view/1654901
2023.11.18,tripleS,"16인조 트리플에스, 압도적",http://sports.khan.co.kr/news/sk_index.html?art_id=202311180838003&sec_id=540301&pt=nv
2023.11.18,tripleS,"트리플에스, S1→S16 초대형 '뉴 룩' 퍼포먼스 오픈",http://www.fnnews.com/news/202311181026585827
2023.11.18,tripleS,"PD가 사라졌다!', 트리플에스 윤서연 캐릭터 티저…'궁금증 UP'",https://www.dailysportshankook.co.kr/news/articleView.html?idxno=315592
2023.11.19,ITZY,[단독] 가수 1명 회사를 22억에?…SM엔터의 수상한 M&A,https://www.hankyung.com/article/202311160389r
2023.11.20,NewJeans,뉴진스·스키즈 등 ‘BBMAs’ 케이팝상 수상…주요 부문 수상은 불발,https://www.dailian.co.kr/news/view/1297128/?sc=Naver
2023.11.20,NewJeans,"[미리보는오늘] 尹, 찰스 3세 첫 국빈으로 영국행...여야 내년 예산안 증...",https://www.ytn.co.kr/_ln/0101_202311200526143626
2023.11.20,IVE,"퇴출 논란' 오픈AI 알트먼…""엔비디아 대항 AI칩 만들려 한다""",http://news.mt.co.kr/mtview.php?no=2023112008515530448
2023.11.20,IVE,[오픈AI 사태] 해고된 올트먼 복귀 않으면 MS엔 '악몽',http://www.newspim.com/news/view/20231120000571
2023.11.20,NewJeans,"뉴진스, 롤드컵 결승전 오프닝 달궜다",https://news.jtbc.co.kr/article/article.aspx?news_id=NB12152890
2023.11.20,NewJeans,K팝 부문 신설한 빌보드...정국·뉴진스·스키즈·블핑 수상,https://www.mk.co.kr/article/10879081
2023.11.20,NewJeans,"뉴진스, 데뷔 1년4개월 만에 'BBMAs' 수상…K팝 최단기간(종합)",http://www.newsis.com/view/?id=NISX20231120_0002527830&cID=10601&pID=10600
2023.11.20,aespa,"에스파가 완성하는 ‘Drama’, 자체 콘텐츠 예고",http://www.tvdaily.co.kr/read.php3?aid=17004539921692782010
2023.11.20,aespa,"에스파→보넥도, SBS ‘가요대전’ 뜬다",http://sports.khan.co.kr/news/sk_index.html?art_id=202311201550003&sec_id=540101&pt=nv
2023.11.20,LE SSERAFIM,"르세라핌 'Perfect Night', 韓서 통했다..걸그룹 영어곡 최초 1위",https://www.starnewskorea.com/stview.php?no=2023112009520917432
2023.11.20,LE SSERAFIM,"르세라핌, K팝 걸그룹 영어 곡 최초 멜론 1위",http://sports.khan.co.kr/news/sk_index.html?art_id=202311200958003&sec_id=540301&pt=nv
2023.11.20,LE SSERAFIM,"[공식] 르세라핌, 日 드라마 주제가 '드레스코드' 20일 발표",http://sports.chosun.com/news/ntype.htm?id=202311200100145400019879&servicedate=20231120
2023.11.20,LE SSERAFIM,"르세라핌, 日 안방극장 상륙...'드레스코드', 음원 공개",http://www.dispatch.co.kr/2271646
2023.11.20,IVE,"아이브, 음방 4관왕",http://sports.khan.co.kr/news/sk_index.html?art_id=202311200820003&sec_id=540301&pt=nv
2023.11.20,IVE,"아이브, 시즌 그리팅 사진 공개…꿈 속 요정 비주얼",https://www.news1.kr/articles/5236786
2023.11.20,IVE,"아이브, 2024 시즌 그리팅 '어 페어리스 위시' 공개…예쁜애 옆에 예쁜애",https://tenasia.hankyung.com/article/2023112002834
2023.11.20,NMIXX,더보이즈·에이티즈·있지·스테이씨·에스파·엔하이픈·엔믹스·보넥도...,https://www.newsculture.press/news/articleView.html?idxno=536972
2023.11.20,Kep1er,케플러 마시로 ‘도도한 볼하트’[포토엔HD],https://www.newsen.com/news_view.php?uid=202311200110223510
2023.11.20,Kep1er,케플러 서영은 ‘복숭아빛 볼터치’[포토엔HD],https://www.newsen.com/news_view.php?uid=202311200114063510
2023.11.21,ITZY,"ITZY 류진 “의외로 소심, 음식 잘못 나와도 그냥 먹어”[화보]",http://sports.khan.co.kr/news/sk_index.html?art_id=202311210920003&sec_id=540101&pt=nv
2023.11.21,NewJeans,"지금, 왜 뉴진스인가",http://sports.khan.co.kr/news/sk_index.html?art_id=202311210935013&sec_id=540101&pt=nv
2023.11.21,NewJeans,K팝 가수만 따로…정국·스키즈·뉴진스 등 美빌보드 수상,https://view.asiae.co.kr/article/2023112109531781301
2023.11.21,aespa,"롯데칠성, 새 맥주 ‘크러시’ 모델로 에스파 카리나 발탁",https://economist.co.kr/article/view/ecn202311210003
2023.11.21,aespa,"롯데칠성 새 맥주 '크러시', 모델로 에스파 카리나 발탁",http://news.mt.co.kr/mtview.php?no=2023112108581911136
2023.11.21,LE SSERAFIM,"르세라핌, 英 싱글 '퍼펙트 나이트' 멜론 1위 의미…하이브 'K팝 확장'",http://www.newsis.com/view/?id=NISX20231120_0002528125&cID=10601&pID=10600
2023.11.21,LE SSERAFIM,"르세라핌, K-팝 걸그룹 새 역사 썼다..영어 곡으로 멜론 일간차트 1위 등...",http://biz.heraldcorp.com/view.php?ud=202311211420209169429_1
2023.11.21,IVE,"또 1위..아이브, 2주년 앞둔 데뷔곡도 여전히 차트인",https://www.starnewskorea.com/stview.php?no=2023112116161010967
2023.11.21,IVE,"아이브, '배디' 2주 연속 주간 차트 1위..흥행 질주",http://www.osen.co.kr/article/G1112227445
2023.11.21,IVE,"“청각장애인 배려+수화까지” 아이브 장원영, 日 팬들 감동시킨 미담",https://www.newsen.com/news_view.php?uid=202311211021422510
2023.11.21,FIFTY FIFTY,"시청자 민원 1100여건… SBS 그알, 피프티피프티 편 다시보기 중단",https://www.chosun.com/culture-life/culture_general/2023/11/21/AYZIVQ2L2VDX7BBMZWUWYOFUVI/?utm_source=naver&utm_medium=referral&utm_campaign=naver-news
2023.11.21,FIFTY FIFTY,"편파방송 논란 ‘그알’ 피프티 피프티 편, 다시보기 중단",https://www.donga.com/news/Society/article/all/20231121/122285290/2
2023.11.21,FIFTY FIFTY,피프티피프티 키나 “돌아가고 싶어”,http://sports.khan.co.kr/news/sk_index.html?art_id=202311211439013&sec_id=540101&pt=nv
2023.11.22,NewJeans,"회사서 한국어 수업 막았다? 뉴진스 하니→어도어까지 ""절대 아냐"" 손사...",https://www.xportsnews.com/article/1796966
2023.11.23,NMIXX,"4대 기획사 신인, '1년' 되기 전 멤버 빠져...우연의 일치? [종합]",https://www.tvreport.co.kr/breaking/article/773403/
2023.11.26,NewJeans,“이 회사는 한국을 홀대해”…논란 많던 애플이 이런 캠페인을?,https://www.mk.co.kr/article/10883736
2023.11.26,STAYC,"""정말 좋은 선수!""...황의조, 불법촬영 혐의-국대 자격 논란→노리치에...",http://www.interfootball.co.kr/news/articleView.html?idxno=619062
2023.11.29,STAYC,"논란 속 최상의 컨디션' 불법 촬영 혐의→국대 자격 정지 황의조, 두 경...",http://sports.chosun.com/news/ntype.htm?id=202311290100210460029631&servicedate=20231129
2023.11.29,STAYC,"대표팀 제외 확정' 황의조, 환상 슈팅→3호 골 폭발...곧바로 부상 아웃...",http://www.interfootball.co.kr/news/articleView.html?idxno=619240
2023.12.1,ITZY,前 직원 리베이트 의혹 메가커피... 압수수색 소란에 가맹점 ‘혼란’,https://biz.chosun.com/distribution/food/2023/12/01/NMSY2QQKZRCEFAEYO4BLO74MJE/?utm_source=naver&utm_medium=original&utm_campaign=biz
2023.12.3,NewJeans,"뉴진스·아이브 대상→최초 아레나, ‘MMA 2023’ 말말말[스경X이슈]",http://sports.khan.co.kr/news/sk_index.html?art_id=202312031258003&sec_id=540301&pt=nv
2023.12.3,NewJeans,"아이들→씨스타19, 2024 ‘걸파워’ 잇나[스경X초점](여자)",http://sports.khan.co.kr/news/sk_index.html?art_id=202312031607003&sec_id=540301&pt=nv
2023.12.4,ITZY,"점주분쟁에 내부비리까지.. 공정위, 메가커피 향해 '칼' 빼나",https://www.straightnews.co.kr/news/articleView.html?idxno=242001
2023.12.6,NewJeans,"[종합] 뉴진스, ""죽어"" 악플 직접 캡처…어도어 ""악성댓글·모욕 법적대...",http://sports.chosun.com/news/ntype.htm?id=202312060100037780004251&servicedate=20231206
2023.12.7,NewJeans,"""너무 많은 걸 배웠다"" 미스캐스팅 논란 이겨낸 안은진의 고백",https://www.ohmynews.com/NWS_Web/View/at_pg.aspx?CNTN_CD=A0002983920&CMPT_CD=P0010&utm_source=naver&utm_medium=newsearch&utm_campaign=naver_news
2023.12.9,IVE,"反유대 논란' 하버드대 총장, 공식 사과…후원금 중단사태 여파",https://www.getnews.co.kr/news/articleView.html?idxno=652334
2023.12.11,NMIXX,"폭언→번호 요구…태연·설윤, ★들 울린 '무개념 팬심' [MD이슈]",https://mydaily.co.kr/page/view/2023121109064781333
2023.12.11,NMIXX,"“일상이 무너져” 태연·뷔·정동원까지, 몰카·난동·스토킹으로 고통...",https://www.sportsseoul.com/news/read/1379520?ref=naver
2023.12.11,NMIXX,"[셀럽이슈] 폭언→번호 요구…태연·설윤, 어긋난 팬심으로 고통받는 ★...",http://www.celuvmedia.com/article.php?aid=1702268245467603007
2023.12.12,NewJeans,K푸드가 1등 먹었다…전세계인이 가장 많이 검색한 음식은 ‘비빔밥’,https://www.mk.co.kr/article/10896261
2023.12.12,ITZY,"메가커피, 발암물질 빨대 논란…손흥민으로 끌어올린 브랜드 가치 '흔들...",http://www.1conomynews.co.kr/news/articleView.html?idxno=26239
2023.12.13,ITZY,"ITZY 류진, 강인한 포스&와일드 매력 담은 신보",http://www.stoo.com/article.php?aid=90642127078
2023.12.14,IVE,"""해도 너무해"" 태진아 사망→장원영 임신 '선 넘는' 가짜뉴스에 ★들 고...",http://sports.chosun.com/news/ntype.htm?id=202312150100095490013144&servicedate=20231214
2023.12.14,ITZY,"ITZY 채령, 범접할 수 없는 분위기 속 절제美",https://www.bntnews.co.kr/article/view/bnt202312140027
2023.12.15,ITZY,"ITZY 채령, 범접할 수 없는 분위기 속 절제美[화보]",http://sports.khan.co.kr/news/sk_index.html?art_id=202312150359003&sec_id=540101&pt=nv
2023.12.15,Kep1er,"[사진]케플러 최유진, '다정한 인사'",http://www.osen.co.kr/article/G1112241248
2023.12.15,STAYC,"레벨스, '황민현·르세라핌·스테이씨' NFT 출시",https://www.etnews.com/20231215000183
2023.12.15,STAYC,스테이씨 재은 '인형 같은 미모'[★포토],https://www.starnewskorea.com/stview.php?no=2023121504364862118
2023.12.16,NewJeans,"공영 방송이 왜 이래? KBS, '장삿속 꼼수'도 가지가지 [엑:스레이]",https://www.xportsnews.com/article/1804668
2023.12.16,IVE,공영방송 이래도 되나... 말 많고 탈 많은 뮤직뱅크 페스티벌,https://www.ohmynews.com/NWS_Web/View/at_pg.aspx?CNTN_CD=A0002986505&CMPT_CD=P0010&utm_source=naver&utm_medium=newsearch&utm_campaign=naver_news
2023.12.16,NMIXX,번호 요구→스토킹까지... 어긋난 팬심에 고통받는 ★들,https://www.newsen.com/news_view.php?uid=202312140927355410
2023.12.16,STAYC,"말 많고 탈 많던 日 '뮤뱅 글로벌 페스티벌', 뚜껑 열어보니 [엑:스레이...",https://www.xportsnews.com/article/1804581
2023.12.17,NewJeans,"뮤뱅 글로벌 페스티벌', 韓 역차별 논란…결국 '다시 보기' 제공 [MD이슈...",https://mydaily.co.kr/page/view/2023121710341214216
2023.12.17,NMIXX,2023 AAA - 엔믹스 'INTRO Perf. (Love Me Like This) + Sonar (Breaker)' 축...,https://www.starnewskorea.com/stview.php?no=2023121715493346520
2023.12.18,NewJeans,“뉴진스가 이낙연을 응원해요”… ‘신당 가짜 포스터’ 논란,https://news.kmib.co.kr/article/view.asp?arcid=0018983311&code=61121111&cp=nv
2023.12.18,ITZY,"ITZY, ‘BORN TO BE’ MV 풀버전 공개...메가 퍼포먼스X파워풀한 에너지",http://enews.imbc.com/News/RetrieveNewsInfo/403512
2023.12.18,ITZY,메가 퍼포먼스 속 빛나는 ITZY…'본 투 비' 무대 장인 클라스,https://www.hankyung.com/article/202312182603H
2023.12.19,ITZY,"컴백' ITZY, 'BORN TO BE' MV 유튜브 트렌딩 월드와이드 1위",http://www.osen.co.kr/article/G1112242702
2023.12.19,NewJeans,"연말, 日열도 녹이는 뉴진스",http://sports.khan.co.kr/news/sk_index.html?art_id=202312191046003&sec_id=540301&pt=nv
2023.12.19,NewJeans,"뉴진스, 첫 리믹스 앨범 발표…연말 일본·미국 무대",https://www.yna.co.kr/view/AKR20231219106100005?input=1195m
2023.12.19,NewJeans,2023 AAA - 뉴진스 (NewJeans) 현장 리액션 [영상],https://www.starnewskorea.com/stview.php?no=2023121916543066858
2023.12.19,NMIXX,엔믹스 규진 '댄스 머신'[AAA 스페셜 포토],https://www.starnewskorea.com/stview.php?no=2023121914441180776
2023.12.19,tripleS,"트리플에스, 새 ‘S’ 만난다···ripleS NXT 스케줄러 공개",http://sports.khan.co.kr/news/sk_index.html?art_id=202312191130013&sec_id=540301&pt=nv
2023.12.19,tripleS,"트리플에스, 새 디멘션 예고…tripleS NXT 스케줄러 공개",http://enter.etoday.co.kr/news/view/252004
2023.12.19,Kep1er,케플러 'AAA 아이콘'[AAA 스페셜 포토],https://www.starnewskorea.com/stview.php?no=2023121915012032638
2023.12.19,FIFTY FIFTY,"피프티피프티 3인, 前소속사로부터 130억원 피소",https://news.kmib.co.kr/article/view.asp?arcid=0018985580&code=61121311&cp=nv
2023.12.19,FIFTY FIFTY,피프티피프티 기획사 “前멤버 3인‧부모 등에 130억 손배소”,https://www.chosun.com/national/national_general/2023/12/19/PK2O6WDTFZHKBANKI74JRAPUDU/?utm_source=naver&utm_medium=referral&utm_campaign=naver-news
2023.12.19,FIFTY FIFTY,"어트랙트, 피프티 피프티 3인 등에 130억 손배소 제기",https://www.nocutnews.co.kr/news/6065478
2023.12.20,STAYC,제2의 우영우 실패한 ENA ‘나솔’ 건졌지만 논란은 계속 [케이블 결산③...,https://www.newsen.com/news_view.php?uid=202312131650321110
2023.12.20,ITZY,"ITZY 예지, 새 앨범 수록 첫 솔로곡 'Crown On My Head' 뮤비 공개",https://www.starnewskorea.com/stview.php?no=2023122008064176364
2023.12.20,NewJeans,"뉴진스, 리믹스 앨범도 음원차트 장악",http://www.newsis.com/view/?id=NISX20231220_0002565017&cID=10601&pID=10600
2023.12.20,NewJeans,[문화연예 플러스] 뉴진스·임영웅 '올해를 빛낸 가수 1위',https://imnews.imbc.com/replay/2023/nwtoday/article/6554841_36207.html
2023.12.20,IVE,"아이브, 자체 콘텐츠 ‘1,2,3 IVE’ 시즌4로 컴백",http://sports.khan.co.kr/news/sk_index.html?art_id=202312202300003&sec_id=540201&pt=nv
2023.12.20,IVE,"‘1,2,3 아이브4’ 티저 공개 “우리 이상한 사람들 같아”",https://www.mk.co.kr/article/10902888
2023.12.20,tripleS,"트리플에스, 새로운 디멘션이 온다! tripleS NXT 스케줄러 오픈",https://www.cbci.co.kr/news/articleView.html?idxno=455456
2023.12.20,FIFTY FIFTY,"어트랙트, 피프티피프티 전 멤버에 130억 청구 [연예뉴스 HOT]",https://sports.donga.com/article/all/20231219/122700449/1
2023.12.20,STAYC,스테이씨 시은 '깜찍의 결정체'[AAA 스페셜 포토],https://www.starnewskorea.com/stview.php?no=2023122011540046118
2023.12.21,ITZY,"ITZY “라이브 당연, 좋은 평가 부담보단 감사해” [스타화보]",https://www.newsen.com/news_view.php?uid=202312210809252410
2023.12.21,ITZY,"""레전드 골반"" 있지 유나, 황금 막내[AAA 스페셜 화보]",https://www.starnewskorea.com/stview.php?no=2023122112362015977
2023.12.21,NewJeans,뉴진스 'AAA 역대 최다관왕'[AAA 스페셜 포토],https://www.starnewskorea.com/stview.php?no=2023122109550113617
2023.12.21,aespa,"SBS 가요대전' NCT·에스파, 'SM 직속 선배' 동방신기 커버 무대 예고",https://ent.sbs.co.kr/news/article.do?article_id=E10010281724&plink=ORI&cooper=NAVER
2023.12.21,aespa,"‘2023 SBS 가요대전’ NCT·에스파, 동방신기 커버 무대 꾸민다",https://www.mk.co.kr/article/10903862
2023.12.21,aespa,10년 전 나온 엑소 '첫 눈' 멜론 1위…연말 추위 녹이는 K캐럴,https://www.yna.co.kr/view/AKR20231220161800005?input=1195m
2023.12.21,LE SSERAFIM,"르세라핌, 써클차트 2개 부문 4주 연속 1위",https://news.jtbc.co.kr/article/article.aspx?news_id=NB12157298
2023.12.21,LE SSERAFIM,"""폼 미쳤다"" 르세라핌 허윤진, 최고의 퍼포머[AAA 스페셜 화보]",https://www.starnewskorea.com/stview.php?no=2023122110584019622
2023.12.21,LE SSERAFIM,"M2 스튜디오 춤 '2023 베스트 퍼포먼스' 시상, 아이브∙엔하이픈∙르세...",http://www.osen.co.kr/article/G1112243589
2023.12.21,FIFTY FIFTY,"유아인→피프티 피프티 등, 마약스캔들과 템퍼링 사태로 물든 올해 [202...",http://www.topstarnews.net/news/articleView.html?idxno=15438698
2023.12.24,NewJeans,‘초졸 뉴진스’ 비판에… “상관 있나요” 갑론을박,https://news.kmib.co.kr/article/view.asp?arcid=0019002619&code=61121111&cp=nv
2023.12.25,NewJeans,"SBS '가요대전' 위조 티켓 논란에 ""경찰 수사 의뢰""",http://www.tvdaily.co.kr/read.php3?aid=17034874191696152002
2023.12.25,NewJeans,"SBS '가요대전' 위조 티켓 논란..""경찰 수사 의뢰"" [공식]",https://www.starnewskorea.com/stview.php?no=2023122514085460294
2023.12.25,NewJeans,"[공식] SBS '가요대전', 티켓사기 논란 ""경찰 수사의뢰, 피해규모 파악중...",http://sports.chosun.com/news/ntype.htm?id=202312250100149980021238&servicedate=20231225
2023.12.25,IVE,논란의 연속 'SBS 가요대전'…티켓 사기 피해→방송 사고 속출 [종합],https://www.xportsnews.com/article/1807295
2023.12.25,IVE,"""스키즈 무대에 뉴진스 노래가?""..'SBS 가요대전' 음향·전광판·발카메...",https://www.starnewskorea.com/stview.php?no=2023122516324058668
2023.12.25,STAYC,"2023 SBS 가요대전', 위조 티켓-사기-플로어 오해까지...당일 '총체적 난...",https://www.mhnse.com/news/articleView.html?idxno=245559
2023.12.26,aespa,"""칼부림→괴한 난입·팬사인회 중 난동"" 에스파·태연·규현, 사고는 피...",https://tenasia.hankyung.com/article/2023122614764
2023.12.26,IVE,레드벨벳 웬디➝NCT 텐 추락⋅에스파 습격..'가요대전' 논란史 [Oh!쎈 이...,http://www.osen.co.kr/article/G1112245841
2023.12.26,STAYC,"[왓IS] NCT 텐 추락사고→에스파 男팬 난입…‘SBS 가요대전’, 논란만 ...",https://isplus.com/article/view/isp202312260014
2023.12.26,STAYC,"‘2023 SBS 가요대전’, 티켓 사기·에스파 男팬 습격→NCT 텐 추락..각종...",http://www.breaknews.com/1006050
2023.12.26,ITZY,어쩌다 '쯧쯧'…도마 위에 오른 연말 가요행사,http://www.wowtv.co.kr/NewsCenter/News/Read?articleId=A202312260201&t=NN
2023.12.30,NewJeans,이선균 사망 / 박나래 탈세 논란 / 지드래곤 마약 재단 설립 등 [주간 대...,https://www.dailian.co.kr/news/view/1312464/?sc=Naver
2023.12.31,ITZY,갑진년 귀호강 예약..'1월 컴백' 악뮤 이찬혁·ITZY·B1A4 승자는[★FOCUS...,https://www.starnewskorea.com/stview.php?no=2023122914101023575
2024.1.1,NewJeans,"양혁 PD ""뉴진스 못지 않게...골든걸스 데뷔 무대 만족""[★FULL인터뷰]",https://www.starnewskorea.com/stview.php?no=2023122909403623645
2024.1.1,NMIXX,"[SC초점]'가요대제전', 2023년 연말 가요무대 압승할 수 있었던 이유",http://sports.chosun.com/news/ntype.htm?id=202401010100005490000591&servicedate=20240101
2024.1.3,IVE,[취재파일] 신원식 장관이 K팝 팬덤에 배워야할 것,https://news.sbs.co.kr/news/endPage.do?news_id=N1007484966&plink=ORI&cooper=NAVER
2024.1.4,NewJeans,"외계+인' 2부 류준열 ""청룡 박진영 무대, 장엄해서 감탄한 것"" [인터뷰...",http://www.stoo.com/article.php?aid=91012034642
2024.1.6,STAYC,2023 골든디스크 어워즈 큐시트 유출여부...가수 라인업 공개,https://www.gukjenews.com/news/articleView.html?idxno=2895017
2024.1.7,ITZY,"‘스벅’갈까, ‘메가’ 갈까…양극화하는 韓 커피 시장",https://economist.co.kr/article/view/ecn202401020036
2024.1.8,NewJeans,"류준열 ""청룡 박진영 무대 리액션 후회 없어…문자 많이 받아""",http://www.newsis.com/view/?id=NISX20240108_0002583860&cID=10601&pID=10600
2024.1.9,ITZY,"ITZY 채령 ""김밥 한 줄 배부른데…난리날까 '안 먹는다' 거짓말"" (컬투쇼...",https://www.xportsnews.com/article/1811702
2024.1.10,NMIXX,“라이즈→ITZY” 2024 가요계 문전성시..새해부터 치열한 ‘컴백 전쟁’...,http://www.osen.co.kr/article/G1112252674
2024.1.10,STAYC,AI 미래 달린 '세기의 소송'…챗GPT 저작권 침해 법적 공방,https://www.goodnews1.com/news/articleView.html?idxno=430463
2024.1.10,FIFTY FIFTY,"시상식 홀로 선 키나 ""피프티 피프티 활동 준비 중""",https://star.ytn.co.kr/_sn/0117_202401100754086768
2024.1.11,NewJeans,"1위 뉴진스 민지·2위 뉴진스 하니·3위 뉴진스 해린, 2024년 1월 2주차 ...",http://www.stardailynews.co.kr/news/articleView.html?idxno=432064
2024.1.13,Kep1er,"케플러, 19일 자체 콘텐츠 '케플러빙' 시즌 2로 컴백..열정 가득 직장인...",http://www.osen.co.kr/article/G1112255516
2024.1.13,Kep1er,"케플러, 19일 자체 콘텐츠 '케플러빙' 시즌 2로 컴백…다채로운 예능감...",http://enter.etoday.co.kr/news/view/253211
2024.1.14,tripleS,"[전남일보]소울푸드 아카데미>""블록체인 기술 통해 자율적인 거버넌스 ...",http://www.jnilbo.com/72505226416
2024.1.15,STAYC,[글로벌 AI 리포트] 오픈AI의 시장 확장…여전히 뜨거운 저작권 논란,http://www.goodkyung.com/news/articleView.html?idxno=226547
2024.1.15,Kep1er,"[단독]케플러 강예서, 동국대 수시 합격…24학번 새내기 된다",https://www.newsen.com/news_view.php?uid=202401151416260410
2024.1.15,STAYC,"스테이씨, 2024 포토북 ‘London STAY (런던 스테이)’ 개인 티저 공개",http://sports.khan.co.kr/news/sk_index.html?art_id=202401150957003&sec_id=540301&pt=nv
2024.1.16,NewJeans,[전문]뉴진스 민지 ‘칼국수 논란’ 뭐길래 사과?,http://sports.khan.co.kr/news/sk_index.html?art_id=202401161532003&sec_id=540101&pt=nv
2024.1.16,NewJeans,"[팝업★]뉴진스 민지, 칼국수 논란 결국 사과 ""1년간 괴롭혀..미숙한 태...",http://biz.heraldcorp.com/view.php?ud=202401161547263175488_1
2024.1.16,NewJeans,뉴진스 민지가 사과한 1년 묵은 '칼국수 논란'...뭐가 문제였을까[M-scop...,https://www.mhnse.com/news/articleView.html?idxno=249161
2024.1.16,IVE,"""칼국수가 뭐길래"" 뉴진스 민지→아이브 장원영, 걸그룹 울리는 억지 논...",http://www.osen.co.kr/article/G1112257068
2024.1.16,ITZY,"삼성전자 부진 심각,나스닥 하락 예고..환율 급등 부담..ITZY 부진,엔터주...",https://idsn.co.kr/news/view/1065616310523665
2024.1.16,FIFTY FIFTY,[RE스타] “피프티 피프티로 또다시 좋은 음악 들려 드릴게요” 키나를...,https://isplus.com/article/view/isp202401110166
2024.1.17,NewJeans,"뉴진스 민지 사과하게 한, '칼국수 논란'의 전말",http://news.maxmovie.com/436209
2024.1.17,NewJeans,‘칼국수 논란’에…뉴진스 측 “악의적 비방 삼가 달라”,https://news.kmib.co.kr/article/view.asp?arcid=0019072998&code=61181611&cp=nv
2024.1.17,NewJeans,"뉴진스 민지, '칼국수 논란' 1년만에 공식 사과...소속사 ""악플에 법적 ...",https://www.megaeconomy.co.kr/news/newsview.php?ncode=1065566228076283
2024.1.17,IVE,"아이브 장원영, 탈덕수용소 상대 1억원 손배소 승소",https://www.chosun.com/national/national_general/2024/01/17/NZ6K25XDPFGZVEBFOV6MUT3CWQ/?utm_source=naver&utm_medium=referral&utm_campaign=naver-news
2024.1.17,NMIXX,1위 뉴진스 민지·2위 뉴진스 하니·3위 뉴진스 해린...2024년 1월 17일 걸...,http://www.stardailynews.co.kr/news/articleView.html?idxno=432776
2024.1.17,IVE,"아이브 장원영, 탈덕수용소 상대 소송 1심 승소",https://www.nocutnews.co.kr/news/6080444
2024.1.17,IVE,"아이브 장원영, '탈덕수용소' 상대 1억 손해배상 소송 승소",https://www.womennews.co.kr/news/articleView.html?idxno=244505
2024.1.18,LE SSERAFIM,"르세라핌, 美 빌보드 순위 새로 썼다",http://sports.khan.co.kr/news/sk_index.html?art_id=202401180758003&sec_id=540301&pt=nv
2024.1.18,IVE,"아이브, 첫 영어 ‘올 나이트’ 싱글 발매[공식]",http://sports.khan.co.kr/news/sk_index.html?art_id=202401181137003&sec_id=540101&pt=nv
2024.1.19,ITZY,"ITZY 예지 ""염색하면 물 빠져…'머리 바꿨냐'는 질문만 4번째"" (가요광장...",https://www.xportsnews.com/article/1815568
2024.1.19,IVE,"아이브, 첫 영어 싱글 '올 나이트' 발매",https://www.yna.co.kr/view/AKR20240119048500005?input=1195m
2024.1.19,IVE,"아이브, 글로벌 진출 첫 발 떼… 오늘 '올 나이트' 발매",https://news.jtbc.co.kr/article/article.aspx?news_id=NB12161563
2024.1.19,tripleS,[MHN포토] '화려한 무대 선보이는 트리플에스',https://www.mhnse.com/news/articleView.html?idxno=249913
2024.1.19,Kep1er,"케플러, 오늘 19일 자체 콘텐츠 '케플러빙 시즌 2' 공개",https://www.cbci.co.kr/news/articleView.html?idxno=457227
2024.1.19,STAYC,스테이씨 세은 ‘양갈래로 땋은 인형’[포토엔HD],https://www.newsen.com/news_view.php?uid=202401191806313510
2024.1.20,IVE,"뉴진스 민지의 '칼국수 논란', 핵심은 칼국수가 아니다",https://www.ohmynews.com/NWS_Web/View/at_pg.aspx?CNTN_CD=A0002994673&CMPT_CD=P0010&utm_source=naver&utm_medium=newsearch&utm_campaign=naver_news
2024.1.20,aespa,‘무한도전’ 출연한 첫 해외 스타 사망,https://www.seoul.co.kr/news/newsView.php?id=20240120500042&wlog_tag3=naver
2024.1.20,IVE,"아이브, 첫 영어 싱글 ‘올 나이트’ 발매···美 래퍼 Saweetie 피처링",http://sports.khan.co.kr/news/sk_index.html?art_id=202401200413003&sec_id=540301&pt=nv
2024.1.21,NewJeans,"뉴진스 민지, '칼국수 논란' 사과 후 첫 일정은 올블랙+담담한 미소 [Oh...",http://www.osen.co.kr/article/G1112260269
2024.1.21,ITZY,"HK직캠｜ITZY 예지, '날이 갈수록 점점 예뻐지는 그녀' (뮤직뱅크 출근길...",https://www.hankyung.com/article/202401219225H
2024.1.21,NewJeans,"뉴진스 민지, 명품 출국",http://sports.khan.co.kr/news/sk_index.html?art_id=202401211813003&sec_id=540101&pt=nv
2024.1.21,aespa,BTS·뉴진스·블랙핑크·에스파…K팝 선물세트 ETF 나온다,http://news.mt.co.kr/mtview.php?no=2024012115593233496
2024.1.21,aespa,"에스파가 서태지 노래를?…""해석 차이 존재, 시대 상징 의미"" [엑's 인터...",https://www.xportsnews.com/article/1815846
2024.1.21,LE SSERAFIM,"블랙핑크 제니, 1위가 체질",http://www.osen.co.kr/article/G1112260174
2024.1.21,NMIXX,엔믹스 “멤버들끼리 지적할 때 ‘공주’ 호칭…기분 안 나쁘게”,http://sports.khan.co.kr/news/sk_index.html?art_id=202401211616003&sec_id=540101&pt=nv
2024.1.21,tripleS,"‘복면가왕’ 트리플에스 서다현 “멤버 16명, 목표는 24명...숙소 3곳 나...",https://www.mk.co.kr/article/10925985
2024.1.22,NewJeans,"[POP초점]""애들도 들을 텐데""..(여자)아이들, 선공개곡 'Wife' 선정성 논...",http://biz.heraldcorp.com/view.php?ud=202401221201295269658_1
2024.1.23,NewJeans,"뉴진스 민지 반복해 조롱한 iMBC, 기사 삭제하고 사과",https://www.hani.co.kr/arti/culture/culture_general/1125518.html
2024.1.23,NewJeans,비방 시달리는 뉴진스 멤버에 '조롱성 제목' 논란…iMBC 기사 삭제,https://www.mediatoday.co.kr/news/articleView.html?idxno=315343
2024.1.24,NewJeans,뉴진스 민지로 '칼국수' 삼행시…iMBC 기사 삭제·사과,https://www.nocutnews.co.kr/news/6084214
2024.1.24,IVE,"탈덕수용소, 아이브 장원영 소송 강제집행정지 신청",https://www.slist.kr/news/articleView.html?idxno=520369
2024.1.24,STAYC,"[광고多광고內] 죽도록 즐기는, '도파밍' 트렌드를 잡아라",https://www.the-pr.co.kr/news/articleView.html?idxno=51135
2024.1.26,IVE,[컬쳐 인사이드] 장원영의 '사이버 렉카' 일침에 국회는?,http://www.goodmorningcc.com/news/articleView.html?idxno=303688
2024.1.30,STAYC,"""사과문에 bgm을 삽입?""…스테이씨 모델 탕후루 업체 이벤트 논란에 네...",https://mydaily.co.kr/page/view/2024013009544171023
2024.1.31,ITZY,"[투데이TV]'라스' ITZY 유나, 골반 논란 직접 종결 ""'유고걸' 보고 와라""",http://biz.heraldcorp.com/view.php?ud=202401311305373609444_1
2024.2.1,IVE,"""조니 아이브가 맥북 에어 없애려고 했다""…어째서?",https://www.digitaltoday.co.kr/news/articleView.html?idxno=504437
2024.2.1,NMIXX,"(여자)아이들, 논란 딛고 오늘(1일) '엠카' 컴백..콘셉트 장인 파격 예고",http://www.osen.co.kr/article/G1112267403
2024.2.1,ITZY,"ITZY 유나, 골반 패드 착용 논란 뭐기에...""'유고걸' 보고 오세요""",http://woman.chosun.com/news/articleView.html?idxno=114150
2024.2.3,LE SSERAFIM,음원 강자의 귀환...새해도 K-팝 '여풍' 예고,https://www.ytn.co.kr/_ln/0106_202402032236170084
2024.2.3,ITZY,골반 논란까지' 이은미 김주령 김신록 있지 유나의 진심 200% 토크,https://www.gukjenews.com/news/articleView.html?idxno=2914369
2024.2.5,NewJeans,"방탄소년단 후보에도 無… 그래미, K팝 홀대 논란?",https://www.moneys.co.kr/article/2024020516255785411
2024.2.5,NewJeans,그래미'에 팽당한 K팝…정국 보여준 가능성 [엑's 초점],https://www.xportsnews.com/article/1821160
2024.2.5,IVE,"SNS 속 나쁜 게시글, 신고해도 안 지워지는 이유…'좋아요' 누른 플랫폼",http://www.metroseoul.co.kr/article/20240205500415
2024.2.7,NewJeans,"(여자)아이들, 반쪽짜리 활동에도 ‘커리어하이’ [줌인]",https://isplus.com/article/view/isp202402060067
2024.2.11,NewJeans,"(여자)아이들, 선정성 논란➝활동 중단에도 걸그룹 브랜드평판 1위",http://www.osen.co.kr/article/G1112273655
2024.2.11,IVE,"[종합] ""장원영에 사과 안해"" 뻔뻔한 탈덕수용소, 1억 공탁 걸고 소송전...",https://sports.chosun.com/entertainment/2024-02-11/202402110100072890009657
2024.2.12,IVE,장원영 루머 유포' 탈덕수용소 사과문 부인... 뻔뻔한 태세 전환,https://www.wikitree.co.kr/articles/926432
2024.2.13,NMIXX,"엔믹스 설윤, 사람 맞아? 한복 입고 화려한 이목구비로 인형美 자랑",https://www.newsen.com/news_view.php?uid=202402131614080510
2024.2.15,STAYC,"세븐틴, '나나투어'로 자리매김 성공…아이돌그룹 브랜드평판 1위, 2위는...",https://tenasia.hankyung.com/article/2024021564084
2024.2.15,STAYC,"스테이씨 윤, 상큼발랄 교복 입고 놀이공원 나들이",https://www.moneys.co.kr/article/2024021512111357120
2024.2.16,NewJeans,사생활 논란부터 욕설 의혹까지…말도 많고 탈도 많은 5세대 보이그룹,https://ilyo.co.kr/?ac=article_view&entry_id=467430
2024.2.17,NMIXX,"NMIXX(엔믹스), 후속곡 'Run For Roses'로 쉴틈없는 인기몰이 중",https://www.cbci.co.kr/news/articleView.html?idxno=458974
2024.2.17,Kep1er,"[포토] 케플러 강예서, '도도한 눈빛~' (한터뮤직어워즈)",https://www.hankyung.com/article/202402170708H
2024.2.18,NMIXX,"아이유, 음반 0점·출연 無 1위…(여자)아이들 '선정성 논란' Wife도 후보...",https://www.xportsnews.com/article/1825519
2024.2.18,tripleS,"[ST포토] 트리플에스 김채연, '청순미 폭발'",http://www.stoo.com/article.php?aid=91797016367
2024.2.18,Kep1er,‘한터뮤직어워즈’ 케플러 ‘파퓰러 글로벌 그룹상’ 수상,http://sports.khan.co.kr/news/sk_index.html?art_id=202402181142003&sec_id=540101&pt=nv
2024.2.19,NewJeans,"‘패싸움·압사 위기’에 엉망진창된 한터뮤직어워즈, 분뇨 논란까지…...",https://www.etoday.co.kr/news/view/2332246
2024.2.19,NewJeans,"""탈퇴해""…김지웅 욕설 논란→제로베이스원 팬덤 '무대 보이콧' [TEN초점...",https://tenasia.hankyung.com/article/2024021921844
2024.2.19,NewJeans,"[SC초점] 제베원·라이즈·보넥도·싸이커스·투어스, 2024 주목해야할 ...",https://sports.chosun.com/entertainment/2024-02-19/202402140100092030012589
2024.2.19,IVE,제베원-에이티즈-에스파가 안전 지도? '밀리미터 생지옥' 된 한터뮤직어...,https://www.mhnse.com/news/articleView.html?idxno=255012
2024.2.19,tripleS,"불똥' 제대로 튄 '한터'…김지웅 논란, 일 커졌다 [엑:스레이]",https://www.xportsnews.com/article/1825657
2024.2.19,tripleS,[POP이슈]김지웅 보이콧→몸싸움·분뇨 해프닝까지..얼룩진 '한터' 시상...,http://biz.heraldcorp.com/view.php?ud=202402190913160405304_1
2024.2.19,tripleS,"한터뮤직어워드, 몸싸움에 대변까지···무슨 일?",https://www.globale.co.kr/news/articleView.html?idxno=28431
2024.2.19,NMIXX,"SBS ""'가요대전' 7월·12월 개최 목표...날짜는 미정"" [공식입장]",http://www.osen.co.kr/article/G1112278112
2024.2.19,aespa,"에스파, 6월 서울서 두 번째 월드투어 스타트",https://www.yna.co.kr/view/AKR20240219089000005?input=1195m
2024.2.19,aespa,"에스파, 6월부터 두 번째 월드투어",https://news.kbs.co.kr/news/pc/view/view.do?ncd=7893451&ref=A
2024.2.19,tripleS,"트리플에스, 'MAMA' 이어 '한터어워즈'까지 신인상 수상",https://www.xportsnews.com/article/1825946
2024.2.19,tripleS,"[포토] 트리플에스, 무대를 가득",https://www.mk.co.kr/article/10945532
2024.2.19,STAYC,스테이씨 시은 ‘홀씨’ 챌린지→아이유 극찬 “잘한다! 역시 프로야”,https://www.newsen.com/news_view.php?uid=202402191656505410
2024.2.20,IVE,"[영상] ""압사 당할 뻔"" 몸싸움·스탠딩석 대변 논란까지…아수라장된 '...",https://www.news1.kr/articles/5325190
2024.2.20,ITZY,"""SBS 무슨 자신감?""·""뻔뻔해""…논란의 '가요대전' 욕심 빈축 [엑's 이슈...",https://www.xportsnews.com/article/1826077
2024.2.20,ITZY,있지(ITZY) ‘코카-콜라’와 ‘한류’를 하나로 합치다,http://sports.khan.co.kr/news/sk_index.html?art_id=202402201741003&sec_id=540101&pt=nv
2024.2.20,ITZY,있지(ITZY) '한류의 아이콘'[엑's HD포토],https://www.xportsnews.com/article/1826220
2024.2.20,NewJeans,"뉴진스 숙소 공개…""위트 있고 아티스틱""",http://www.newsis.com/view/?id=NISX20240220_0002633021&cID=10601&pID=10600
2024.2.20,aespa,"[포토] 에스파 카리나, 안경 선배",http://enews.imbc.com/News/RetrieveNewsInfo/409383
2024.2.20,IVE,"아이브, 추리 대결 펼친다…'크라임씬' 뺨치는 긴장감",http://www.newsis.com/view/?id=NISX20240220_0002632525&cID=10601&pID=10600
2024.2.20,IVE,[TD포토] 아이브 안유진 '잘 다녀올게요',http://www.tvdaily.co.kr/read.php3?aid=17084022431701487017
2024.2.20,NMIXX,"있지·엔믹스' K팝 입은 코카콜라 제로, 36개국 팬덤 공략",https://biz.newdaily.co.kr/site/data/html/2024/02/20/2024022000261.html
2024.2.20,NMIXX,"[BS현장] 잇지‧스트레이키즈‧엔믹스‧박진영까지 총출동… JYP, ‘코카...",https://www.sportsworldi.com/newsView/20240220515522
2024.2.20,tripleS,"트리플에스 어셈블24, '걸스 네버 다이' 출격…웨이브 선택",http://www.newsis.com/view/?id=NISX20240220_0002633322&cID=10601&pID=10600
2024.2.21,NewJeans,"아일릿, 3월25일 데뷔 확정…르세라핌·뉴진스 뒤잇는다",https://www.news1.kr/articles/5326722
2024.2.21,NewJeans,뉴진스 멤버들과 민희진 대표가 직접 완성한 숙소 스타일링,https://www.vogue.co.kr/2024/02/21/%eb%89%b4%ec%a7%84%ec%8a%a4-%eb%a9%a4%eb%b2%84%eb%93%a4%ea%b3%bc-%eb%af%bc%ed%9d%ac%ec%a7%84-%eb%8c%80%ed%91%9c%ea%b0%80-%ec%a7%81%ec%a0%91-%ec%99%84%ec%84%b1%ed%95%9c-%ec%88%99%ec%86%8c-%ec%8a%a4/?utm_source=naver&utm_medium=partnership
2024.2.21,LE SSERAFIM,"르세라핌, 美 반응 오나…자체 최고 성적 줄줄이",http://www.newsis.com/view/?id=NISX20240221_0002634212&cID=10601&pID=10600
2024.2.21,LE SSERAFIM,"르세라핌 각오·도전 담은 'EASY', 유의미한 컴백[TF초점]",http://news.tf.co.kr/read/entertain/2077192.htm
2024.2.21,LE SSERAFIM,"달라진 르세라핌, 방시혁이 이런 말까지 했다고?",https://www.ohmynews.com/NWS_Web/View/at_pg.aspx?CNTN_CD=A0003003817&CMPT_CD=P0010&utm_source=naver&utm_medium=newsearch&utm_campaign=naver_news
2024.2.21,IVE,"문페이스, 아이브 이서와 '언니, 이번 생엔 내가 왕비야' OST 'MAY LILY' 발...",http://news.mt.co.kr/mtview.php?no=2024022112524350812
2024.2.21,tripleS,"[GJ포토] 트리플에스(tripleS), '올해의 루키상 받았어요'(한터뮤직어워...",https://www.gukjenews.com/news/articleView.html?idxno=2926152
2024.2.21,FIFTY FIFTY,피프티피프티' 편파 논란 SBS '그알' 법정제재 받나,https://www.mediatoday.co.kr/news/articleView.html?idxno=316065
2024.2.23,IVE,“어딜 만지는거야”…아이브 안유진 골반 ‘나쁜손 논란’ 남성의 정체,https://www.mk.co.kr/article/10949099
2024.2.25,NewJeans,"노팬츠 원조' 이효리 속마음 ""제니, 뉴진스는 안 입었으면…""",http://news.heraldcorp.com/view.php?ud=20240225050068
2024.2.25,IVE,[픽!영상] 안유진 골반에 '못된 손' 논란…‘툭’ 쳤는데 15m 절벽 아래로...,http://news.heraldcorp.com/view.php?ud=20240223050720
2024.2.26,NewJeans,"문가영→허윤진 파격 패션 속…이효리 ""지켜주고 싶은 마음"" [엑's 이슈...",https://www.xportsnews.com/article/1828040
2024.2.28,STAYC,"30대 마약 작곡가'로 거론된 최규성…""저 아닙니다, 오해 금지""",http://news.mt.co.kr/mtview.php?no=2024022819005289366
2024.2.29,NewJeans,"""아 옛날이여""…'제로' 음료에 품질 논란까지, 위축되는 탄산수 시장",https://www.news1.kr/articles/5335454
2024.2.29,ITZY,두달간 시총 2.7조 날아간 4대 기획사…엔터주 봄날 언제 올까,https://www.news1.kr/articles/5335483
2024.3.1,IVE,"""직접 뽑은 장원영 머리카락 1900만원""... 중국서 등장한 황당 경매",https://www.ggilbo.com/news/articleView.html?idxno=1017271
2024.3.2,LE SSERAFIM,케이팝의 시험대가 된 '앵콜 라이브' 무대,https://www.mediaus.co.kr/news/articleView.html?idxno=308094
2024.3.3,tripleS,"[포토]'트리플에스 러블루션' 신위, 사랑의 하트",https://www.spotvnews.co.kr/news/articleView.html?idxno=662544
2024.3.4,aespa,"카리나-이재욱 열애 인정 후 악플, 이재욱 환승연애 루머에 ‘법적대응...",https://www.ekn.kr/web/view.php?key=20240304022248406
2024.3.4,IVE,스타쉽 측 “아이브 등 유튜브 해킹 피해…복구 위해 힘쓸 것”(공식입...,https://www.mk.co.kr/article/10956432
2024.3.6,NewJeans,"[SC초점] 죄명은 열애·칼국수·소리지름…카리나·민지·한소희, 가혹한...",https://sports.chosun.com/entertainment/2024-03-06/202403060100035810003566
2024.3.6,aespa,"트럭시위 여파?..카리나, ♥이재욱 열애→결국 팬들에 사과 (Oh!쎈 이슈...",http://www.osen.co.kr/article/G1112288134
2024.3.7,NewJeans,"""악명 높은 K팝 문화""…외신도 주목한 '열애 사과'",https://news.jtbc.co.kr/article/article.aspx?news_id=NB12168703
2024.3.7,STAYC,"[SC초점] '장원영 언니' 장다아·'윤상子' 앤톤, 어떻게 '금수저 논란'을...",https://sports.chosun.com/entertainment/2024-03-07/202403070100044410004902
2024.3.7,tripleS,"트리플에스, 성희롱 게시물에 법적대응…""가족들까지 정신적 고통""",http://www.newsis.com/view/?id=NISX20240307_0002652402&cID=10601&pID=10600
2024.3.7,tripleS,"트리플에스, 성희롱에 칼 뺐다 ""성적 모욕 글로 고통받아 고소""",https://www.news1.kr/articles/5343115
2024.3.7,tripleS,트리플에스 측 “성희롱 게시글에 가족까지 고통..최근 악플러 고소”［...,http://www.breaknews.com/1019904
2024.3.8,NewJeans,[연예가 브리핑] 정동원·홍록기↓·뉴진스↑,https://www.moneys.co.kr/article/2024030815320970366
2024.3.8,IVE,"1위 임영웅·2위 손흥민·3위 한소희, 3월 8일 광고모델 트렌드지수 순위",https://www.stardailynews.co.kr/news/articleView.html?idxno=439160
2024.3.10,LE SSERAFIM,6만 명 만난 ‘K-팝 퀸’ 아이유…‘승리의 여신’의 과도기? [고승희의...,http://news.heraldcorp.com/view.php?ud=20240310050189
2024.3.11,IVE,"""'포스트 태혜지'를 꿈꾼다""…'K 라이징 여배우' 최성은·홍수주·김지연",https://www.obsnews.co.kr/news/articleView.html?idxno=1434085
2024.3.11,STAYC,"첫 오스카 수상 놀런 ""온 세상을 얻었다""…'오펜하이머' 아카데미 7관왕",https://www.joongang.co.kr/article/25234390
2024.3.11,ITZY,"골반 뽕 논란될 만하네…있지 유나, 황금 골반으로 '스마트' 챌린지 완...",http://www.topstarnews.net/news/articleView.html?idxno=15466226
2024.3.12,IVE,"파묘' 조롱한 중국 누리꾼들 ""얼굴 한자, 굴욕적""…한국인들 뿔났다",http://news.mt.co.kr/mtview.php?no=2024031221540932130
2024.3.14,NewJeans,無논란' 라이즈 쇼타로는 왜 절절한 사과를 했나 [MD포커스],https://mydaily.co.kr/page/view/2024031414253327976
2024.3.14,NewJeans,사생활에 이젠 커피 취향까지 간섭…해외 팬 영향력 커지자 K-팝 업계 속...,http://news.heraldcorp.com/view.php?ud=20240314050606
2024.3.17,ITZY,"태연, 걸그룹 브랜드 평판 1위...제니 2위·카즈하 3위",http://www.osen.co.kr/article/G1112294777
2024.3.18,IVE,"아이브, 팬미팅 스페셜 클립 공개…심스틸러 매력",https://news.jtbc.co.kr/article/article.aspx?news_id=NB12170358
2024.3.19,ITZY,"래퍼 오왼, '있지' 성희롱 이어 '르세라핌' 저격...""라이브 못하는 건 비...",https://www.tvreport.co.kr/breaking/article/798380/
2024.3.19,IVE,"아이브, 숨겨둔 비하인드 매력 대방출",http://sports.khan.co.kr/news/sk_index.html?art_id=202403191648003&sec_id=540301&pt=nv
2024.3.19,IVE,"아이브, 알고 보니 화수분 같은 예능감",http://www.osen.co.kr/article/G1112296673
2024.3.19,NMIXX,[단독] 출발부터 뜨거운 2024 엔믹스 “웃기는 만큼 더 완벽한 무대로 보...,https://www.sportsseoul.com/news/read/1409311?ref=naver
2024.3.20,NewJeans,"美 코첼라 앞둔 르세라핌, 라이브 실력 논란 잠재울까[스경X이슈]",http://sports.khan.co.kr/news/sk_index.html?art_id=202403201906003&sec_id=540301&pt=nv
2024.3.20,NewJeans,"하이브, 美 ‘세계 50대 혁신 기업’ 선정...뉴진스 활약 주목",https://www.mk.co.kr/article/10969332
2024.3.20,aespa,"고척돔에 한일 전설 총집결…에스파, 차은우 등 스타들도 관전",https://www.yna.co.kr/view/AKR20240320172100007?input=1195m
2024.3.20,aespa,"에스파 공연, 박정현 국가 제창, 차은우 직관... 고척돔에 뜬 ‘별’들",https://www.chosun.com/international/international_general/2024/03/20/7BLX3K7RAJDINIVVGJEITFGOFQ/?utm_source=naver&utm_medium=referral&utm_campaign=naver-news
2024.3.20,LE SSERAFIM,르세라핌 '피곤해도 easy하게' [★영상],https://www.starnewskorea.com/stview.php?no=2024032023432093383
2024.3.20,IVE,아이브도 '롤라팔루자' 무대에…데뷔 후 첫 출연,https://www.newsis.com/view/?id=NISX20240320_0002667753&cID=10601&pID=10600
2024.3.20,IVE,"아이브, 美 '롤라팔루자' 시카고 첫 출격",http://starin.edaily.co.kr/news/newspath.asp?newsid=01259526638825288
2024.3.21,NewJeans,"금융권 “스타를 잡아라”…흥행 보증수표 마케팅, 브랜드 개선에 안간...",https://www.sportsseoul.com/news/read/1409753?ref=naver
2024.3.21,aespa,"사생활 논란 매출로 튈까…한소희, 광고 재계약 줄줄이 불발",https://www.kmib.co.kr/article/view.asp?arcid=0019916956&code=61141611&cp=nv
2024.3.21,ITZY,"ITZY 채령, 프링글스 논란에 “한 통 먹는 사람 인터넷에만…”",http://sports.khan.co.kr/news/sk_index.html?art_id=202403211651003&sec_id=540101&pt=nv
2024.3.21,NewJeans,"민희진·뉴진스 선봉…하이브, '세계 혁신 50대 기업' 선정",https://www.newsis.com/view/?id=NISX20240321_0002668894&cID=10601&pID=10600
2024.3.21,aespa,"에스파, MLB 서울 시리즈 오프닝 장식…독보적 존재감 입증",http://enews.imbc.com/News/RetrieveNewsInfo/412395
2024.3.21,aespa,"에스파, 'MLB 서울시리즈' 오프닝 장식…웅장한 퍼포먼스로 시선 압도",https://ent.sbs.co.kr/news/article.do?article_id=E10010285540&plink=ORI&cooper=NAVER
2024.3.21,aespa,에스파·슈가에 에픽하이·이승윤까지… 저변 넓히는 공연 실황 영화,https://www.kmib.co.kr/article/view.asp?arcid=0019916911&code=61181511&cp=nv
2024.3.21,LE SSERAFIM,"하이브 막내딸' 아일릿, 르세라핌➝뉴진스 이을 5세대 기대주 [Oh!쎈 레...",http://www.osen.co.kr/article/G1112298286
2024.3.21,IVE,"아이브·비춰, 미국 대형 음악 축제 '롤라팔루자' 선다",https://www.yna.co.kr/view/AKR20240321071700005?input=1195m
2024.3.21,NMIXX,극장판 스파이 패밀리 코드: 화이트' 엔믹스도 사로잡다,https://news.jtbc.co.kr/article/article.aspx?news_id=NB12170910
2024.3.21,Kep1er,"케플러 김채현·강예서, '베텔기우스' 커버 영상 공개",https://www.newsis.com/view/?id=NISX20240321_0002669362&cID=10601&pID=10600
2024.3.21,Kep1er,"시너지 터진다…케플러 김채현·강예서, 日 유우리 대표곡 커버",https://tenasia.hankyung.com/article/2024032163244
2024.3.21,FIFTY FIFTY,"엠카' BAE173, 카리스마로 무대 압도 '피프티 피프티'",http://starin.edaily.co.kr/news/newspath.asp?newsid=01577686638825616
2024.3.21,STAYC,"스테이씨 재이, 곧 다가올 봄엔 핑크지~",https://www.moneys.co.kr/article/2024032111172881245
2024.3.24,STAYC,10년간 경쟁당 텃밭서 ‘숨은 유권자 찾기’ 개간 작업했더니…28년만에...,https://www.chosun.com/international/international_general/2024/03/24/7J2CB2EKRJA7NMX7TX42OVRXTI/?utm_source=naver&utm_medium=referral&utm_campaign=naver-news
2024.3.30,IVE,"장다아, '장원영 언니' 꼬리표 뗀 비결",https://www.hankookilbo.com/News/Read/A2024032817330005416?did=NA
2024.4.1,NewJeans,뉴진스' 충격 실체는?... 핫이슈 등극한 민폐 촬영 진실 공방 '논란 급...,https://www.siminilbo.co.kr/news/newsview.php?ncode=1160314248334245
2024.4.3,STAYC,루머로 아이돌 괴롭힌 유튜버 탈덕수용소 “사생활 침해 고통” 호소,https://www.seoul.co.kr/news/society/2024/04/03/20240403500167?wlog_tag3=naver
2024.4.4,IVE,"피라미드 게임' 박소연 감독, 막연한 불안감이 확신으로 바뀐 순간[인...",http://www.celuvmedia.com/article.php?aid=1712210067474734012
2024.4.5,LE SSERAFIM,영파씨·키스오브라이프 노래에 서태지·브리트니 스피어스 있다?[스타...,http://starin.edaily.co.kr/news/newspath.asp?newsid=01246406638853168
2024.4.6,aespa,송하윤·전종서 학폭 의혹 / 황정음 상간녀 오해 사과 / 카리나 결별 등...,https://www.dailian.co.kr/news/view/1348278/?sc=Naver
2024.4.6,aespa,열애·결별·이혼·학폭 의혹…바쁘다 바빠 연예계 [희비이슈],http://starin.edaily.co.kr/news/newspath.asp?newsid=01095526638853496
2024.4.7,IVE,"류준열과 '환승논란' 끝에 결별한 한소희, 'NH농협은행'과 재계약 끝......",https://www.insight.co.kr/news/465991
2024.4.8,NewJeans,"[유미's 픽] 아일릿 '마그네틱', 뉴진스가 부르니 더 낫다?…난립하는 '...",https://zdnet.co.kr/view/?no=20240408115032
2024.4.8,tripleS,"트리플에스 S23 S24, 활동명 확정",https://www.gukjenews.com/news/articleView.html?idxno=2963960
2024.4.10,NewJeans,뉴진스 민지 '캐릭터'→기안84 '흑백'…정치색 뺀 투표 인증샷,https://www.nocutnews.co.kr/news/6127051?utm_source=naver&utm_medium=article&utm_campaign=20240410031359
2024.4.12,IVE,"""뉴진스가 고소했어요""..끝까지 조롱한 악질 사이버 렉카 [Oh!쎈 이슈]",http://www.osen.co.kr/article/G1112315207
2024.4.12,NewJeans,"유튜브, 뉴진스 괴롭힌 악질 '사이버 렉카' 퇴출",https://www.newsis.com/view/?id=NISX20240412_0002697846&cID=50405&pID=50400
2024.4.13,IVE,"서윤아 ‘협박’, ‘얼굴에 염산 뿌리겠다’…“‘탈덕 수용소’ 능가하...",https://www.mk.co.kr/article/10989555
2024.4.13,ITZY,"ITZY 채령, 센스 있는 스타일 [포토엔HD]",https://www.newsen.com/news_view.php?uid=202404131904101510
2024.4.14,NewJeans,"뉴진스 괴롭힌 사이버렉카, 삭제 하루 만에 부활…""하고 싶은 말 많다""",http://news.mt.co.kr/mtview.php?no=2024041414001480382
2024.4.14,NMIXX,"엔믹스, 뿌잉 뿌잉~ 집에 온 곰돌이~(입국)[뉴스엔TV]",https://www.newsen.com/news_view.php?uid=202404142256211310
2024.4.15,NewJeans,공장형 '하이브 아이돌' 대참사…실력 논란 '책임론' 도마 [엑's 초점],https://www.xportsnews.com/article/1847212
2024.4.15,LE SSERAFIM,"르세라핌, 美코첼라 달궜다…가창력 논란 해소는 숙제",http://starin.edaily.co.kr/news/newspath.asp?newsid=01164406638856448
2024.4.15,LE SSERAFIM,하이브는 K-POP에 독? 르세라핌 가창력 논란은 소속사 문제였나[종합],https://sports.khan.co.kr/news/sk_index.html?art_id=202404151829003&sec_id=540301&pt=nv
2024.4.15,LE SSERAFIM,"가수인가 댄서인가'...르세라핌, 팬도 엄호 못하는 '코첼라' 가창력 논...",https://www.mhnse.com/news/articleView.html?idxno=267650
2024.4.15,IVE,"르세라핌, 코첼라 무대 가창력 논란 “노래 반쯤 듣다가 껐다”",https://www.ilyosisa.co.kr/news/article.html?no=243153
2024.4.15,IVE,"장원영이 쏘아 올린 ‘사이버 렉카’ 고소, 국내 ‘사이버 명예훼손·모...",http://www.segye.com/newsView/20240415519128?OutUrl=naver
2024.4.15,NMIXX,"""예쁘기만 NO""…엔믹스→베이비몬스터, 라이브 논란 없었던 '실력돌' [종...",https://www.tvreport.co.kr/music/article/804380/
2024.4.15,FIFTY FIFTY,"피프티 피프티 ‘큐피드’ 영어 버전, 샤잠 500만 청취",https://www.mk.co.kr/article/10990250
2024.4.15,FIFTY FIFTY,"피프티 피프티 ‘큐피드’ 영어 버전, 샤잠 500만 청취…K팝 女돌 최초",https://isplus.com/article/view/isp202404150018
2024.4.16,STAYC,"르세라핌, 美서 라이브 '대참사'…'K팝 아이돌' 논란 터졌다 [이슈+]",https://www.hankyung.com/article/2024041649907
2024.4.16,Kep1er,"케플러 휴닝바히에, 찰리 푸스 곡 재해석..무결점 보컬 역량",https://www.starnewskorea.com/stview.php?no=2024041610061997336
2024.4.17,IVE,"""무대에 미친 XX들이 몰려온다""…첫방 '걸스온파이어', 짱짱한 '보컬'의...",https://mydaily.co.kr/page/view/2024041622404775891
2024.4.17,ITZY,"ITZY 유나, 골반 패드 의심 받을 만해 '명품 골반+군살 제로'",http://www.topstarnews.net/news/articleView.html?idxno=15482264
2024.4.17,FIFTY FIFTY,"[단독]'피프티 피프티' 어트랙트, JTBC와 걸그룹 오디션 제작 잠정 보류",https://www.starnewskorea.com/stview.php?no=2024041714504386348
2024.4.18,aespa,“세븐틴 뉴진스 에스파 컴백한다”…4대 엔터주 기대해볼까,https://www.mk.co.kr/article/10994100
2024.4.18,LE SSERAFIM,"코첼라 간 '르세라핌' 가창력 논란...""기획력 아쉽다""",https://www.ytn.co.kr/_ln/0106_202404181708286510
2024.4.18,FIFTY FIFTY,"피프티 피프티 소속사, '그알' CP·PD 고소…""명예훼손""",https://www.newsis.com/view/?id=NISX20240418_0002703747&cID=10601&pID=10600
2024.4.18,FIFTY FIFTY,‘피프티피프티 그알 사태’는 끝나지 않았다,http://www.segye.com/newsView/20240418509974?OutUrl=naver
2024.4.18,FIFTY FIFTY,"피프티 피프티 소속사, '그것이 알고싶다' 제작진 명예훼손 혐의로 고소",https://www.news1.kr/articles/5388473
2024.4.18,FIFTY FIFTY,"피프티 피프티 소속사, '그것이 알고 싶다' PD 고소",https://www.hankookilbo.com/News/Read/A2024041808170004181?did=NA
2024.4.18,STAYC,[TD포토] 스테이씨 윤 '안녕~',http://www.tvdaily.co.kr/read.php3?aid=17134485141708052017
2024.4.19,ITZY,20억' 박진영부터 나연·류진까지…JYP 아티스트 기부 실천,https://news.jtbc.co.kr/article/article.aspx?news_id=NB12192618
2024.4.19,IVE,"아이브, '신비→몽환' 넘나드는 매력…'아이브 스위치'",https://www.newsis.com/view/?id=NISX20240419_0002706160&cID=10601&pID=10600
2024.4.19,IVE,"아이브, 장원영·레이·이서 콘셉트 포토 공개…판타지 비주얼",https://www.etnews.com/20240419000272
2024.4.19,STAYC,"[사진]스테이씨 윤, '안녕'",http://www.osen.co.kr/article/G1112319799
2024.4.19,STAYC,"[사진]스테이씨 세은, '아름다운 미소'",http://www.osen.co.kr/article/G1112319800
2024.4.20,NewJeans,4050 일본男도 뉴진스♥...'뉴진스 아저씨' 현상도 생겼다 [룩@재팬],https://www.tvreport.co.kr/breaking/article/805725/
2024.4.20,IVE,아이브 안유진→리즈 포텐 터진 비주얼,http://enews.imbc.com/News/RetrieveNewsInfo/415432
2024.4.20,IVE,"컴백시동' 아이브, 이번엔 와인빛 유혹이다",https://mydaily.co.kr/page/view/2024042014134422049
2024.4.20,NMIXX,웹예능서 잠재력 폭발... 엔믹스의 활약이 심상찮다,https://www.ohmynews.com/NWS_Web/View/at_pg.aspx?CNTN_CD=A0003023311&CMPT_CD=P0010&utm_source=naver&utm_medium=newsearch&utm_campaign=naver_news
2024.4.21,LE SSERAFIM,"가창력 논란' 르세라핌, 오늘(21일) '코첼라' 또 나선다",https://www.etoday.co.kr/news/view/2352457
2024.4.21,ITZY,[걸그룹 개인 브랜드평판] 1위 아일릿 원희·2위 소녀시대 태연·3위 블...,https://www.gukjenews.com/news/articleView.html?idxno=2974378
2024.4.21,NewJeans,"""BTS보다 3년 앞섰다""…하이브가 낳은 '괴물급' 효녀 [김소연의 엔터비...",https://www.hankyung.com/article/2024041917747
2024.4.21,aespa,BTS·에스파·라이즈 등장…아이돌게임 이번엔 성공할까,https://www.newsis.com/view/?id=NISX20240419_0002706653&cID=13008&pID=13100
2024.4.21,aespa,복면가왕' 에스파 닝닝 복면가수로 출연?... 희로애락도 락이다 정체는,https://www.wikitree.co.kr/articles/944931
2024.4.21,LE SSERAFIM,"르세라핌, 논란을 재웠다",https://sports.khan.co.kr/news/sk_index.html?art_id=202404211725003&sec_id=540301&pt=nv
2024.4.21,LE SSERAFIM,"""르세라핌, AR 끊기면 라이브 안들려"" 코첼라 설욕전 또 논란",https://www.joongang.co.kr/article/25244019
2024.4.21,IVE,"컴백' 아이브, 트랙리스트 공개…타이틀곡 '해야'",https://news.jtbc.co.kr/article/article.aspx?news_id=NB12192759
2024.4.21,IVE,"아이브, '아이브 스위치' 트랙리스트 공개..장원영 4번째 단독 작사",https://www.starnewskorea.com/stview.php?no=2024042111375396631
2024.4.21,tripleS,"트리플에스 어셈블24, 유닛 콘셉트 포토 속 빛나는 비주얼",http://enter.etoday.co.kr/news/view/257965
2024.4.22,NewJeans,"[단독] 민희진 ""방시혁의 '뉴진스 베끼기'가 갈등 원인""",https://www.hankyung.com/article/202404228430r
2024.4.22,NewJeans,뉴진스 없는 하이브? '민희진의 반란' 후폭풍,http://www.sisajournal.com/news/articleView.html?idxno=288921
2024.4.22,NewJeans,"민희진 ""‘아일릿의 뉴진스 카피 사태’가 원인…의혹 제기하니 해임"" ...",https://www.sportsworldi.com/newsView/20240422517367
2024.4.22,NewJeans,"‘모슬희진’→주가 폭락까지...하이브, ‘뉴진스 소속사’ 어도어 감사...",https://www.mk.co.kr/article/10996923
2024.4.22,LE SSERAFIM,"옥주현, 르세라핌 가창력 논란 가운데 “가수는 노래 잘해야”",http://www.segye.com/newsView/20240422514223?OutUrl=naver
2024.4.22,LE SSERAFIM,"논란의 르세라핌 코첼라 무대, 2회차 종료…""많이 배웠다""",https://star.ytn.co.kr/_sn/0117_202404221039412066
2024.4.22,LE SSERAFIM,"르세라핌, 코첼라 무대 가창력 논란 속 입국",https://www.news1.kr/photos/view/?6611315
2024.4.22,LE SSERAFIM,[팝업★]“기만”vs“훌륭했다” 르세라핌이 쏘아올린 K팝 라이브 논란,http://biz.heraldcorp.com/view.php?ud=202404221013501179357_1
2024.4.22,LE SSERAFIM,"르세라핌, 가창력 논란→AR 키워…‘코첼라’ 2차 비판",https://www.sportsworldi.com/newsView/20240422513272
2024.4.22,IVE,[이슈] 컴백 앞둔 중요한 시기인데…뉴진스→아이브는 액땜 중?,https://www.sportsworldi.com/newsView/20240422516611
2024.4.22,NMIXX,"아일릿, 엔믹스와 팬클럽명 겹치기 논란…""우려 의견 고려해 재선정할 ...",https://www.news1.kr/articles/5392942
2024.4.22,NMIXX,시끄러운 하이브…르세라핌·아일릿 논란→어도어 감사까지 [엑's 이슈],https://www.xportsnews.com/article/1850390
2024.4.22,NMIXX,"""릴리, 릴리즈 다 안돼""…아일릿, 세 번째 팬덤명 변경 ""여러 우려 의견...",http://www.topstarnews.net/news/articleView.html?idxno=15484259
2024.4.23,LE SSERAFIM,"""하이브가 케이팝 망친다""…아일릿→르세라핌, 연이은 가창력 논란 [TOP...",http://www.topstarnews.net/news/articleView.html?idxno=15484524
2024.4.23,IVE,"시즌제 꿈꾸는 '틈만나면,' 유재석·유연석 케미 통할까",https://www.ize.co.kr/news/articleView.html?idxno=60907
2024.4.23,STAYC,[퇴근길이슈] 하이브 CEO 민희진·유영재 언니 강제추행·윤보미 라도 열...,http://www.joynews24.com/view/1711653
2024.4.25,NMIXX,"""아일릿, 뉴진스 '이미지' 베꼈다?""…민희진 이례적 주장, 업계 판단 어...",https://www.etoday.co.kr/news/view/2354370
2024.4.26,LE SSERAFIM,르세라핌 악재 언제까지? 노출 논란→민희진 저격 '심각' [엑:스레이],https://www.xportsnews.com/article/1852447
2024.4.27,LE SSERAFIM,"쏘스뮤직, 르세라핌 언급한 민희진에 ""무례한 실명 거론""",https://view.asiae.co.kr/article/2024042719480893580
2024.4.27,NMIXX,"중복 논란' 아일릿, 팬덤명 재변경... 또?",https://www.ggilbo.com/news/articleView.html?idxno=1025838
2024.4.28,LE SSERAFIM,"르세라핌·아일릿도 못 피했다... 30년 전 H.O.T 영상 인기, 왜",https://www.hankookilbo.com/News/Read/A2024042511170004077?did=NA
2024.4.29,NewJeans,하이브는 ‘단월드 연관설’ 부인…뉴진스 ‘OMG’ 논란ing[종합],https://sports.khan.co.kr/news/sk_index.html?art_id=202404291535003&sec_id=540101&pt=nv
2024.4.29,NewJeans,[단독] 어도어 이사회 결국 무산...민희진 “소집 불응” vs 하이브 “법...,https://www.chosun.com/culture-life/culture_general/2024/04/29/E5FBFR5X3RA3TFCX3KQHQ5TP4Y/?utm_source=naver&utm_medium=referral&utm_campaign=naver-news
2024.4.29,NewJeans,"민희진, 어도어 이사회 불응…하이브, 법원 허가 얻어 주총 계획",https://www.yna.co.kr/view/AKR20240429104200005?input=1195m
2024.4.29,NewJeans,"이사회 소집' 거부한 민희진‥하이브 ""주총 열어서 해임""",https://imnews.imbc.com/news/2024/society/article/6593622_36438.html
2024.4.29,NewJeans,"민희진, 이사회 소집 '불응'…하이브 ""법원에 임시주총 신청""",https://www.hankyung.com/article/2024042944327
2024.4.29,NewJeans,"민희진 '파이팅 스피릿'에 감탄한 전여옥…""국힘은 보고 배우길""",http://mbn.mk.co.kr/pages/news/newsView.php?category=mbn00006&news_seq_no=5022895
2024.4.29,LE SSERAFIM,"BTS·아일릿 사이비 종교와?…하이브 ""도 넘은 음해 법적 조치""",https://view.asiae.co.kr/article/2024042908221856309
2024.4.29,LE SSERAFIM,"뉴아르' 지고, '에이스' 뜬다…하이브 내홍 반감 영향? [엑's 이슈]",https://www.xportsnews.com/article/1853113
2024.4.29,IVE,"""아…하이브 때문에"" 컴백 가수 다 묻힐라 '울상'",https://www.hankyung.com/article/202404294641H
2024.5.2,NewJeans,"하이브-민희진, '뉴진스 계약해지권' 두고 공방",https://www.ytn.co.kr/_ln/0106_202405021147012716
2024.5.2,LE SSERAFIM,"르세라핌 홍은채, 소녀감성 듬뿍 매력 발산",http://www.hansbiz.co.kr/news/articleView.html?idxno=691764
2024.5.2,tripleS,"""만지는 거 빼고 다 했다"" 걸그룹 봉변 뒤…온라인으로 옮겨간 빌런들[...",http://news.mt.co.kr/mtview.php?no=2024050116563789066
2024.5.3,LE SSERAFIM,“왜 안 챙겨줘?” 들고 일어선 민희진·아미...하이브에 서운하다 [MK이...,https://www.mk.co.kr/article/11006871
2024.5.4,NewJeans,"""황당한 일 벌어졌는데""…하이브 사태가 놀랍지 않은 이유 [노유정의 의...",https://www.hankyung.com/article/202405034742i
2024.5.4,LE SSERAFIM,"사쿠라 하이브行, 정말 뉴진스 데뷔 걸림돌이었을까[★FOCUS]",https://www.starnewskorea.com/stview.php?no=2024050308153217424
2024.5.4,IVE,"""어린이날 선물로 아이브 포토카드"" 요구에 부모들 '오픈런'",https://www.yna.co.kr/view/AKR20240503134300004?input=1195m
2024.5.4,IVE,"아이브 가을, '명탐정 코난' 엠버서더? 안유진 ""OST 몰라? 논란 될 것"" [...",http://enews.imbc.com/News/RetrieveNewsInfo/416687
2024.5.4,NMIXX,"[랭키파이 트렌드]여자 아이돌 순위 새로운 왕좌... 뉴진스, 최근 이슈 ...",https://www.mhns.co.kr/news/articleView.html?idxno=586849
2024.5.5,NewJeans,"FT ""韓여성에 '민희진'은 가부장제와 싸우는 젊은여성""",https://www.yna.co.kr/view/AKR20240505034400085?input=1195m
2024.5.6,NewJeans,뉴진스의 포뮬러는 저작권 대상일까 [스터디카페],https://www.thescoop.co.kr/news/articleView.html?idxno=301807
2024.5.6,NewJeans,"하이브 vs 민희진, 9일간 기사수만 1275건…대국민 관심사된 이유",http://news.heraldcorp.com/view.php?ud=20240506050157
2024.5.6,NewJeans,민희진·하이브 갈등에도..뉴진스 '버블검' 유튜브 주간차트 강타 [종합...,http://sports.chosun.com/news/ntype.htm?id=202405060100033830004863&servicedate=20240506
2024.5.6,NewJeans,1분기 주춤한 하이브…'민희진 내홍' 뚫고 직진할까,http://news.bizwatch.co.kr/article/industry/2024/05/02/0043
2024.5.7,FIFTY FIFTY,"피프티 피프티 소속사 ""法, 더기버스 채권가압류 신청 인용""",https://www.newsis.com/view/?id=NISX20240507_0002725116&cID=10601&pID=10600
2024.5.7,FIFTY FIFTY,"피프티 피프티 소속사 어트랙트, ‘더기버스 예금채권 가압류 신청’ 인...",http://news.heraldcorp.com/view.php?ud=20240507050798
2024.5.8,aespa,"""다 밟아줄게 우리 딸!"" 윈터 父, 하이브 불똥 속 든든한 딸 응원 [SC이슈...",http://sports.chosun.com/news/ntype.htm?id=202405080100052860007203&servicedate=20240508
2024.5.9,LE SSERAFIM,현재 심각하다는 르세라핌 멤버들 인스타그램 상태 (+이유),https://www.wikitree.co.kr/articles/950075
2024.5.9,IVE,아이브 온 대학 축제 아수라장…학생들 “이러려면 부르지마”,https://www.chosun.com/national/national_general/2024/05/09/G6T4PKXUN5BDRIQCVUERVLBMWA/?utm_source=naver&utm_medium=referral&utm_campaign=naver-news
2024.5.9,IVE,"아이브, '실력 논란' 코웃음…핸드마이크+라이브 입소문 [엑's 이슈]",https://www.xportsnews.com/article/1857032
2024.5.10,LE SSERAFIM,사람들은 왜 아이돌의 라이브 실력에 집착할까? [K콘텐츠의 순간들],https://www.sisain.co.kr/news/articleView.html?idxno=52886
2024.5.10,IVE,"인천대 학생들, 아이브·크래비티 공연 보러 온 팬들에 뿔났다 (+이유)",https://www.wikitree.co.kr/articles/950328
2024.5.10,STAYC,"금리 인하 기대감 커지자 비트코인 상승세, 8800만원선[코인브리핑]",https://www.news1.kr/articles/5411678
2024.5.11,LE SSERAFIM,"하이브 vs 민희진…‘레전드 기자회견’ 이후 2주, 무엇이 바뀌었나 [D:...",https://www.dailian.co.kr/news/view/1360261/?sc=Naver
2024.5.11,tripleS,#논란 대잔치 더 에이트 쇼 제작발표회 #국내 최다 걸 그룹 트리플에스...,https://www.dailian.co.kr/news/view/1360247/?sc=Naver
2024.5.13,NewJeans,"[단독] 뉴진스 부모들 “방시혁, 뉴진스 멤버들 인사도 안 받아…” [전...",https://isplus.com/article/view/isp202405130053
2024.5.13,NewJeans,뉴진스 부모까지 언급…민희진·하이브 여론전 극심,https://www.newsis.com/view/?id=NISX20240513_0002732722&cID=10601&pID=10600
2024.5.13,NewJeans,"“방시혁, 뉴진스 인사 안 받아”… 하이브 “일방적 주장, 사실무근”",https://biz.chosun.com/entertainment/2024/05/13/6TJLEUCGPJG43FXFZAM647JJRY/?utm_source=naver&utm_medium=original&utm_campaign=biz
2024.5.13,NewJeans,"""방시혁이 뉴진스 인사 외면"" 메일 공개되자...하이브 ""사실 아냐""",https://www.ytn.co.kr/_ln/0103_202405131448463632
2024.5.13,NewJeans,"""1년간 이름 못 외워"" 방시혁, 뉴진스 홀대 논란에..BTS 뷔 과거발언 재...",https://sports.chosun.com/entertainment/2024-05-13/202405130100086770012207
2024.5.13,NewJeans,"""방시혁, 뉴진스 인사도 안 받아"" vs ""부모 앞세운 민희진 개탄""",https://www.joongang.co.kr/article/25248948
2024.5.13,NewJeans,"“방시혁, 뉴진스 인사 안 받아”…하이브 “일방적 주장”",https://www.seoul.co.kr/news/life/pop-culture/2024/05/13/20240513500094?wlog_tag3=naver
2024.5.13,NewJeans,가처분 결과가 분수령…‘하이브vs민희진’ 운명은,http://www.edaily.co.kr/news/newspath.asp?newsid=03070086638888592
2024.5.13,NewJeans,민희진 난' 하이브보다 JYP엔터 주주가 더 난리…주가 급락 '쇼크',http://news.mt.co.kr/mtview.php?no=2024051309063936821
2024.5.13,LE SSERAFIM,"""방시혁 의장, 뉴진스 인사 안 받아줘""…민희진 측 ""사실 맞다"" [공식입...",https://www.xportsnews.com/article/1858435
2024.5.13,NMIXX,"YG엔터 JYP엔터 심상찮은 실적부진, 아티스트 세대교체 적기 놓쳤나",https://www.businesspost.co.kr/BP?command=article_view&num=352033
2024.5.14,tripleS,"에스파→라이즈 등, 5월 경희대 축제 라인업 등 관심",http://www.topstarnews.net/news/articleView.html?idxno=15494160
2024.5.14,ITZY,표절 논란' 뉴진스·아일릿 동시 출격...K-WAVE 콘서트 '인기가요' 2차 ...,https://www.slist.kr/news/articleView.html?idxno=548666
2024.5.15,LE SSERAFIM,"가창력 논란 여파? 르세라핌, 라이브 피한 ""부득이한 상황"" 소환 [엑's 이...",https://www.xportsnews.com/article/1859238
2024.5.15,ITZY,"있지(ITZY), 日 싱글 3집 발매…긍정적 '알고리듬'",https://www.newsis.com/view/?id=NISX20240515_0002735855&cID=10601&pID=10600
2024.5.16,LE SSERAFIM,"하이브-어도어, 아티스트 보호도 극과극…""멤버들 총알받이"" vs ""라이브...",http://www.topstarnews.net/news/articleView.html?idxno=15495116
2024.5.16,ITZY,"있지(Itzy),’아침햇살에 빛나는 미모’ [O! STAR 숏폼]",http://www.osen.co.kr/article/G1112336535
2024.5.16,ITZY,있지 유나 '여신 비주얼'[엑's HD포토],https://www.xportsnews.com/article/1859343
2024.5.17,LE SSERAFIM,[단독]민희진 ‘내부고발’은 하이브의 ‘음반밀어내기’였다,https://sports.khan.co.kr/news/sk_index.html?art_id=202405171329023&sec_id=540101&pt=nv
2024.5.17,LE SSERAFIM,민희진 “뉴진스 차별” vs 하이브 “경영권 탈취”… 법정서 80분간 충...,https://www.seoul.co.kr/news/life/pop-culture/2024/05/17/20240517500088?wlog_tag3=naver
2024.5.17,IVE,"논란의 피식대학, 장원영 편 섬네일도 문제? “노림수”vs“억지” 시끌",https://sports.khan.co.kr/news/sk_index.html?art_id=202405171725003&sec_id=540101&pt=nv
2024.5.17,NMIXX,"엔믹스 해원, 앗! 눈부셔! [SE★포토]",https://www.sedaily.com/NewsView/2D982M79U2
2024.5.18,IVE,"해외팬도 ""불쾌""..'피식대학', 지역비하 이어 '장원영 썸네일' 논란 [Oh!...",http://www.osen.co.kr/article/G1112337876
2024.5.18,NMIXX,"장영란, 회식 따돌림 해명 ""강호동 욕 안 했으면..악플 미안"" ('아는형님...",https://sports.chosun.com/entertainment/2024-05-18/202405180100120750017517
2024.5.19,NewJeans,"민희진 ""네이버·두나무 인수 제안 NO…뉴진스와 더 돈독""",https://www.nocutnews.co.kr/news/6146773?utm_source=naver&utm_medium=article&utm_campaign=20240519050831
2024.5.19,NewJeans,"하이브, 민희진 입장 반박..""뉴진스 비하 발언 증거有"" [전문][공식]",https://www.starnewskorea.com/stview.php?no=2024051917522060673
2024.5.19,NewJeans,"[왓IS] 민희진 “나는 하이브 내 은따였다, 뉴진스 카톡도 짜깁기”",https://isplus.com/article/view/isp202405190176
2024.5.19,NewJeans,"민희진 대표, “뉴진스와 단단함으로 뭉쳐있다”…의혹 직접 해명",https://news.kbs.co.kr/news/pc/view/view.do?ncd=7966591&ref=A
2024.5.19,NewJeans,민희진 “하이브 제시 증거는 불법 자료...뉴진스완 더 단단해져”,https://www.mk.co.kr/article/11019070
2024.5.19,NewJeans,"하이브 ""민희진, 감정 호소로 본질 흐려…자료 짜깁기한 적 없다""",https://www.joongang.co.kr/article/25250282
2024.5.19,NewJeans,민희진 “네이버·두나무와는 사적 만남...어도어 인수 제안 없었다”,https://www.chosun.com/culture-life/culture_general/2024/05/19/XC5JGHMT6FGKHOTQZK7SNZNK3E/?utm_source=naver&utm_medium=referral&utm_campaign=naver-news
2024.5.19,IVE,장원영 '시끌'·티파니영 '불똥'…'피식대학 논란' 안 끝났다 [엑's 이슈...,https://www.xportsnews.com/article/1860437
2024.5.19,NMIXX,"엔믹스 해원, 라이브 논란 걱정 없어 ""JYP, 핸드 마이크 고집··다리 찢...",http://www.osen.co.kr/article/G1112338934
2024.5.19,NMIXX,"엔믹스, 6인6색 공항패션...누가 잘 입었나?",https://www.mhns.co.kr/news/articleView.html?idxno=593144
2024.5.20,NewJeans,"경찰, '업무상 배임' 민희진 고발한 하이브측 이번주 조사",https://www.yna.co.kr/view/AKR20240520077500004?input=1195m
2024.5.20,NewJeans,"""텐프로도 감사했냐""…'하이브-민희진' 싸움에 가수들 '피멍' [연계소문...",https://www.hankyung.com/article/2024051756247
2024.5.20,NewJeans,"하이브 ""민희진 '경영권 탈취' '아티스트 비하' 명백한 증거 有""",https://www.nocutnews.co.kr/news/6146893?utm_source=naver&utm_medium=article&utm_campaign=20240520094941
2024.5.20,LE SSERAFIM,"""힘들겠다""…르세라핌 홍은채, 과거 학생 조롱 발언→밈으로 자리 잡나",http://www.topstarnews.net/news/articleView.html?idxno=15496535
2024.5.20,IVE,피식대학' 이번엔 장원영 성희롱 논란…섬네일 보니 [이슈+],https://www.hankyung.com/article/2024052094397
2024.5.20,IVE,"피식대학, `장원영 성희롱` 논란 커지자 결국 섬네일 교체…""다른 의도...",https://www.dt.co.kr/contents.html?article_no=2024052002109919036010&ref=naver
2024.5.20,IVE,"피식대학' 영양 비하 논란 7일 만에 사과, 장원영 썸네일 논란은 침묵...",http://www.tvdaily.co.kr/read.php3?aid=17161721851711171002
2024.5.20,IVE,"아이브 리즈, '복면가왕' 모래시계 맹활약..확신의 메인보컬",https://www.starnewskorea.com/stview.php?no=2024052009084817274
2024.5.20,IVE,"기성용♥' 한혜진, 아이브 안유진과 '해야' 챌린지 도전 ""우리 딸 최애...",http://www.topstarnews.net/news/articleView.html?idxno=15496551
2024.5.20,NMIXX,엔믹스 규진 ‘멋쁨 폭발’[포토엔HD],https://www.newsen.com/news_view.php?uid=202405201947083510
2024.5.20,STAYC,"스테이씨, 컴백 초읽기[공식]",https://sports.khan.co.kr/news/sk_index.html?art_id=202405201221003&sec_id=540101&pt=nv
2024.5.20,STAYC,"[단독] 1년 만에 컴백…'글로벌 대세' 스테이씨, 7월 신보 발표",https://www.news1.kr/articles/5419768
2024.5.21,tripleS,"쇼! 챔피언', 출연진 라인업 보니? 제로베이스원 컴백→트리플에스까지",http://www.topstarnews.net/news/articleView.html?idxno=15497154
2024.5.21,NewJeans,4색으로 경복궁 수놓은 뉴진스…민희진-하이브 분쟁 후 첫 무대,https://www.yna.co.kr/view/AKR20240521159700005?input=1195m
2024.5.21,NewJeans,"뉴진스, 힙합은 어떨까…통통 튀는 ‘How Sweet’",https://sports.khan.co.kr/news/sk_index.html?art_id=202405210853003&sec_id=540301&pt=nv
2024.5.21,aespa,"에스파, ‘아마겟돈’으로 보여줄 폭넓은 스펙트럼",https://sports.donga.com/article/all/20240521/125039169/1
2024.5.21,aespa,"에스파, 같은 장르도 다른 느낌으로…폭넓은 스펙트럼 자랑",https://www.etnews.com/20240521000151
2024.5.21,LE SSERAFIM,"日 매체 ""라인사태로 불붙은 반일감정 '르세라핌'에 불똥""",https://zdnet.co.kr/view/?no=20240521093422
2024.5.21,LE SSERAFIM,"르세라핌 허윤진 화보, 다채로운 매력 대방출..이러니 안 반해?",http://www.breaknews.com/1033355
2024.5.21,IVE,"아이브, 강렬한 마법의 주문…'아센디오' 안무",https://www.newsis.com/view/?id=NISX20240521_0002742698&cID=10601&pID=10600
2024.5.21,IVE,"모두를 홀리는 주문…아이브, '아센디오' 퍼포먼스 화제",https://www.newsculture.press/news/articleView.html?idxno=548344
2024.5.21,tripleS,"[사진]트리플에스,'화려한 무대'",http://www.osen.co.kr/article/G1112340013
2024.5.21,tripleS,[TD포토] 트리플에스 '과감한 크롭탑',http://www.tvdaily.co.kr/read.php3?aid=17162875011711336017
2024.5.21,tripleS,"[X why Z] 트리플에스, 비상할 때가 왔다!",https://isplus.com/article/view/isp202405200115
2024.5.21,Kep1er,"케플러, 정규 1집 콘셉트 포토…상큼 발랄",https://www.newsis.com/view/?id=NISX20240521_0002742164&cID=10601&pID=10600
2024.5.21,Kep1er,"케플러, 영화같은 정규 1집 'Kep1going On' 첫 번째 콘셉트 포토",https://www.cbci.co.kr/news/articleView.html?idxno=467592
2024.5.21,FIFTY FIFTY,"[더벨]'피프티피프티 소속사' 어트랙트, 투자유치 나선다",https://www.thebell.co.kr/free/content/ArticleView.asp?key=202405200900526940103683
2024.5.21,FIFTY FIFTY,김호중 비공개 출석이 “평상시대로”라는 강남署의 거짓말,https://www.chosun.com/national/national_general/2024/05/21/KRMMDOPSCRB7DIUPGLWMKXVTGE/?utm_source=naver&utm_medium=referral&utm_campaign=naver-news
2024.5.21,STAYC,"‘열린음악회’ 스테이씨, ‘Teady Bear’→‘Bubble’까지···글로벌 K...",https://sports.khan.co.kr/news/sk_index.html?art_id=202405210319003&sec_id=540301&pt=nv
2024.5.22,LE SSERAFIM,"르세라핌 홍은채 '조롱 밈' 갑론을박…""저격""vs""확대 해석"" [엑's 이슈]",https://www.xportsnews.com/article/1861195
2024.5.23,NMIXX,실력으로 치고 나가는 '3대장' 엔믹스·키오프·베몬,https://www.ize.co.kr/news/articleView.html?idxno=61304
2024.5.25,NewJeans,민희진·하이브 갈등 속 뉴진스 굳건…'하우 스위트' 첫날 81만장,http://www.mbn.co.kr/pages/news/newsView.php?news_seq_no=5029134
2024.5.25,LE SSERAFIM,"하이브ㆍ민희진, 탄원서 제출 경쟁…방시혁 vs 뉴진스 팬덤",http://enter.etoday.co.kr/news/view/259683
2024.5.25,NewJeans,"""90년대 콘셉트 돌아와서 기뻐""…멕시코 진스, 뉴진스 샤라웃→표절 의...",http://www.topstarnews.net/news/articleView.html?idxno=15498957
2024.5.26,NewJeans,"""민희진 해임 반대 탄원서, 내가 냈다""…침착맨 '분노'",https://www.hankyung.com/article/2024052640317
2024.5.26,LE SSERAFIM,"""해명할 일 NO"" 침착맨, 민희진 해임 반대 탄원서 제출 인정",https://news.jtbc.co.kr/article/article.aspx?news_id=NB12197952
2024.5.26,LE SSERAFIM,하이브 VS 어도어 극한 탄원서 경쟁 속 에스파 밟지 못한 ‘음원퀸’ 뉴...,https://www.sportsseoul.com/news/read/1432010?ref=naver
2024.5.27,NewJeans,"뉴진스 신곡 ‘하우 스위트’ 뮤비, 유튜브서 연령제한 콘텐츠 분류",https://www.hani.co.kr/arti/culture/culture_general/1142218.html
2024.5.27,NewJeans,"뉴진스, 'How Sweet' 뮤직비디오 연령제한 분류…하이브 측 ""무관한 일""",http://www.topstarnews.net/news/articleView.html?idxno=15499631
2024.5.27,NewJeans,"민희진, 뉴진스 1조·'쩐주' 찾기가 CEO 사담 맞나 [Oh!쎈 초점]",http://www.osen.co.kr/article/G1112343997
2024.5.27,NewJeans,"""민희진×뉴진스 돈독해""…침착맨이 밝힌 탄원서 이유",https://www.nocutnews.co.kr/news/6150815?utm_source=naver&utm_medium=article&utm_campaign=20240527115821
2024.5.27,NewJeans,"[단독] ""뉴진스 가치는 1조, 하이브 힘들면 어도어 자유""…민희진·이 부...",http://www.tvdaily.co.kr/read.php3?aid=17167770001711839010
2024.5.27,LE SSERAFIM,"침착맨, 민희진 해임 반대 탄원서 낸 까닭",https://www.newsis.com/view/?id=NISX20240526_0002748725&cID=10601&pID=10600
2024.5.27,IVE,"“한국이 중국 문화를 훔쳤다”…中 방송인, 혐한 ‘망언’ 논란",https://news.heraldcorp.com/view.php?ud=20240527050457
2024.5.27,IVE,"피식대학·오킹, 줄줄이 '논란'…'연예인 아니니까 괜찮다?' [이슈+]",https://www.hankyung.com/article/2024052757277
2024.5.30,LE SSERAFIM,"어도어 민희진, 하이브 의결권 금지 가처분 소송 이겼다[속보]",https://www.starnewskorea.com/stview.php?no=2024053010413633291
2024.5.30,LE SSERAFIM,"하이브vs민희진 갈등, 오늘 최대 분수령..가처분 인용 여부 촉각",http://www.fnnews.com/news/202405292351569825
2024.5.30,LE SSERAFIM,"[지배구조 톺아보기] ‘민희진과 한판’ 막강한 하이브 1인자 방시혁, 견...",https://biz.chosun.com/industry/business-venture/2024/05/30/MPYCPZU2ANA6BFK7MVMI742XJY/?utm_source=naver&utm_medium=original&utm_campaign=biz
2024.5.30,IVE,"혐한+아이브 뮤비 음모론' 장위안, 논란 자업자득? ""한국 일정 모두 취...",http://www.topstarnews.net/news/articleView.html?idxno=15500782
2024.5.30,IVE,"‘혐한 논란’ 장위안 “객관적 의견 표현, 입장 철회 X”[종합]",https://sports.khan.co.kr/news/sk_index.html?art_id=202405301607003&sec_id=540101&pt=nv
2024.6.1,NewJeans,"""뉴진스 위해 한 수 접겠다"" 화해 요청한 민희진의 속내…'묵묵부답' 하...",https://view.asiae.co.kr/article/2024060122300706390
2024.6.1,NewJeans,"""살 못빼서 혼나는 초딩"" 민희진 대표..뉴진스 뒷담화 카톡 논란 해명 [...",http://www.osen.co.kr/article/G1112347595
2024.6.1,LE SSERAFIM,"르세라핌 쏙 빠진 대학축제…""안 하나 vs 못하나"" 시끌 [MD이슈]",https://mydaily.co.kr/page/view/2024060101351604286
2024.6.1,tripleS,"""오타니 고의사구 맞히겠다 발언하더니""…日 언론, '고우석 방출대기' ...",https://www.xportsnews.com/article/1865128
2024.6.1,STAYC,YG는 가만히라도 있지…라이브 못하는 하이브·오버한 JYP [엑's 초점],https://www.xportsnews.com/article/1865065
2024.6.2,NewJeans,"기사회생 민희진, '미소' 보였지만…갈등 아직 안 끝났다",https://www.newsis.com/view/?id=NISX20240601_0002757127&cID=10201&pID=10200
2024.6.2,NMIXX,"‘가창력 논란’ 없다…핸드마이크 베몬, 음향사고 엔믹스까지",https://www.kmib.co.kr/article/view.asp?arcid=0020162008&code=61181611&cp=nv
2024.6.3,NewJeans,"하이브 갈등' 민희진 ""조만간 만나요""…바다·유진에 화답",https://www.hankyung.com/article/2024060329817
2024.6.3,NewJeans,"[단독]‘배신’은 하이브가 했을까, 민희진이 했을까",https://sports.khan.co.kr/news/sk_index.html?art_id=202406031328003&sec_id=540101&pt=nv
2024.6.3,NewJeans,"""하이브, 민희진에 걸 내용 없는데, '무고' 무혐의 조언"" 변호사 분석 보...",http://www.fnnews.com/news/202406030842315907
2024.6.3,LE SSERAFIM,[현장의 시각] 민희진이 쏘아 올린 아일릿 논쟁,https://biz.chosun.com/opinion/leader_column/2024/06/03/QA2BTTKOGFCSZPGOHG5HNGANFE/?utm_source=naver&utm_medium=original&utm_campaign=biz
2024.6.3,IVE,"에스파와 아이브 모두 가진 카카오엔터, 상장 가능할까? [여기 힙해]",https://www.chosun.com/economy/money/2024/06/03/B2JJKM3Q5NAUJDB5PQFEGKA5HE/?utm_source=naver&utm_medium=referral&utm_campaign=naver-news
2024.6.4,STAYC,"대학 축제시즌에 앨범 준비한 르세라핌, '실력 논란' 벗어날 기회 놓쳤...",https://tenasia.hankyung.com/article/2024060447004
2024.6.5,NewJeans,[Y초점] 반토막 난 뉴진스 'How Sweet' 판매량…좋은 시그널은 아니다,https://star.ytn.co.kr/_sn/0117_202406051457168310
2024.6.7,LE SSERAFIM,"르세라핌 악플러, 형사처벌 받았다…""대응 계속 선처 없다""",https://www.newsis.com/view/?id=NISX20240607_0002764326&cID=10601&pID=10600
2024.6.7,LE SSERAFIM,르세라핌 코첼라 참사에 “가능성 있는 다른 뮤지션 자리 사라져”,https://sports.khan.co.kr/news/sk_index.html?art_id=202406071709003&sec_id=540301&pt=nv
2024.6.9,NewJeans,"“민희진은 하이브 떠나라” BTS 해외팬, 국제청원 5만명 육박",https://www.chosun.com/international/international_general/2024/06/09/KULYMO3DNVCC5PSV7DJKDV5YJE/?utm_source=naver&utm_medium=referral&utm_campaign=naver-news
2024.6.9,NewJeans,"""민희진, 하이브 떠나라"" 국제 청원에 5만명 동참했다",https://www.sedaily.com/NewsView/2DAECH403G
2024.6.10,NewJeans,"아일릿 소속사, 뉴진스 프로듀서 민희진에 민사소송도 제기(종합)",https://www.newsis.com/view/?id=NISX20240610_0002767039&cID=10601&pID=10600
2024.6.10,NewJeans,"아일릿 소속사' 빌리프랩 ""민희진, 뉴진스 사유화 과정에서 표절 논란...",https://tenasia.hankyung.com/article/2024061062884
2024.6.10,NewJeans,"""소속사가 이런 영상을""…빌리프랩, 고소 진행 상황→민희진 대표의 아...",http://www.topstarnews.net/news/articleView.html?idxno=15505184
2024.6.10,NewJeans,"""민희진, 하이브 떠나라""…BTS 아미 국제청원 5만명 돌파",https://www.newsis.com/view/?id=NISX20240610_0002766236&cID=50404&pID=50400
2024.6.10,NewJeans,"아일릿 소속사, 민희진에 추가소송…""가처분은 표절사안과 무관""",https://www.yna.co.kr/view/AKR20240610138400005?input=1195m
2024.6.10,NewJeans,"아일릿 소속사, 민희진에 추가 소송…“가처분 인용은 표절 사안과 무관...",https://news.heraldcorp.com/view.php?ud=20240610050659
2024.6.10,NewJeans,"국민연금, '밸류업 1호' 키움증권 담고 하이브 덜어냈다",https://www.news1.kr/articles/5440521
2024.6.10,IVE,“시간이 없어서?” 안유진에게 그런 변명은 없다 [김지혜의 사심만땅],https://isplus.com/article/view/isp202406080105
2024.6.10,NMIXX,"""악질 렉카 제보합니다""…빌리프랩, 표절 반박 영상에 엔믹스 팬 JYP에 ...",http://www.topstarnews.net/news/articleView.html?idxno=15505324
2024.6.10,NMIXX,"빌리프랩, 민희진 추가 고소 ""아일릿 욕하라고 좌표 찍어, 용서 어렵다...",https://www.spotvnews.co.kr/news/articleView.html?idxno=684200
2024.6.11,IVE,빌리프랩 '아일릿 카피' 해명 영상이 더 논란...엎친 데 덮친 격,https://www.ajunews.com/view/20240611144211480
2024.6.12,tripleS,“K팝 금기 건드려” 업계도 경악한 빌리프랩의 ‘해명 영상’,https://ilyo.co.kr/?ac=article_view&entry_id=473776
2024.6.12,NMIXX,빌리프랩 '아일릿 표절 반박영상' 역풍… 요점 어긋난 해명,https://www.ngetnews.com/news/articleView.html?idxno=507409
2024.6.13,NewJeans,"크래프톤 뉴진스 협업 아이템 확률 논란…""보상안 마련 중""(종합)",https://www.yna.co.kr/view/AKR20240613058451017?input=1195m
2024.6.13,NewJeans,"배그·배그 모바일, 뉴진스와 협업…확률 문구 오류 보상안 마련",https://zdnet.co.kr/view/?no=20240613161922
2024.6.13,LE SSERAFIM,"제2의 탈덕수용소?’ 이슈피드, 돌연 채널 폐쇄 왜?..추정 수익만 21억...",http://www.osen.co.kr/article/G1112356318
2024.6.13,LE SSERAFIM,"""부족한 건 점점 채워가면 돼""…르세라핌 홍은채, 김연자 진심 어린 조...",http://www.topstarnews.net/news/articleView.html?idxno=15506685
2024.6.14,STAYC,"[정빛의 그저, 빛] '내손내만'이 붙인 (여자)아이들vs(여자)아이들",https://sports.chosun.com/entertainment/2024-06-14/202406130100098550013219
2024.6.14,ITZY,"ITZY, 두번째 월드투어 미주 단독 콘서트 시작",http://news.mt.co.kr/mtview.php?no=2024061414192611643
2024.6.15,LE SSERAFIM,"뉴진스-아일릿 팬 싸움 붙인 소속사, 이성 잃은 악플러…걸그룹 판은 요...",https://www.hankookilbo.com/News/Read/A2024061419120000736?did=NA
2024.6.15,ITZY,"있지(ITZY), 두 번째 월드투어 미주 공연 상쾌한 출발",https://www.cbci.co.kr/news/articleView.html?idxno=469339
2024.6.16,NewJeans,돈 썼는데 뉴진스 왜 안 나와? 크래프톤 확률 논란에 시끌시끌,https://www.mk.co.kr/article/11041768
2024.6.16,LE SSERAFIM,정신 못 차리고 설치는 꼴…르세라핌·아일릿 '전쟁 선포' 눈치無 악플...,https://www.xportsnews.com/article/1870586
2024.6.16,LE SSERAFIM,"르세라핌, 가창력 논란 정면 돌파…위버스콘서 히트곡 퍼레이드",https://tenasia.hankyung.com/article/2024061691564
2024.6.17,NewJeans,"경찰 ""하이브측 조사 마무리…민희진측 이번주 소환 조사""",https://www.imaeil.com/page/view/2024061712181234807
2024.6.17,NewJeans,경찰 '업무상 배임 혐의' 민희진 측 첫 소환조사(종합),https://www.yna.co.kr/view/AKR20240617075051004?input=1195m
2024.6.17,NewJeans,[박종면칼럼] '경제의 사법화'와 오너경영의 종언,https://www.bloter.net/news/articleView.html?idxno=617758
2024.6.17,IVE,"피식대학, 논란 한 달만에 구독자 23만 이탈→영양군 자체홍보 영상 '맞...",https://sports.chosun.com/entertainment/2024-06-17/202406170100126750017006
2024.6.17,IVE,"표절 주장'에 대한 빌리프랩 대응, 이게 문제다",https://www.ohmynews.com/NWS_Web/View/at_pg.aspx?CNTN_CD=A0003038812&CMPT_CD=P0010&utm_source=naver&utm_medium=newsearch&utm_campaign=naver_news
2024.6.17,NMIXX,보는 사람 민망한 방 의장의 가요대통합[스경연예연구소],https://sports.khan.co.kr/news/sk_index.html?art_id=202406171817003&sec_id=540101&pt=nv
2024.6.17,ITZY,"박세리·박수홍 논란 속...이채연·키·아이유, 직접 돈 관리하는 ★ [종...",https://www.tvreport.co.kr/breaking/article/816660/
2024.6.18,LE SSERAFIM,[Invest]결국 결말은 이별?…하이브-민희진 꺼지지 않은 불씨,https://www.investchosun.com/site/data/html_dir/2024/06/18/2024061880101.html
2024.6.18,ITZY,"이진호, ITZY 채령 유튜브 게스트 출격 '개그 특훈'",https://www.xportsnews.com/article/1871229
2024.6.18,aespa,"에스파 때문에 부부 싸움…""아이돌 좋아해 변태라네요""",https://www.newsis.com/view/NISX20240618_0002776382
2024.6.19,STAYC,"[주하영 365칼럼] 사회불안장애와 SNS, 거짓말에 대한 질문...뮤지컬 '디...",http://www.interview365.com/news/articleView.html?idxno=108065
2024.6.19,IVE,"아이브, 월드투어 유럽 공연 마무리…英 O2 아레나 입성",https://www.news1.kr/articles/5451854
2024.6.20,IVE,"아일릿, '뉴진스 표절 의혹' 딛고 승승장구…'마그네틱' 뮤비 1억 뷰 돌...",http://www.topstarnews.net/news/articleView.html?idxno=15509120
2024.6.20,NMIXX,"중장기 성장 약점' JYP, 잡히지 않는 바닥",http://www.newstomato.com/ReadNews.aspx?no=1233212&inflow=N
2024.6.20,NewJeans,뉴진스 캐릭터에 수영복 입히고 성희롱 영상 촬영…뿔난 어도어,https://view.asiae.co.kr/article/2024062019561161333
2024.6.20,NewJeans,“마음대로 비키니 입혔다”…뉴진스 성희롱에 뿔난 크래프톤·어도어,https://www.mk.co.kr/article/11047296
2024.6.20,aespa,"에스파 ‘Supernova’ 롱런, 써클차트 4주 연속 4관왕",https://sports.donga.com/article/all/20240620/125530725/1
2024.6.20,aespa,"에스파, 차트 밟은 '슈퍼노바'..써클차트 4주 연속 4관왕",https://www.starnewskorea.com/stview.php?no=2024062010531817957
2024.6.20,FIFTY FIFTY,"피프티 피프티 소속사, 팀 이탈 3인 상대 130억 규모 손배소 시작…8월 ...",https://www.news1.kr/articles/5453470
2024.6.20,FIFTY FIFTY,"‘피프티 130억 소송’ 첫 재판, 8월 29일 열린다",https://www.mk.co.kr/article/11046544
2024.6.20,FIFTY FIFTY,"시몬스 침대, ‘트렌드 콘서트 2024’ 개최…올해 주제 ‘영피프티’",http://theviewers.co.kr/View.aspx?No=3273006
2024.6.20,STAYC,"스테이씨, 발칙한 변신 콘셉트 사진 공개",https://sports.donga.com/article/all/20240620/125530693/1
2024.6.20,STAYC,"스테이씨, 핫&쿨 확신의 전원 센터 비주얼",http://www.osen.co.kr/article/G1112360762
2024.6.21,NewJeans,"""이런 짓 하라고 나온 것 아닌데""…배그, 뉴진스 성희롱성 컨텐츠 '제재...",http://www.inews24.com/view/np/1733387
2024.6.21,NewJeans,"""비키니 입히고 인증샷""…배틀그라운드, 뉴진스 성희롱 논란",https://www.newsis.com/view/NISX20240621_0002781512
2024.6.21,NewJeans,"[IS포커스] 뉴진스, 日 정식 데뷔…국경 초월 Y2K 감성 승부수",https://isplus.com/article/view/isp202406200101
2024.6.21,NewJeans,"""뉴진스 성희롱 대응""…야한 옷 입히던 게임 유저들 '단속'",https://www.hankyung.com/article/2024062115097
2024.6.21,NewJeans,"뉴진스, 오늘 '슈퍼내추럴' MV 공개…어도어 ""2편으로 제작""",https://www.news1.kr/articles/5455063
2024.6.21,aespa,"포켓몬 고, ‘에스파’ 서울 콘서트에 홍보 부스 마련한다",https://economist.co.kr/article/view/ecn202406210022
2024.6.21,aespa,"에이티즈·아일릿·에스파, 한터 국가별 차트 정상",https://www.mk.co.kr/article/11047410
2024.6.21,aespa,미수단' 열정 막내 예능 샛별 에스파 카리나,https://news.jtbc.co.kr/article/article.aspx?news_id=NB12201992
2024.6.21,aespa,"포켓몬 고, ‘에스파’ 월드 투어에 등장!",https://kbench.com/?q=node/257264
2024.6.21,aespa,"에스파 ‘쇠맛’ 이어 레드벨벳 ‘어마어마한 맛’…SM, 맛의 향연 예고",https://isplus.com/article/view/isp202406170064
2024.6.21,LE SSERAFIM,"[가요소식] 르세라핌, 日 아마존뮤직 '베스트 아티스트' K팝 1위",https://www.yna.co.kr/view/AKR20240621098200005?input=1195m
2024.6.21,LE SSERAFIM,"르세라핌, 日 '2024 상반기 베스트 아티스트' K-팝 부문 1위",https://news.jtbc.co.kr/article/article.aspx?news_id=NB12202120
2024.6.21,LE SSERAFIM,아이브·르세라핌·스키즈...‘SBS 가요대전 Summer’ 2차 라인업,https://www.mk.co.kr/article/11047987
2024.6.21,LE SSERAFIM,SBS 가요대전 Summer' 스키즈·아이브·르세라핌·이영지 출격 [공식],https://www.starnewskorea.com/stview.php?no=2024062114291729947
2024.6.21,IVE,"아이브, 다채로운 조합의 투샷 공개 [화보]",http://www.tvdaily.co.kr/read.php3?aid=17189335941715236010
2024.6.21,IVE,"아이브, 환상의 짝궁 누구?...""유닛 화보, 완전 럭키비키""",https://www.newsculture.press/news/articleView.html?idxno=550052
2024.6.21,IVE,"하나은행, 아이브 안유진 참여 ‘달달 하나 통장’ 광고 캠페인 On-Air",https://www.sportsseoul.com/news/read/1439265?ref=naver
2024.6.21,IVE,"하나은행, 아이브 안유진 참여 '달달 하나 통장' 광고 공개",https://www.econovill.com/news/articleView.html?idxno=658371
2024.6.21,NMIXX,엔믹스 지우 '금발이 찰떡'[엑's HD포토],https://www.xportsnews.com/article/1872823
2024.6.21,NMIXX,"엔믹스 지우, 러블리한 금발 [포토엔HD]",https://www.newsen.com/news_view.php?uid=202406211225055510
2024.6.21,tripleS,"트리플에스 글로우, 신곡 ‘내적 댄스’ 발매",https://sports.khan.co.kr/news/sk_index.html?art_id=202406211600003&sec_id=540301&pt=nv
2024.6.21,tripleS,"트리플에스, 이번 유닛은 '글로우'…김채원·설린·서아·지연 '내적댄스...",https://www.newsis.com/view/NISX20240621_0002781538
2024.6.21,Kep1er,"[포토]케플러 서영은, 양볼콕",https://www.mk.co.kr/article/11047673
2024.6.21,Kep1er,"케플러 김다연, 볼 콕",https://www.news1.kr/photos/view/?6717722
2024.6.21,Kep1er,"[ST포토] 케플러 최유진, 예쁨 가득",http://www.stoo.com/article.php?aid=94280580757
2024.6.21,FIFTY FIFTY,피프티피프티 상표권은 소속사가…키나 동의서 결정적 역할,https://www.newsis.com/view/NISX20240621_0002782000
2024.6.21,FIFTY FIFTY,"어트랙트, 31개국서 ‘피프티피프티’ 상표권 획득…現멤버 키나 동의 ...",https://isplus.com/article/view/isp202406210085
2024.6.21,STAYC,스테이씨 수민 ‘빨강머리 민~’[포토엔HD],https://www.newsen.com/news_view.php?uid=202406210904033510
2024.6.23,NewJeans,"배그' 뉴진스 캐릭터 성희롱 논란...뒤늦게 ""적극 대응""",https://www.ytn.co.kr/_ln/0103_202406231521080161
2024.6.24,NewJeans,[박종면칼럼] 돈으로 본 민희진,https://www.bloter.net/news/articleView.html?idxno=618102
2024.6.24,NewJeans,"공정위, ‘엔터 최초 대기업’ 하이브 현장 조사..지정자료 허위 제출 ...",http://www.breaknews.com/1040023
2024.6.24,IVE,마라탕후루' 챌린지 열풍에도…탕후루가게 하루에 2곳씩 폐업,https://www.yna.co.kr/view/AKR20240622042800030?input=1195m
2024.6.24,IVE,탕후루 가고 '이것' 온다...무슨 디저트? [짤e몽땅],http://mbn.mk.co.kr/pages/news/newsView.php?category=mbn00009&news_seq_no=5036424
2024.6.25,LE SSERAFIM,"【김형주, 장정민의 지속가능경영 스토리】 Hive를 통해 바라본 엔터테...",http://www.impacton.net/news/articleView.html?idxno=11840
2024.6.25,IVE,"피식대학·노빠꾸·싱글벙글, 계속된 실수...이대로면 다 죽는다 [리폿@...",https://www.tvreport.co.kr/repot/article/818493/
2024.6.26,IVE,"뉴진스측 ""경찰, 칼부림 협박글 수사 중…안전대책 강화""",https://view.asiae.co.kr/article/2024062610402432467
2024.6.27,STAYC,선 넘은 스테이씨 팬 공항소동···재이는 억울합니다,https://sports.khan.co.kr/news/sk_index.html?art_id=202406271720013&sec_id=540101&pt=nv
2024.6.28,NewJeans,“뉴진스에 피해만 없길” 日 ‘버니즈’가 말하는 ‘민희진 사태’[현...,https://sports.khan.co.kr/news/sk_index.html?art_id=202406280800003&sec_id=540301&pt=nv
2024.6.28,LE SSERAFIM,"[팝업★]""8월 말 목표"" 르세라핌, 여름 컴백대전 합류‥논란 딛고 상승...",http://biz.heraldcorp.com/view.php?ud=202406281334397183413_1
2024.6.28,LE SSERAFIM,"르세라핌, 코첼라 후 4개월만…8월 말 컴백→실력 논란 잠재울 수 있을...",http://www.topstarnews.net/news/articleView.html?idxno=15512220
2024.6.28,tripleS,상반기 밀리언셀러 걸 그룹 총 정리,https://woman.donga.com/3/all/12/5021638/1
2024.6.30,NewJeans,"“5번 뽑아도 꽝”…공정위, 확률 논란 ‘뉴진스 아이템’ 조사",https://www.donga.com/news/Economy/article/all/20240630/125697352/1
2024.7.1,NewJeans,"""뉴진스 콜라보할 땐 좋았는데""…'성희롱 논란' 역풍 맞은 크래프톤 [이...",https://www.hankyung.com/article/202407013645g
2024.7.1,NewJeans,"공정위, 배그-뉴진스 콜라보 아이템 '확률 논란' 조사 착수",https://www.newsis.com/view/NISX20240701_0002793107
2024.7.1,NewJeans,미성년자 아이돌을 전쟁터에 세우는 ‘배틀그라운드’의 ‘뉴진스’ 컬...,https://www.khan.co.kr/opinion/column/article/202407011508001
2024.7.1,NewJeans,"경찰 ""민희진 대표 측, 이번주 2차 피고발인 조사 예정""",https://www.newsis.com/view/NISX20240701_0002793465
2024.7.1,NewJeans,"[2024 상반기 가요계 결산] 하이브, 민희진 갈등부터 4세대 활약까지",https://www.mhns.co.kr/news/articleView.html?idxno=610303
2024.7.2,STAYC,‘핫걸’ 키오프·‘블링’ 베몬·‘반전’ 스테이씨…3色 ‘맛’있는 ...,https://isplus.com/article/view/isp202407010065
2024.7.2,ITZY,토종' 메가커피 vs '필리핀계' 컴포즈…韓저가커피 맞대결 새 국면,https://www.newsis.com/view/NISX20240702_0002795629
2024.7.3,NewJeans,"게임委 ""배그-뉴진스 콜라보 아이템 확률 논란 사실조사""",https://www.newsis.com/view/NISX20240703_0002797496
2024.7.3,NewJeans,배그 ‘뉴진스 아이템’ 논란… 게임 ‘확률형 아이템 정보공개’ 위반...,https://biz.chosun.com/it-science/ict/2024/07/03/BXTCTDTWWFGBBLAON5SCZT2XHI/?utm_source=naver&utm_medium=original&utm_campaign=biz
2024.7.4,LE SSERAFIM,"키스오브라이프 ""'Sticky'…대표곡 됐으면""[TF인터뷰]",http://news.tf.co.kr/read/entertain/2112612.htm
2024.7.4,IVE,걸그룹 향한 선 넘는 협박은 범죄..‘칼부림 예고’ 사람 목숨이 장난인...,https://www.newsen.com/news_view.php?uid=202407031629225410
2024.7.4,NMIXX,"엔믹스 앨범에 음란행위 한 남성…""진심으로 사과""",http://www.fnnews.com/news/202407040507402888
2024.7.4,NMIXX,"""K팝 걸그룹 앨범에 음란행위"" 영상 올린 대만 대학생 결국 사과",http://news.mt.co.kr/mtview.php?no=2024070405594078762
2024.7.8,NewJeans,"미성년자' 뉴진스 해린·혜인에게 수영복 입힌 배그 유저, 처벌 가능할...",https://www.ytn.co.kr/_ln/0103_202407080847018509
2024.7.8,NewJeans,"하이브, 목표주가 31.5만→29만-한투",http://www.fnnews.com/news/202407080554260576
2024.7.8,tripleS,"트리플에스, 공연 중 팬이 던진 부채 맞아 부상... ""다들 던지길래""",https://www.tvreport.co.kr/hot-issue/article/821048/
2024.7.8,tripleS,‘위험천만 행동’… 팬이 던진 부채에 맞은 트리플에스,https://www.kmib.co.kr/article/view.asp?arcid=0020282976&code=61181111&cp=nv
2024.7.8,tripleS,"김수현, 무대로 뛰어온 팬 때문에 팬미팅 '아수라장'...팬 문화 개선 필...",https://www.tvreport.co.kr/breaking/article/821162/
2024.7.9,IVE,"피식대학, 25만 명 잃고 신규 영상…논란 2개월 만",https://www.sportsworldi.com/newsView/20240709518053
2024.7.9,ITZY,"ITZY 리아, 활동 재개…하반기 신보 참여",http://news.tf.co.kr/read/entertain/2113927.htm
2024.7.9,FIFTY FIFTY,재정비 마친 '피프티 피프티'… 5인조 컴백 기대,https://www.moneys.co.kr/article/2024070917222015397
2024.7.10,NewJeans,PC방 가면 너도나도 ‘배틀그라운드’…크래프톤 실적 견인,https://www.etoday.co.kr/news/view/2378301
2024.7.10,IVE,"자숙 끝? '지역 비하 논란' 피식대학, 2달 만에 복귀…구독자 돌아올까",https://news.heraldcorp.com/view.php?ud=20240710050168
2024.7.10,IVE,알리ㆍ테무 이어 쉬인 ‘상륙’…규제에 맥못추는 K-이커머스,https://www.dnews.co.kr/uhtml/view.jsp?idxno=202407091138454130634
2024.7.10,STAYC,"2024 SBS 여름 가요대전', 이번엔 위조 티켓 막는다...최종 라인업 공개",https://www.mhnse.com/news/articleView.html?idxno=299769
2024.7.11,LE SSERAFIM,미세스 그린애플 X 니쥬가 부른 ‘점묘의 노래’ 반응 대폭발…니쥬는...,https://ilyo.co.kr/?ac=article_view&entry_id=475389
2024.7.12,Kep1er,개최 D-1' 케플러 日 콘서트 '켑원고잉' 기대,http://www.tvdaily.co.kr/read.php3?aid=17207455011717980010
2024.7.15,NewJeans,"[단독] 뉴진스, '하이브展' 불참 속사정",https://www.xportsnews.com/article/1881764
2024.7.15,NewJeans,"제니 또는 뉴진스처럼, 지금 유행하는 헤드 스카프",https://www.chosun.com/special/boutique/boutique-fashion/2024/07/15/SSJ6JJKDT5H6HA2FDTAQ6PHIJQ/?utm_source=naver&utm_medium=referral&utm_campaign=naver-news
2024.7.15,NewJeans,경찰 “민희진 추가 조사 필요… 확인할 내용 남아”,https://biz.chosun.com/topics/topics_social/2024/07/15/MIEQWQB3MVG5NMFMVZVDTWZZV4/?utm_source=naver&utm_medium=original&utm_campaign=biz
2024.7.15,NewJeans,"하이브' 쏘스뮤직, 민희진에 5억원 손배소",http://www.wowtv.co.kr/NewsCenter/News/Read?articleId=A202407150212&t=NN
2024.7.15,NewJeans,"[단독] ‘뉴진스 맘’ 민희진, 계속 웃을 수 있을까…쏘스뮤직, 민희진...",https://www.sportsseoul.com/news/read/1445818?ref=naver
2024.7.15,NewJeans,"아일릿·르세라핌 소속사, 민희진 고소…하이브는 전쟁터 [엑's 이슈]",https://www.xportsnews.com/article/1882078
2024.7.15,NewJeans,"민희진, 무한굴레… 경찰 추가 조사 →르세라핌 측 “손배소 제기” [종...",https://isplus.com/article/view/isp202407150190
2024.7.15,NewJeans,"서울청장 ""민희진 어도어 대표, 추가 조사 필요…확인할 내용 남아""",https://www.news1.kr/society/incident-accident/5479291
2024.7.15,LE SSERAFIM,"르세라핌 소속사' 쏘스뮤직, 민희진에 5억 원 손배소",http://mbn.mk.co.kr/pages/news/newsView.php?category=mbn00009&news_seq_no=5041995
2024.7.15,LE SSERAFIM,"‘르세라핌 소속사’ 쏘스뮤직, 민희진에 손해배상청구소송 제기",https://www.khan.co.kr/culture/culture-general/article/202407151718001
2024.7.15,LE SSERAFIM,"르세라핌 소속사' 쏘스뮤직, '뉴진스 엄마' 민희진 고소(공식)",http://www.joynews24.com/view/1742038
2024.7.15,LE SSERAFIM,"줄소송에 재소환까지 남은 민희진, 웃기엔 이르다?",https://www.ize.co.kr/news/articleView.html?idxno=62049
2024.7.15,LE SSERAFIM,[연합뉴스 이 시각 헤드라인] - 18:00,https://www.yna.co.kr/view/AKR20240715131200011?input=1195m
2024.7.15,IVE,"탈덕수용소 운영자 재판 불출석→결심공판 연기…法 ""또 안나오면 구속...",http://www.joynews24.com/view/1742066
2024.7.15,tripleS,"‘황제 경호’ 논란에도…변우석 ‘이클립스’, KM 차트 선호도 조사 1위",https://sports.khan.co.kr/news/sk_index.html?art_id=202407151611003&sec_id=540101&pt=nv
2024.7.15,NMIXX,"변우석, '과잉 경호 논란' 중에도 뜨거운 인기..'KM차트' 음원 1위",https://www.starnewskorea.com/stview.php?no=2024071516060737260
2024.7.15,FIFTY FIFTY,"피프티 피프티 전 멤버 3인, 어트랙트 '130억 대' 손해배상 소송에 전관...",http://www.topstarnews.net/news/articleView.html?idxno=15518430
2024.7.16,NewJeans,"‘르세라핌 소속사’ 쏘스뮤직, 민희진에 5억 손배소",https://www.seoul.co.kr/news/society/2024/07/16/20240716500010?wlog_tag3=naver
2024.7.16,aespa,에스파→전소미→리사... '뮤비 표절'로 몸살 난 연예계 [종합],https://www.tvreport.co.kr/breaking/article/823613/
2024.7.16,IVE,조회수에 인정사정없던 사이버렉카들 '쯔양 사태'로 정화될까,https://www.asiatime.co.kr/article/20240716500189
2024.7.16,STAYC,"이소라, '조현아 조롱' 신경 쓰였나? ""하고픈 거 해"" 적극 응원 [종합]",https://www.xportsnews.com/article/1882308
2024.7.16,Kep1er,"케플러, 9人 마지막 콘서트 성료 ""아낌없는 사랑 감사""",https://www.newsis.com/view/NISX20240716_0002812470
2024.7.16,Kep1er,"케플러, 9인 완전체 마지막 콘서트 성료 ""아낌 없는 사랑 감사""",https://www.news1.kr/entertain/music/5480234
2024.7.16,Kep1er,"케플러 출신 강예서·마시로, 9월 메이딘으로 재데뷔",https://www.tvreport.co.kr/breaking/article/823354/
2024.7.16,Kep1er,"케플러 예서·마시로, 143엔터 새 그룹 메이딘 합류",https://www.hankyung.com/article/202407166374H
2024.7.16,Kep1er,"[포토]케플러 김채현, 가려도 예쁨",http://biz.heraldcorp.com/view.php?ud=202407161202095009781_1
2024.7.17,NewJeans,"푸른 산호초' 하니, 멱살잡은 민희진…이 학교 올해도 '빵' 터졌네",http://news.mt.co.kr/mtview.php?no=2024071718021279426
2024.7.17,NewJeans,[영상] 방시혁 멱살 잡은 민희진? 의정부고 졸업사진 '화제',https://www.ohmynews.com/NWS_Web/View/at_pg.aspx?CNTN_CD=A0003046903&CMPT_CD=P0010&utm_source=naver&utm_medium=newsearch&utm_campaign=naver_news
2024.7.17,IVE,"억대 연봉이라더니 ""해명도 돈벌이""…조회수 목매는 렉카들",https://www.hankyung.com/article/202407170336i
2024.7.17,NMIXX,아육대' 2년만 부활…기대보다 우려되는 이유,https://www.sportsworldi.com/newsView/20240717515546
2024.7.18,NewJeans,"바람 잘 날 없는 뉴진스, 멕시코 걸그룹 이어 英 밴드 표절 시비 [이슈&...",http://www.tvdaily.co.kr/read.php3?aid=17212806381718739010
2024.7.18,aespa,"에스파, 美 빌보드 월드 앨범 1위→글로벌 9주 연속 차트인",https://www.mk.co.kr/article/11070188
2024.7.19,NewJeans,"저작권 무지한' 동구청, 뉴진스 2주년 생파 하루 전 취소 논란",https://www.nocutnews.co.kr/news/6180643?utm_source=naver&utm_medium=article&utm_campaign=20240719083120
2024.7.19,tripleS,트리플에스 ‘KCLF 2024’ 개막식 빛냈다,https://sports.khan.co.kr/news/sk_index.html?art_id=202407191555003&sec_id=540301&pt=nv
2024.7.20,IVE,쯔양 사태'부터 '나락보관소'까지[사이버레커 논란②],https://www.newsis.com/view/NISX20240719_0002817929
2024.7.20,tripleS,"[랭키파이 트렌드] 트리플에스, 4세대 여자 아이돌 1위 등극...2위는 뉴...",https://www.mhns.co.kr/news/articleView.html?idxno=615396
2024.7.20,FIFTY FIFTY,"NC, 8월 2~4일 워터 페스티벌…'피프티피프티' 키나 시구",https://www.news1.kr/sports/baseball/5485721
2024.7.21,IVE,‘더 매직스타’ 자체 최고 3.7%로 종영… 유호진 최종 우승,https://isplus.com/article/view/isp202407210020
2024.7.21,ITZY,"에스파 카리나, 1위가 체질",http://www.osen.co.kr/article/G1112380778
2024.7.21,ITZY,"있지 채령, 편안한 차림으로 입국 [포토엔HD]",https://www.newsen.com/news_view.php?uid=202407211845035510
2024.7.21,NewJeans,암투병 61세 일본인 남성...뉴진스 하니에 “감동·용기 줘 고맙다” 무...,https://www.mk.co.kr/article/11072415
2024.7.21,NewJeans,‘뉴진스 2주년’ 카페 열려던 지자체… 소속사 항의 받고 취소,https://www.chosun.com/national/national_general/2024/07/21/BYASYQKJARHDHKBR4WQWJZIW7M/?utm_source=naver&utm_medium=referral&utm_campaign=naver-news
2024.7.21,NewJeans,"[사진]뉴진스 다니엘,'시크'",http://www.osen.co.kr/article/G1112381139
2024.7.21,NewJeans,"뉴진스, 무결점 클로즈업",https://sports.hankooki.com/news/articleView.html?idxno=6869115
2024.7.21,NewJeans,"뉴진스, 즐거운 포토타임",https://www.yna.co.kr/view/PYH20240721068800013?input=1196m
2024.7.21,aespa,"에스파, 아이돌그룹 브랜드평판 1위...2위 아이브 3위 방탄소년단",https://www.polinews.co.kr/news/articleView.html?idxno=658235
2024.7.21,LE SSERAFIM,"[포토] 르세라핌 채원, 눈빛도 상큼",https://www.mk.co.kr/article/11072908
2024.7.21,LE SSERAFIM,포즈 취하는 르세라핌,https://www.newsis.com/view/NISI20240721_0020422777
2024.7.21,LE SSERAFIM,[포토] 르세라핌 카즈하 '청순 대명사',http://www.segye.com/newsView/20240721507795?OutUrl=naver
2024.7.21,IVE,"[포토] 아이브, 우리가 핫 걸",https://www.mk.co.kr/article/11072713
2024.7.21,IVE,"아이브 안유진, 3년 연속 가요대전 MC [SE★포토]",https://www.sedaily.com/NewsView/2DBTS8PSY6
2024.7.21,NMIXX,"[포토] 엔믹스 설윤, 청량 하트",http://enews.imbc.com/News/RetrieveNewsInfo/424574
2024.7.21,NMIXX,"[포토] 엔믹스, 밝음이 가득",https://www.mk.co.kr/article/11073069
2024.7.21,NMIXX,"[포토] 엔믹스 설윤, 공주님",https://isplus.com/article/view/isp202407210082
2024.7.21,STAYC,"[포토] 그룹 스테이씨, 블루카펫 마린룩",https://www.mk.co.kr/article/11072557
2024.7.21,STAYC,[포토] 스테이씨 윤 '섹시하게',http://www.segye.com/newsView/20240721507086?OutUrl=naver
2024.7.22,NewJeans,"뉴진스 표절 의혹 공식화…英 밴드, 손배 요구 이어 음악학자 고용 [이...",http://www.tvdaily.co.kr/read.php3?aid=17216051151719189010
2024.7.22,NewJeans,"잘 나가던 뉴진스, ‘버블검’ 표절 의혹 일파만파…과거 사례 비교해보...",https://www.sportsseoul.com/news/read/1447366?ref=naver
2024.7.22,LE SSERAFIM,"르세라핌, ""실력 늘었다"" 칭찬 쏟아져...코첼라 라이브 논란 극복 [종합...",https://www.tvreport.co.kr/music/article/825481/
2024.7.22,NMIXX,"아육대' 이게 최선인가…7MC 중 4명이 트로트 가수, 시청률과 정체성 사...",https://tenasia.hankyung.com/article/2024072201914
2024.7.22,STAYC,"[SC이슈]환골탈태 '가요대전', 이번엔 논란無…첫 여름축제 성료",https://sports.chosun.com/entertainment/2024-07-22/202407220100168110023917
2024.7.23,LE SSERAFIM,뉴진스 ‘멤버 뺏기’·표절 의혹…민희진 “허위 사실”,https://www.ichannela.com/news/main/news_detailPage.do?publishId=000000422873
2024.7.23,NewJeans,"뉴진스 측 ""'버블검' 표절 의혹 사실 아냐, 하이브 PR 문제 있다""(전문)",https://www.asiatoday.co.kr/view.php?key=20240723010014373
2024.7.23,NewJeans,"뉴진스 측, '버블검' 표절 제기에 ""코드진행·BPM·분위기 다 달라""",https://www.newsis.com/view/NISX20240723_0002821949
2024.7.24,LE SSERAFIM,"피소' 민희진, 하이브 측 맞고소…임원진에 명예훼손 혐의 소송",https://www.news1.kr/society/general-society/5490275
2024.7.25,aespa,"윤하, 때아닌 표절 논란…""인정할 건 인정해야"" [라스](종합)",https://mydaily.co.kr/page/view/2024072508554961801
2024.7.27,IVE,"성희롱 논란' 독 됐다…정가은→이경실·박나래, 이미지 추락 불가피 ...",https://tenasia.hankyung.com/article/2024072735144
2024.7.28,LE SSERAFIM,"쏘스뮤직, 민희진 5억 원대 손배소 그 후…르세라핌 1년 이상 노력 담은...",https://tenasia.hankyung.com/article/2024072839944
2024.7.28,NMIXX,"‘변우석 황제 경호’ 논란 그 후, 공항은 어떨까 [주간 샷샷샷]",https://www.sedaily.com/NewsView/2DBX0488AN
2024.7.28,Kep1er,"케플러, 'KCON LA 2024' 뜨겁게 달궜다",http://www.tvdaily.co.kr/read.php3?aid=17221256981720020010
2024.7.29,NewJeans,"어도어, 뉴진스 '버블 검' 표절 부인... ""흔히 찾아볼 수 있는 형태""",https://www.ggilbo.com/news/articleView.html?idxno=1040923
2024.7.29,NewJeans,"민희진 측 ""사내 성희롱 은폐 아냐…하이브가 '혐의없음' 종결""",https://www.hankyung.com/article/2024072961727
2024.7.29,NewJeans,하이브vs민희진 사태 3개월…줄소송 격화 양상,https://www.nocutnews.co.kr/news/6186292?utm_source=naver&utm_medium=article&utm_campaign=20240729082242
2024.7.29,LE SSERAFIM,김채원 생일에 근조화환이라니…‘민희진 수호’ 버니즈의 기행 [이슈&...,http://www.tvdaily.co.kr/read.php3?aid=17222362101720120010
2024.7.29,LE SSERAFIM,‘독기’ 다시 증명나선 르세라핌… 대중도 선입견 버려야 [IS시선],https://isplus.com/article/view/isp202407280066
2024.7.29,IVE,"장원영·쯔양·김건모, 사이버 렉카로 가장 피해 입은 것 같은 스타 1→...",https://www.mediapen.com/news/view/940916
2024.7.30,LE SSERAFIM,"과호흡·링거·눈물…르세라핌 다큐, ""감성팔이""vs""응원"" 엇갈린 반응 [...",https://www.xportsnews.com/article/1887710
2024.7.30,LE SSERAFIM,"""소리내기 무서워요""…'8월 컴백' 르세라핌, 다큐 공개 독 될까 득 될까...",https://tenasia.hankyung.com/article/2024073085264
2024.7.30,tripleS,"쇼! 챔피언', 하이라이트 출연진 라인업 보니? 제로베이스원→트리플에...",http://www.topstarnews.net/news/articleView.html?idxno=15525138
2024.7.31,NewJeans,"민희진 “하이브, 비방 멈춰라…사내 성희롱 은폐 아냐” 공개 카톡 내...",http://www.segye.com/newsView/20240731505923?OutUrl=naver
2024.8.4,NewJeans,"""사망 선고"" 시위까지…'민희진 vs 하이브' 싸움에 '피눈물' [김소연의 ...",https://www.hankyung.com/article/2024080281087
2024.8.4,IVE,"[SC이슈] 장원영, '원영적 저음' 이렇게 매력적이었나…완벽형 아이돌의...",https://sports.chosun.com/entertainment/2024-08-04/202408040100033050003999
2024.8.4,NMIXX,"신인상 정조준' 유니스→'실력 논란 극복' 르세라핌, 8월 걸그룹 뜨거...",https://tenasia.hankyung.com/article/2024080280754
2024.8.5,NewJeans,"""그냥 미쳐보자""…르세라핌, 라이브 논란 이후 첫 컴백→앨범 발매 일정...",http://www.topstarnews.net/news/articleView.html?idxno=15527280
2024.8.5,NewJeans,[자막뉴스] 갈 데까지 가는 하이브 집안싸움...'피로감' 가중,https://www.ytn.co.kr/_ln/0134_202408050641220788
2024.8.5,IVE,"고음폭발 안유진→중저음 장원영…아이브, '실력 논란' 옛말 됐다 [엑's...",https://www.xportsnews.com/article/1890012
2024.8.5,ITZY,"재계약 앞두고 의미심장→돌발발언…팬들 '철렁', 과대 해석이었을까 [...",https://www.xportsnews.com/article/1890160
2024.8.5,ITZY,"“돈을 줘야 움직이지” ITZY 류진, 소속사 JYP와 불화 해명 “웃자고 올...",https://www.newsen.com/news_view.php?uid=202408051642370410
2024.8.6,IVE,장원영은 되고 경찰은 안된다?...구글 정보공개 이중잣대 논란,http://www.newsworker.co.kr/news/articleView.html?idxno=342744
2024.8.6,ITZY,"ITZY 류진, 'JYP 갈등' 해명 후폭풍 설전ing…""굳이""vs""논란 오해"" [엑's ...",https://www.xportsnews.com/article/1890353
2024.8.10,STAYC,기후 전문 독립 매체에 퓰리처상 안긴 탐사보도,http://www.danbinews.com/news/articleView.html?idxno=27290
2024.8.11,NewJeans,"인기가요' (여자)아이들, 재계약 논란에도 뉴진스·키오프 제치고 1위 ...",http://www.stoo.com/article.php?aid=95412752337
2024.8.11,LE SSERAFIM,[열린라디오 YTN] 슈가 음주사고 - 르세라핌 다큐까지 한주간 아이돌 소...,https://www.ytn.co.kr/_ln/0101_202408110143199381
2024.8.11,IVE,"아이브, 더 강인해졌다…실력 제대로 증명한 '금의환향' 앙코르콘 [리뷰...",https://www.hankyung.com/article/202408116342H
2024.8.11,IVE,"지역 비하 논란' 피식대학, 김연경도 못 살렸다…구독자수 31만명↓",http://www.stoo.com/article.php?aid=95412388034
2024.8.12,NewJeans,"현대카드, 민희진 논란에 불똥...연례행사 강연 초청에 일부 시민들 항...",http://www.newsworker.co.kr/news/articleView.html?idxno=343412
2024.8.12,NewJeans,"""민희진이 나을 듯""…방시혁 '여자 BJ 구설수'에 뿔난 하이브 주주들",https://www.news1.kr/finance/general-stock/5508192
2024.8.12,LE SSERAFIM,"올림픽 끝! 엔믹스·르세라핌·프로미스나인, ‘서머퀸’ 2차전…돌파구...",https://www.sportsseoul.com/news/read/1453393?ref=naver
2024.8.12,ITZY,"있지(ITZY), 월드투어 피날레 장식 “세상에서 제일 행복한 사람”",https://sports.donga.com/article/all/20240812/126490259/1
2024.8.13,IVE,"장원영, 사생 피해 호소 ""처음 보는 사람이 카메라 밀어붙이면 당황스러...",https://sports.chosun.com/entertainment/2024-08-13/202408130100105370014153
2024.8.13,NMIXX,"과몰입인생사2' PD ""히딩크 편 당시 국대 감독 이슈, 이럴줄 몰랐다""",http://www.joynews24.com/view/1752524
2024.8.13,ITZY,"ITZY, 홍콩서 두번째 월드투어 피날레 ""믿지 덕분에 행복""",https://news.jtbc.co.kr/article/article.aspx?news_id=NB12210102
2024.8.14,NewJeans,민희진 논란 속 뉴진스 기록 추가…'쿠키' MV 1억뷰 돌파,https://www.xportsnews.com/article/1893428
2024.8.14,NewJeans,"민희진 ""하이브 질타 받자 등장""…어도어 퇴사자와 진실공방",http://mbn.mk.co.kr/pages/news/newsView.php?category=mbn00009&news_seq_no=5049420
2024.8.14,tripleS,"트리플에스 남팬, 지역 축제서 민폐 난동 논란…공연 중단까지?",http://www.topstarnews.net/news/articleView.html?idxno=15531493
2024.8.14,ITZY,"ITZY, 두 번째 월드투어 '본 투 비' 성료..글로벌 비상 알렸다",http://www.osen.co.kr/article/G1112396725
2024.8.15,IVE,독서는 정말 섹시하다 ‘텍스트힙’의 세계 [스페셜리포트],https://www.mk.co.kr/article/11089002
2024.8.15,ITZY,[영상] “여윳돈 있으면 JYP 무조건 사” 진영이형 믿었다면 ‘반토막’...,https://news.heraldcorp.com/view.php?ud=20240814050735
2024.8.16,NMIXX,"이찬원, '선정성→성 정체성 논란' 프레디 머큐리 인생에 과몰입 (과몰...",https://www.xportsnews.com/article/1894082
2024.8.16,ITZY,"[컬처콕 플러스] 트와이스·있지·엔믹스…JYP 걸그룹, 뭐가 다른지 분석...",https://www.etoday.co.kr/news/view/2391188
2024.8.16,FIFTY FIFTY,피프티 피프티 키나 “밤 길었다···이젠 햇살”,https://sports.khan.co.kr/news/sk_index.html?art_id=202408160814003&sec_id=540301&pt=nv
2024.8.16,STAYC,"스테이씨 윤, 오늘은 삐딱하게",https://www.news1.kr/photos/6828110
2024.8.16,STAYC,"스테이씨, 대만 잘 다녀 올게요",https://www.news1.kr/photos/6828102
2024.8.18,LE SSERAFIM,"""같이 미쳐보자"" 르세라핌, 논란 딛고 반전 서사 쓸 '크레이지'",https://www.spotvnews.co.kr/news/articleView.html?idxno=698281
2024.8.18,STAYC,광복절 기미가요 논란' 후폭풍 ing..'불후' 박경리 특집으로 새긴 민족...,http://www.osen.co.kr/article/G1112399126
2024.8.18,STAYC,스테이씨 에너지로 꽉 채운 주말…'음중'→'불후' 종횡무진 활약,https://www.hankyung.com/article/202408189191H
2024.8.19,NewJeans,[단독인터뷰] 어도어 A 부대표 본인 등판 “성희롱 안 했다”,https://www.sportsworldi.com/newsView/20240819500548
2024.8.19,NewJeans,"어도어 퇴사자 진실공방 ""민희진이 씌운 누명 벗을 것""",https://www.nocutnews.co.kr/news/6197950?utm_source=naver&utm_medium=article&utm_campaign=20240819060255
2024.8.19,NewJeans,"""민희진 지시가 부대표 소명서에 그대로""…어도어 전 직원 법적대응 예...",https://news.jtbc.co.kr/article/article.aspx?news_id=NB12211026
2024.8.19,NewJeans,"시나리오·거짓 자백·성희롱, 어도어 전 부대표의 3가지 그림자 [이슈&...",http://www.tvdaily.co.kr/read.php3?aid=17240242451722232010
2024.8.19,IVE,"아이브, '롤라팔루자' 이어 '서머소닉' 무대로 일본 열도 홀렸다",https://www.newspim.com/news/view/20240819000498
2024.8.19,IVE,"일본 공연 마친 아이브 ""잊지 못할 순간 안겨줘 감사""",https://www.newsis.com/view/NISX20240819_0002854302
2024.8.19,IVE,"아이브, 日 도쿄돔 9만 5천석 초고속 매진...열도 달군다",https://ent.sbs.co.kr/news/article.do?article_id=E10010291115&plink=ORI&cooper=NAVER
2024.8.19,IVE,아이브 日 ‘서머소닉’ 무대 찢었다,https://www.newsen.com/news_view.php?uid=202408191056321910
2024.8.19,IVE,"아이브, 체조 첫 입성 매진→9월 도쿄돔 매진 ‘커리어 하이’",https://www.mk.co.kr/article/11096048
2024.8.19,tripleS,"스트레이 키즈-트리플에스, 한터차트 8월 3주 차 주간차트 1위 등극…남...",http://www.globalepic.co.kr/view.php?ud=202408191411191131d3244b4fed_29
2024.8.19,FIFTY FIFTY,"피프티 피프티, 스페셜 라이브 클립 속 아름다운 화음",https://www.newsis.com/view/NISX20240819_0002854023
2024.8.19,FIFTY FIFTY,"피프티 피프티, 스페셜 라이브 클립 공개…완벽한 화음",https://www.news1.kr/entertain/music/5513932
2024.8.20,NewJeans,"“XX 치러 간다” 뉴진스, 또 테러 예고 당해... 숙소 특정까지 [종합]",https://www.tvreport.co.kr/breaking/article/832942/
2024.8.20,aespa,"‘쏘로리테’, 파리 올림픽이 추앙한 10인의 페미니스트 영웅들",https://www.womennews.co.kr/news/articleView.html?idxno=251078
2024.8.20,aespa,"에스파 ‘슈퍼노바’, 13주 연속 1위",https://sports.khan.co.kr/news/sk_index.html?art_id=202408200909003&sec_id=540301&pt=nv
2024.8.20,LE SSERAFIM,"르세라핌, 콘텐츠도 제대로 美쳤다",https://www.mk.co.kr/article/11096499?refer=portal
2024.8.20,LE SSERAFIM,"""그냥 한 번 미쳐보자"" 르세라핌, 콘텐츠도 美쳤다!",https://www.starnewskorea.com/stview.php?no=2024082007355942150
2024.8.20,LE SSERAFIM,"“르세라핌처럼 입어봐”…글로벌 라운지웨어 ‘젤라또 피케’, 한국 상...",https://www.munhwa.com/news/view.html?no=2024082001039910021006
2024.8.20,IVE,아이브부터 지코까지 '2024 케이 월드 드림 어워즈' 후끈,http://enews.imbc.com/News/RetrieveNewsInfo/427424
2024.8.20,NMIXX,"명창그룹' 엔믹스, 황홀한 라이브 콘텐트 첫 선",https://news.jtbc.co.kr/article/article.aspx?news_id=NB12211138
2024.8.20,tripleS,하이키·트리플에스·빅오션…K팝 新 라이징 주목 '뉴시스 한류엑스포',https://www.newsis.com/view/NISX20240820_0002855322
2024.8.20,tripleS,"스트레이 키즈·트리플에스, 남다른 화력…한터차트서 활약",https://www.asiatoday.co.kr/view.php?key=20240819010009971
2024.8.20,FIFTY FIFTY,[IS포커스] 다시 출발선 위에…피프티 피프티 2기 성공 가능성은,https://isplus.com/article/view/isp202408190059
2024.8.21,IVE,"영양군 비하 논란'에 조회수 '뚝'…피식대학, 파격 행보",https://www.hankyung.com/article/2024082149717
2024.8.21,NewJeans,"뉴진스, 한·미·일 강세ing",https://sports.khan.co.kr/news/sk_index.html?art_id=202408210732003&sec_id=540301&pt=nv
2024.8.21,NewJeans,“에스파·뉴진스도 제쳤다” 사람 아닌데 ‘음원 1위’… 女心 뒤흔든...,https://www.seoul.co.kr/news/life/music/2024/08/21/20240821500079?wlog_tag3=naver
2024.8.21,NewJeans,"뉴진스 다니엘, 스태프들도 감탄케 한 카리스마",https://www.newsen.com/news_view.php?uid=202408211528361910
2024.8.21,NewJeans,"평균 나이 18세' 뉴진스, 또 테러 협박 받았다…숙소 특정하며 ""치러 간...",https://tenasia.hankyung.com/article/2024082149474
2024.8.21,aespa,에스파 등장한 국민은행 ‘KB Liiv M’ 광고 화제,https://economist.co.kr/article/view/ecn202408210008
2024.8.21,aespa,"""여기 저기 나도 봤다""…600만 폭발한 '에스파 영상' 뭐길래",https://www.hankyung.com/article/202408216159i
2024.8.21,aespa,"에스파 조력자로 활약했던 나이비스, 9월 정식 데뷔",http://www.tvdaily.co.kr/read.php3?aid=17242015971722463010
2024.8.21,LE SSERAFIM,"르세라핌, 화보도 미쳤다!",https://sports.khan.co.kr/news/sk_index.html?art_id=202408210951003&sec_id=540101&pt=nv
2024.8.21,LE SSERAFIM,"르세라핌, 5인5색 컬러풀 에너지[화보]",https://www.newsis.com/view/NISX20240821_0002857765
2024.8.21,IVE,"틱톡, “티라미수 케익, 올 여름 K팝 1위…아이브·아일릿→YB·걸스데이...",https://www.etnews.com/20240821000303
2024.8.21,Kep1er,"케플러 마시로·예서 합류 메이딘, 정식 데뷔 전 日 팬콘 개최 확정",https://www.starnewskorea.com/stview.php?no=2024082108113111361
2024.8.21,FIFTY FIFTY,피프티 피프티 ‘Starry Night’ 티저모션 공개,https://sports.khan.co.kr/news/sk_index.html?art_id=202408210825013&sec_id=540301&pt=nv
2024.8.21,FIFTY FIFTY,피프티 피프티 “글프티를 아시나요?”,https://sports.donga.com/article/all/20240821/126623169/1
2024.8.21,STAYC,"스테이씨, 오늘 日 네 번째 싱글 발매…타이틀곡 '먀우'",https://www.newsis.com/view/NISX20240821_0002856655
2024.8.21,STAYC,"스테이씨, 오늘(21일) 日 네 번째 싱글 발매",https://www.mk.co.kr/article/11097392
2024.8.22,NewJeans,"코첼라→민희진 사태 겪은 르세라핌, '프로듀서 허윤진'과 만회할까 [엑...",https://www.xportsnews.com/article/1896275
2024.8.23,NewJeans,"민희진, 결국 어도어 前직원에 피소…성희롱 은폐 의혹→개인정보 무단...",https://www.newsen.com/news_view.php?uid=202408230950390410
2024.8.23,IVE,"구글, 사이버 레커 정보 공개 둘러싸고 또 잡음...이중잣대 논란 언제까...",http://www.newsworker.co.kr/news/articleView.html?idxno=345081
2024.8.23,IVE,[총력취재] 정몽규 HDC그룹 회장은 왜 대한축구협회 회장직에 집착할까,http://jmagazine.joins.com/monthly/view/340156
2024.8.23,ITZY,"황금 골반' 있지 유나, 너무 완벽해서 '골반뽕' 논란까지 있었던 전설...",http://www.inews24.com/view/1755765
2024.8.24,IVE,"""잘못 건드렸어""..나나, 장원영⋅BTS 이어 사이버렉카와 전쟁 선포 [Oh!쎈...",http://www.osen.co.kr/article/G1112403311
2024.8.25,NewJeans,"칸예 웨스트, 150분 즉흥 라이브에 뉴진스→CL까지 열광",https://www.newsen.com/news_view.php?uid=202408251114590810
2024.8.25,tripleS,[단독] 일본 유명 아이돌 ‘또 K팝 표절’ 트리플에스 뮤비 유사성 ‘시...,https://sports.khan.co.kr/news/sk_index.html?art_id=202408251134003&sec_id=540301&pt=nv
2024.8.26,NewJeans,[단독] 하이브-민희진 '재판기록 열람 제한 신청' 법원서 기각,https://ilyo.co.kr/?ac=article_view&entry_id=477916
2024.8.26,LE SSERAFIM,"더 없이 중요한 컴백' 르세라핌, 스스로를 구원하라 [MD피플]",https://mydaily.co.kr/page/view/2024082615154814184
2024.8.27,tripleS,"""가상자산 법제화 시급"" vs ""건실한 사례 나오기까지 NO""",http://www.seoulfn.com/news/articleView.html?idxno=530809
2024.8.28,IVE,"라이브 논란 따위 없다, 해외서 난리 난 아이브 무대 실력 [스타@스타일...",http://www.atstar1.com/news/articleView.html?idxno=6016334
2024.8.29,LE SSERAFIM,"르세라핌, 코첼라 논란에 ""흥분해서 페이스 조절 못해""",http://news.tf.co.kr/read/entertain/2129276.htm
2024.8.29,LE SSERAFIM,"‘정면돌파’ 르세라핌, 코첼라 논란 딛고 ‘실력’ 입증할 첫 단계(종...",https://www.mk.co.kr/article/11104903
2024.8.29,LE SSERAFIM,‘코첼라 실력 논란’ 르세라핌 “컴백=성장한 모습 보여줘야하는 첫 단...,https://www.mk.co.kr/article/11104907?refer=portal
2024.8.29,LE SSERAFIM,"르세라핌 홍은채, '조롱 논란' 해명 ""성숙하지 못한 발언, 죄송""",https://www.news1.kr/entertain/music/5525720
2024.8.29,LE SSERAFIM,"“학교 다니시죠? 힘들겠다ㅎ”… 학생 조롱 논란 홍은채, 무겁게 입 열...",https://www.wikitree.co.kr/articles/979230
2024.8.30,NewJeans,민희진 “뉴진스 2개월만 맡아라? 계약서 서명 못 해”,https://www.seoul.co.kr/news/life/pop-culture/2024/08/30/20240830500076?wlog_tag3=naver
2024.8.31,NewJeans,[POP이슈]뉴진스→트와이스도 딥페이크 범죄 피해 '심각'..칼 빼든 소속...,http://biz.heraldcorp.com/view.php?ud=202408311116181335164_1
2024.8.31,LE SSERAFIM,성공 방정식 깨졌나...흔들리는 K-엔터 [스페셜리포트],https://www.mk.co.kr/article/11099918
2024.8.31,NMIXX,"독도는 우리땅' 부른 엔믹스, 日에서 비난 ""그룹에 일본인 없어서…"" [...",https://www.xportsnews.com/article/1899817
2024.9.1,NMIXX,"엔믹스, '독도는 우리땅' 불렀다가…日 누리꾼들 '악플 테러'",https://www.nocutnews.co.kr/news/6204569?utm_source=naver&utm_medium=article&utm_campaign=20240901113139
2024.9.2,NewJeans,"뉴진스·권은비도 당한 '딥페이크', 연예계 비상…JYP·YG ""강경 대응""",http://news.mt.co.kr/mtview.php?no=2024090220391194264
2024.9.2,NewJeans,"어도어 새 대표, 민희진 시절 사내 성희롱 의혹 재조사 예고",https://www.chosun.com/culture-life/culture_general/2024/09/02/DPI3K53KPFDA5DCALTNWWHVJBM/?utm_source=naver&utm_medium=referral&utm_campaign=naver-news
2024.9.2,NewJeans,"[단독] 뉴진스 팬덤, 하이브-디스패치 기자 고발",https://sports.khan.co.kr/article/202409021708013?pt=nv
2024.9.2,LE SSERAFIM,"""사랑받고파"" 르세라핌, 실력 논란 정면 돌파→'6시 내고향' 뜬다…미운...",https://tenasia.hankyung.com/article/2024090209624
2024.9.2,NMIXX,"""독도는 우리땅"" 부른 엔믹스…한·일 누리꾼 '격돌'",http://www.fnnews.com/news/202409012018084636
2024.9.3,NewJeans,"[전문] 어도어 측 ""뉴진스 MV 감독에 삭제 요구 NO…허위사실 유포""",https://mydaily.co.kr/page/view/2024090310501448499
2024.9.3,LE SSERAFIM,"①""답답하다""는 뉴진스 ②팬들은 하이브 고발...민희진 해임 후폭풍 계...",https://www.hankookilbo.com/News/Read/A2024090313190001589?did=NA
2024.9.3,tripleS,"[POP이슈]가요계 뻗친 딥페이크 피해..(여자)아이들→트와이스 측 ""명백...",http://biz.heraldcorp.com/view.php?ud=202409031414247950092_1
2024.9.4,NewJeans,"뉴진스 팬들 뿔났다…""민희진 임기 보장해"" 하이브에 공개서한",https://www.hankyung.com/article/2024090466327
2024.9.4,LE SSERAFIM,"뉴진스 뮤비 감독 ""뭐라는 거냐""…어도어 경영·제작 분리하자마자 터진...",https://www.hankyung.com/article/2024090457117
2024.9.5,STAYC,"뉴진스→르세라핌…일본서 열리는 '2024 뮤직뱅크 글로벌 페스티벌', 라...",http://www.topstarnews.net/news/articleView.html?idxno=15540629
2024.9.6,NMIXX,"엔믹스, '독도는 우리땅' 부르자 日 누리꾼들 거센 비난",https://www.ggilbo.com/news/articleView.html?idxno=1047659
2024.9.7,IVE,"우리 아이브가 달라졌어요, 日도쿄돔 찢고 공연형 아이돌로 우뚝 [뮤직...",https://www.newsen.com/news_view.php?uid=202409070020575710
2024.9.9,NewJeans,"뉴진스 뮤비 감독 ""어도어 뒤로는 회유, 사과문 게시 안 하면…"" [전문]",https://www.hankyung.com/article/2024090957477
2024.9.9,NewJeans,"뉴진스 ""마지막일 수도…민희진 대표님 너무 사랑해요""",https://www.joongang.co.kr/article/25276655
2024.9.9,NewJeans,"뉴진스 ""마지막일수도…민희진 대표님 사랑하고 감사해요"" 공개 지지",https://view.asiae.co.kr/article/2024090918165378757
2024.9.9,NewJeans,"4관왕 뉴진스, 내홍 속 공개지지 “민희진 대표에 감사” (2024 더팩트 뮤...",https://sports.donga.com/article/all/20240909/130006681/1
2024.9.9,NewJeans,"""대표→전 대표로""…'어도어 해임' 민희진, 현대카드 포스터 전면수정",http://news.mt.co.kr/mtview.php?no=2024090917142413792
2024.9.9,IVE,"SNL 코리아 시즌6', 제베원 김지웅 욕설 논란-르세라핌 코첼라 패러디...",http://www.topstarnews.net/news/articleView.html?idxno=15542365
2024.9.9,IVE,"""잘못 건드렸어""…나나→장원영, 사이버렉카와 전쟁 선포한 ★들[초점S...",https://www.spotvnews.co.kr/news/articleView.html?idxno=700175
2024.9.10,LE SSERAFIM,"SNL, 르세라핌 ‘가창력 논란’ 패러디…네티즌 “조롱” “풍자” 와글...",https://www.chosun.com/culture-life/culture_general/2024/09/10/SLGA7L4DT5DIBL7OE73ANGLK5M/?utm_source=naver&utm_medium=referral&utm_campaign=naver-news
2024.9.11,LE SSERAFIM,하이브의 불안한 미래…투자사도 엑시트,https://dealsite.co.kr/articles/128110
2024.9.11,IVE,숏폼의 시대...느리고 진한 종이책의 맛,https://kookbang.dema.mil.kr/newsWeb/20240912/1/ATCE_CTGR_0020010005/view.do
2024.9.11,STAYC,"가수→배우·女→男 안 가린다..연예계, 딥페이크 성범죄와의 전쟁 [Oh!...",http://www.osen.co.kr/article/G1112414089
2024.9.12,NewJeans,"""위약금 3천억 이상""…뉴진스, 민희진 찾아 하이브 떠나나 '경우의 수'[...",https://www.spotvnews.co.kr/news/articleView.html?idxno=703556
2024.9.12,NewJeans,"2주 최후통첩'한 뉴진스, 하이브와 '헤어질 결심' 할까",https://www.yna.co.kr/view/AKR20240912028300005?input=1195m
2024.9.12,LE SSERAFIM,"르세라핌 코첼라→제베원 김지웅 욕설 패러디 'SNL6', 공감과 재미 다 놓...",https://tenasia.hankyung.com/article/2024091001894
2024.9.12,IVE,"""장원영에게 미안해, 안 미안해?"" 탈덕수용소 호통친 유튜버",https://www.newsis.com/view/NISX20240912_0002885994
2024.9.13,ITZY,Girl group ITZY to return next month with 'Gold',https://en.yna.co.kr/view/AEN20240913004000315?input=2106m
2024.9.14,NewJeans,뉴진스·민희진에 흔들 하이브 주가 이달 11% 뚝… 추가 악재는?,https://www.seoul.co.kr/news/economy/2024/09/14/20240914500029?wlog_tag3=naver
2024.9.14,NewJeans,방시혁과 하이브의 운명은...BTS 멤버도 ‘민희진·뉴진스’ 지지?,https://magazine.hankyung.com/business/article/202409149711b
2024.9.14,NMIXX,"아이콘 팬덤, 캣츠아이 팬덤명 '아이콘즈' 변경 요구…""유사성으로 인한...",http://www.topstarnews.net/news/articleView.html?idxno=15544912
2024.9.14,NewJeans,BTS 정국 “아티스트는 죄가 없다”…뉴진스 간접적 지지?,https://economist.co.kr/article/view/ecn202409140011
2024.9.15,tripleS,돌아온 ‘아육대’ 新체육돌 누구?…부상 논란 괜찮을까,http://starin.edaily.co.kr/news/newspath.asp?newsid=01098806639020448
2024.9.16,NewJeans,"“하이브는 이미 민희진에 졌다···방시혁, 뉴진스부터 챙겼어야”",https://sports.khan.co.kr/article/202409161356003?pt=nv
2024.9.16,NMIXX,"아육대' 편파 중계 논란? 전현무 ""엔믹스, 대놓고 '장하다'고"" 폭소[별...",https://www.starnewskorea.com/stview.php?no=2024091618062673949
2024.9.16,STAYC,"[포토] 스테이씨 윤, 카리스마 (아육대 B하인드)",http://enews.imbc.com/News/RetrieveNewsInfo/430204
2024.9.17,tripleS,2년만 돌아온 ‘아육대’ 편파 중계 논란→新 양궁돌 육상돌 스타 탄생...,https://www.newsen.com/news_view.php?uid=202409161934005710
2024.9.17,ITZY,"손가락으로 핥고 훑고…화사, '외설 논란' 침묵하더니 ""대학 축제서 기...",https://tenasia.hankyung.com/article/2024091715684
2024.9.17,STAYC,"스테이씨 시은, 확신의 천년돌..'사람이 아니므니다'",http://www.osen.co.kr/article/G1112418575
2024.9.18,LE SSERAFIM,"민희진 사태' 뉴진스 직접 등판, 결코 쉽지 않은 싸움[★FOCUS]",https://www.starnewskorea.com/stview.php?no=2024091313151572590
2024.9.18,Kep1er,"아육대' 제베원+케플러, 엑디즈+니쥬 꺾고 자존심 지켰다",http://www.tvdaily.co.kr/read.php3?aid=17266490521725906019
2024.9.18,Kep1er,아육대 2024 라인업 3부 '댄스스포츠' 츠키ㆍ하늘ㆍ지원ㆍ나나→'육상'...,http://enter.etoday.co.kr/news/view/265136
2024.9.19,NewJeans,"민희진은 정말 몰랐나, 뉴진스 라이브 방송 미스터리 [이슈&톡]",http://www.tvdaily.co.kr/read.php3?aid=17267071881725929010
2024.9.19,NewJeans,BTS 정국과 뉴진스의 방법론,http://www.celuvmedia.com/article.php?aid=1726709589485182013
2024.9.19,LE SSERAFIM,"르세라핌, 신곡 'CRAZY' 국내 성적 부진 속 '여유 철철' 美 활보",https://tenasia.hankyung.com/article/2024091936354
2024.9.19,tripleS,비저너리 비전' 출격…트리플에스 12人 댄스 유닛,https://www.newsis.com/view/NISX20240919_0002890810
2024.9.19,Kep1er,"‘아육대’ 제베원-투어스-NCT위시, 5세대 체육돌 맹활약",https://www.mk.co.kr/article/11119438
2024.9.19,STAYC,스테이씨 ‘아육대’ 꽉 채웠다,https://sports.khan.co.kr/article/202409191045013?pt=nv
2024.9.20,LE SSERAFIM,"논란 딛고 '5인조 컴백' 피프티 피프티 ""진정성 담았다…새로운 시작""",http://news.mt.co.kr/mtview.php?no=2024092017205158657
2024.9.20,NMIXX,"3만명이 티켓 샀는데... 레알마드리드, 에스파‧엔믹스 출연 K팝 공연 일...",https://www.chosun.com/national/national_general/2024/09/20/GQFASOOPQBEURORQXAG35MR5XI/?utm_source=naver&utm_medium=referral&utm_campaign=naver-news
2024.9.20,ITZY,"[움짤] 있지(ITZY) 예지, '드래곤퓨리' 한 수 위 클래스",http://enews.imbc.com/News/RetrieveNewsInfo/430865
2024.9.20,aespa,"에스파 '슈퍼노바'·'아마겟돈, 글로벌 인기 계속…리믹스 발매",https://www.newsis.com/view/NISX20240920_0002893003
2024.9.20,aespa,에스파 카리나·NCT 재현·엔하이픈 밀라노에 떴다! 프라다 25 SS 패션쇼...,http://www.kdfnews.com/news/articleView.html?idxno=140017
2024.9.20,tripleS,"트리플에스 VV, 개인 콘셉트 첫 주자는 리더 정혜린",http://www.fnnews.com/news/202409200802596237
2024.9.20,Kep1er,강예서·마시로만 안타깝네…케플러 탈퇴했는데 벌어진 일 [엑's 이슈],https://www.xportsnews.com/article/1906791
2024.9.20,FIFTY FIFTY,"피프티 피프티, 새로운 시작",https://www.newsis.com/view/NISI20240920_0020527344
2024.9.20,FIFTY FIFTY,[TD포토] 피프티피프티 'SOS~',http://www.tvdaily.co.kr/read.php3?aid=17268096231726148017
2024.9.21,tripleS,"트리플에스 나경 ""친언니 비비 보며 가수 꿈꿔...부모님 모두 음악 했다...",https://www.tvreport.co.kr/breaking/article/840954/
2024.5.26,NewJeans,"민희진 거취, 뉴진스 색깔…이번주 법원 결정이 분수령",https://www.hani.co.kr/arti/culture/culture_general/1142047.html
2023.3.29,IVE,뉴진스 장기집권 누가 깰까…아이브∙르세라핌∙에스파 컴백,https://www.hani.co.kr/arti/culture/music/1085486.html
2023.11.21,aespa,에스파 카리나의 맥주 '크러시',http://www.fnnews.com/news/202311211849461111
2024.1.28,IVE,여성 아이돌은 혼잣말도 사과해라?…억지 비난이 만든 ‘칼국수 사과문...,https://www.hankookilbo.com/News/Read/A2024012800280005511?did=NA
2023.12.27,IVE,팝송보다 안 들었네...'한류 간판' 남성 아이돌그룹은 왜 대중과 멀어졌...,https://www.hankookilbo.com/News/Read/A2023122713540002979?did=NA
2022.3.30,STAYC,"[엔터테인&]팬덤앱, '커뮤니티에서 4차 산업혁명 롤모델로'",http://www.etnews.com/20220330000001
2024.10.19,NewJeans,"뉴진스 하니, '명품 브랜드' 국감 패션 '화제'",http://www.fnnews.com/news/202410191958155309
2024.10.19,LE SSERAFIM,블핑 리사 4개 부문…MTV 유럽 어워즈 케이팝 스타 대거 후보,https://www.hani.co.kr/arti/culture/culture_general/1161713.html
2022.10.17,NewJeans,"BTS 병역 논란, 입대 발표로 일단락...완전체는 2025년 이후",https://hankookilbo.com/News/Read/A2022101716460001958?did=NA
2022.8.29,NewJeans,"뉴진스 ‘쿠키’, 음악적 도전인가 선정적 도전인가",https://www.hani.co.kr/arti/culture/music/1056620.html
2023.12.29,tripleS,"""소우주이자 주인공, 청소년 가능성·빛의 메시지 전할 것""[2024강원]①",https://view.asiae.co.kr/article/2023122909331231032
2023.10.19,NewJeans,"""오빠, 설마 갤레기 써요?"" 10·20대의 아이폰 사랑 [청춘보고서]",https://view.asiae.co.kr/article/2023101911221900382
2024.6.30,LE SSERAFIM,아이돌도 ‘듣는 맛’… 시원한 가창력이 대세,https://www.kmib.co.kr/article/view.asp?arcid=1717316721&code=13180000&cp=nv
2024.1.15,IVE,[한겨레 프리즘] ‘한국판 그래미’ 논의 시작을,https://www.hani.co.kr/arti/opinion/column/1124292.html
2024.9.19,NewJeans,"[뉴스룸에서] ""뉴진스가 뭘 안다고""",https://www.hankookilbo.com/News/Read/A2024091919070002297?did=NA
2022.12.7,IVE,그 자체가 파워하우스…‘포스트 BTS’ 걸그룹,http://news.heraldcorp.com/view.php?ud=20221207000317
2024.4.29,NewJeans,끄떡없는 뉴진스… 신곡 뮤비 이틀만에 1300만회 돌파,https://www.munhwa.com/news/view.html?no=2024042901072912069002
2024.3.21,NewJeans,"""반도체보다 BTS·뉴진스가 효자네""…지재권 수지 사상 최대 흑자",https://www.dt.co.kr/contents.html?article_no=2024032102100263076001&ref=naver
2024.10.4,NewJeans,"[22대 국회 첫 국감]②정의선·김동관, 기업인 줄줄이 국감 부르기 관행...",https://www.newsis.com/view/NISX20241004_0002909311
2024.10.6,NewJeans,"[미리보는 국감] 환노위, '따돌림 논란' 뉴진스 하니 등판 주목",https://www.news1.kr/politics/assembly/5559667
2024.9.30,NewJeans,"환노위, '따돌림 논란' 뉴진스 하니·하이브 최고인사책임자 국감 참고...",https://www.newsis.com/view/NISX20240930_0002904379
2024.9.30,NewJeans,하이브 ‘뉴진스 무시’ 의혹…국회 국정감사서 들여다본다 [이슈네컷],https://www.busan.com/view/busan/view.php?code=2024093016030065964
2024.9.30,NewJeans,"뉴진스 하니, 국감 나올까... ‘하이브 내 따돌림’ 참고인 채택",https://www.chosun.com/national/national_general/2024/09/30/RV7XTXBIRBEJBGE42XN7P5ZNSU/?utm_source=naver&utm_medium=referral&utm_campaign=naver-news
2024.9.30,NewJeans,뉴진스 하니 “하이브 매니저 나 무시하라고” 폭로→국정감사 참고인...,https://www.newsen.com/news_view.php?uid=202409301603150410
2024.10.2,LE SSERAFIM,"이러려고 대학축제 나갔나…르세라핌, 가창력 논란 정면돌파 '성공적'[...",https://tenasia.hankyung.com/article/2024100210154
2024.9.28,LE SSERAFIM,"해외선 커리어 하이, 국내선 성과 미비' 르세라핌 ‘크레이지’ 활동 ...",https://isplus.com/article/view/isp202409280093
2024.7.4,NewJeans,"‘하이브 콩쥐’ 뉴진스, 도쿄돔 만루홈런",https://www.seoul.co.kr/news/life/pop-culture/2024/07/04/20240704030002?wlog_tag3=naver
2024.9.20,NewJeans,뉴진스는 이미 ‘헤어질 결심’했나,https://www.mk.co.kr/article/11120736
2024.9.28,NewJeans,분노 쏟아낸 민희진 “하이브와 소송비만 23억… 집 팔아야 해”,https://biz.chosun.com/entertainment/enter_general/2024/09/28/UZ5JWOYX5VAENJQP7NFQSJQ6TY/?utm_source=naver&utm_medium=original&utm_campaign=biz
2024.9.23,NewJeans,"민희진 ""뉴진스와 7년 청사진""…팬덤은 하이브 앞 시위(종합)",https://www.newsis.com/view/NISX20240923_0002895548
2024.9.23,NewJeans,최후통첩 D-2…“방시혁 의장 나와라” 난리난 하이브 사옥,https://www.mk.co.kr/article/11122295
2024.9.23,NewJeans,"민희진 ""매년 놀라게 할 자신 있어…7년짜리 큰 그림 있다""",https://www.hankyung.com/article/2024092304917
2024.9.23,NewJeans,‘최후통첩 D-2’ 하이브 신저가…“방시혁 나와 입장 밝혀라” 뉴진스...,https://news.heraldcorp.com/view.php?ud=20240923050139
2024.9.23,NewJeans,뉴진스 최후통첩 이틀 앞두고…하이브 사옥 앞 근조화환,https://www.donga.com/news/Culture/article/all/20240923/130086728/2
2024.9.27,LE SSERAFIM,"‘민희진 갈등’ 안갯속… 뉴진스, 하이브 실적서 지워진다",https://www.kmib.co.kr/article/view.asp?arcid=0020565435&code=61141211&cp=nv
2024.9.28,NewJeans,"[종합] 민희진, 분노의 강연 ""하이브 소송비 23억, 뉴진스도 억울…XX 이...",https://sports.chosun.com/entertainment/2024-09-28/202409280100193630028080
2024.9.24,IVE,"아이브 장원영, 탈덕수용소와 유사한 공항패션에…""멘탈갑""vs""억측""",https://www.asiatoday.co.kr/view.php?key=20240924010012897
2024.9.23,IVE,"블랙리스트 유포자 정씨, 그는 얼굴을 가렸다",https://www.thepublic.kr/news/articleView.html?idxno=235998
2024.9.24,IVE,"원영적 사고' 장원영, 탈덕수용소에는 자비 없다?",https://mydaily.co.kr/page/view/2024092410570265400
2024.9.26,NMIXX,"유회승 패싱 논란에 결국 고개 숙였다…서울드라마어워즈, 하루 만에 공...",https://tenasia.hankyung.com/article/2024092694014
2024.9.26,NMIXX,가수 대기시키다 당일 취소 통보…서울드라마어워즈 논란,https://www.kukinews.com/article/view/kuk202409260053
2024.9.26,NMIXX,일방적 취소 통보 '뮤직뱅크 인 마드리드' 최종 장소 변경 개최,https://news.jtbc.co.kr/article/article.aspx?news_id=NB12216500
2024.9.27,NMIXX,[이슈위클리]박유천 日활동 재개→여자친구 재결합→하이브VS민희진 갈...,http://www.celuvmedia.com/article.php?aid=1727398800485674006
2024.9.24,STAYC,"""대전 0시 축제, 지역특색 부족하고 연예인에만 의존""",https://www.ohmynews.com/NWS_Web/View/at_pg.aspx?CNTN_CD=A0003065532&CMPT_CD=P0010&utm_source=naver&utm_medium=newsearch&utm_campaign=naver_news
2024.9.29,ITZY,"뽕이냐 필러냐, 유나→전종서 ‘황금골반’이 뭐길래 [스타와치]",https://www.newsen.com/news_view.php?uid=202409290858320810
2024.6.19,NewJeans,"토스, 하이브 걸그룹 오디션 공식 투표 채널 된다...엔터사업 콜라보",https://www.etnews.com/20230619000188
2024.9.21,NMIXX,"K팝 보려고 글로벌 팬 3만명 티켓 샀는데…""레알 마드리드, '뮤뱅' 공연...",https://www.sedaily.com/NewsView/2DEDNAUK2Z
2024.9.20,NewJeans,"뉴진스 하니, 인형인 줄 알겠어..성숙+세련美 폭발",http://biz.heraldcorp.com/view.php?ud=202409202125046830297_1
2024.9.21,LE SSERAFIM,르세라핌 ‘CRAZY’ 해외성적도 ‘미쳤다’,https://sports.khan.co.kr/article/202409211122003?pt=nv
2024.9.21,LE SSERAFIM,"르세라핌 '크레이지', 스포티파이 3주 연속 톱 100 유지",https://news.jtbc.co.kr/article/article.aspx?news_id=NB12215623
2024.9.21,IVE,"아이브, 日 '서머 소닉 2024' 비하인드 영상…설렘 가득",https://www.newsis.com/view/NISX20240921_0002893979
2024.9.21,IVE,"아이브, 열도 뒤집어놓은 '서머 소닉 2024' 비하인드",https://news.jtbc.co.kr/article/article.aspx?news_id=NB12215648
2024.9.21,IVE,"[사진]아이브 장원영 출국, '유후'",http://www.osen.co.kr/article/G1112420494
2024.9.21,IVE,"아이브, 아침부터 완벽한 미모 (출국) [뉴스엔TV]",https://www.newsen.com/news_view.php?uid=202409211730283010
2024.9.21,IVE,"[사진]아이브 출국, '매력이 뚝뚝'",http://www.osen.co.kr/article/G1112420481
2024.9.21,IVE,"아이브 장원영, 인형 하트 [포토엔HD]",https://www.newsen.com/news_view.php?uid=202409210820275510
2024.9.21,NMIXX,"윤균상, ‘복면가왕’ 깜짝 등장! 엔믹스 해원-국가대표 김예지 복면가...",http://enews.imbc.com/News/RetrieveNewsInfo/430871
2024.9.21,tripleS,"트리플에스 VV, 첫 주자 리더 정혜린",https://www.cbci.co.kr/news/articleView.html?idxno=474690
2024.9.21,FIFTY FIFTY,"5인조 재편' 피프티 피프티, 다시 한번 빌보드 정조준 [N이슈]",https://www.news1.kr/entertain/music/5546002
2024.6.13,NewJeans,"월 10달러로 만드는 가짜 사진…작업은 AI 몫, 공포는 인간 몫",https://www.hani.co.kr/arti/society/society_general/1095645.html
2024.5.21,FIFTY FIFTY,티빙-웨이브 합병 임박…'넘버원 K OTT' 탄생,https://www.etnews.com/20240521000294
2024.10.20,LE SSERAFIM,"마이비, 부산 교통카드 ‘영구 사업권’ 주장 논란",https://www.busan.com/view/busan/view.php?code=2024102018303911439
2024.10.20,NewJeans,뉴진스 하니 말투와 노벨문학상 한강 작가 묘사한 SNL코리아…인종차별...,https://www.kwnews.co.kr/page/view/2024102017341916210
2024.10.6,ITZY,"[단독] ‘블랙앤핑크’, ‘한니·헤린 신상’…알리·테무 위조상품 1위...",http://www.segye.com/newsView/20241006513888?OutUrl=naver
2024.9.24,tripleS,"""팬이 직접 아이돌 운영에 동참…K팝 이적시장 만드는 게 목표"" [긱스]",https://www.hankyung.com/article/2024092448991
2024.9.25,IVE,춤·외모·의상 상향 평준화…걸그룹 대세는 LIVE,http://www.segye.com/newsView/20240902514483?OutUrl=naver
2024.3.21,Kep1er,“당연한 건 없어” 필연을 깬 SF의 맛[책과 삶],https://www.khan.co.kr/culture/book/article/202403212227005
2024.2.25,NewJeans,위기인가 성장통인가… 기로에 선 K팝,https://www.chosun.com/culture-life/culture_general/2023/02/25/YNR3V5L73BEYLCEVIUCC5D34I4/?utm_source=naver&utm_medium=referral&utm_campaign=naver-news
2022.9.19,NewJeans,"‘스맨파’, 레드카펫 위에서 추는 춤이 덜컹거리는 이유",https://www.khan.co.kr/culture/culture-general/article/202209191113001
2023.8.21,IVE,공연장서 미리 가수 리허설 보는 ‘사운드체크’ 티켓값 논란,https://www.donga.com/news/Culture/article/all/20230821/120782000/1
2022.1.7,ITZY,2022년 최대 키워드는 ‘여성 파워’…1990년대풍 록장르 부활 예고,https://www.donga.com/news/article/all/20220107/111133911/1
2021.5.6,STAYC,“제2 미나리 나오려면 美에 亞제작진 많아져야”,https://www.donga.com/news/article/all/20210506/106781557/1
2019.4.21,ITZY,"버닝썬 사태' 후 판도 바뀐 연예인 주식 부자…박진영, 이수만 넘었다",https://www.hankyung.com/article/2019042171001
2024.10.14,NewJeans,[시선2035] 대중의 자격,https://www.joongang.co.kr/article/25283980
2023.2.19,IVE,"[임진모의 樂카페]지속가능한 K팝, 결국은 '곡'이다",http://www.edaily.co.kr/news/newspath.asp?newsid=01836806635512160
2020.11.26,aespa,"표절일까 레퍼런스일까… 에스파 <블랙맘바> 뮤비 논란, 현직 뮤비 감독...",http://news.khan.co.kr/kh_news/khan_art_view.html?artid=202011261702011&code=960100
2021.5.21,aespa,아바타와 재접속…에스파의 귀환,http://news.mk.co.kr/newsRead.php?no=491701&year=2021
2023.7.20,FIFTY FIFTY,[이지영의 문화난장] 인기 절정 피프티 피프티 분란… K팝의 어두운 그...,https://www.joongang.co.kr/article/25178725
2022.4.1,ITZY,타임 100대 기업 신기한 징크스…'BTS의 방시혁'이 못푼 숙제,https://www.joongang.co.kr/article/25060116
2023.9.14,NewJeans,[차장 칼럼] K팝 막아서는 '7시간 규제' 장벽,https://www.hankyung.com/article/2023091402661
2022.6.21,tripleS,"""블록체인·집단지성으로 팬들이 아이돌 그룹 키우죠""",http://news.mk.co.kr/newsRead.php?no=539408&year=2022
2023.10.26,ITZY,매니저의 HOT종목,https://www.mk.co.kr/article/10859305
2022.11.6,ITZY,"선넘은 카카오… ‘르세라핌’ 깎아내린 이유, 이제 알겠네",https://www.chosun.com/national/weekend/2022/11/05/IWWVMDTLENBEVK5CWY6SRL3Z3E/?utm_source=naver&utm_medium=referral&utm_campaign=naver-news
2022.9.3,IVE,걸그룹이 삼촌들 판타지? 뉴진스는 또래들 ‘워너비’,https://www.joongang.co.kr/article/25099150